# Blender 5.0.1
# www.blender.org
mtllib rbbit_tpose.mtl
o head.005
v 0.001728 2.164192 -0.076647
v 0.001728 2.146193 0.194545
v 0.137342 2.401176 -0.036995
v 0.023870 2.148609 0.187661
v 0.036193 2.164192 -0.076647
v 0.121363 2.416539 -0.013977
v 0.137342 2.401176 -0.014208
v 0.121363 2.416539 -0.014208
v 0.001728 2.150453 0.022300
v 0.137342 2.402900 0.022252
v 0.036193 2.150238 0.023677
v 0.121363 2.416539 0.058597
v 0.001728 2.172894 -0.077136
v 0.041273 2.173546 -0.066802
v 0.075040 2.172243 -0.038568
v 0.085375 2.172243 -0.000000
v 0.075040 2.172243 0.038568
v 0.041273 2.173546 0.066801
v 0.001728 2.172894 0.077136
v -0.037816 2.173546 0.066801
v -0.071583 2.172243 0.038568
v -0.081917 2.172243 -0.000000
v -0.071583 2.172243 -0.038568
v -0.037816 2.173546 -0.066802
v -0.133884 2.401176 -0.036995
v -0.020413 2.148609 0.187661
v -0.032735 2.164192 -0.076647
v -0.117906 2.416539 -0.013977
v -0.133884 2.401176 -0.014208
v -0.117906 2.416539 -0.014208
v -0.133884 2.402900 0.022252
v -0.032735 2.150238 0.023677
v -0.117906 2.416539 0.058597
v 0.108288 2.679400 0.019328
v 0.107641 2.681569 0.054021
v 0.138732 2.203301 -0.077253
v 0.127482 2.196167 -0.077253
v 0.127482 2.197891 0.024630
v 0.138732 2.203301 0.120923
v 0.127482 2.196167 0.120923
v 0.110972 2.186605 0.120923
v 0.038269 2.456367 0.055531
v 0.001728 2.461579 0.061710
v 0.001728 2.461579 -0.014168
v 0.001728 2.186374 0.219232
v 0.001728 2.172926 -0.086054
v 0.138169 2.349447 -0.077253
v 0.142377 2.317120 -0.077253
v 0.138169 2.349447 0.115704
v 0.142377 2.317120 0.115704
v 0.001728 2.345062 0.141716
v 0.001728 2.278177 0.145467
v 0.001728 2.345397 -0.086054
v 0.001728 2.279754 -0.086054
v 0.027915 2.276278 0.141618
v 0.142377 2.318843 0.024630
v 0.126664 2.309792 -0.086054
v 0.109469 2.701433 0.017539
v 0.109631 2.703119 0.052270
v 0.001728 2.441050 0.103200
v 0.001728 2.445514 -0.070422
v 0.036578 2.436100 0.103200
v 0.137342 2.401176 0.053872
v 0.119834 2.403675 -0.070380
v 0.147732 2.252844 -0.077253
v 0.151107 2.226952 -0.077253
v 0.147732 2.252844 0.115704
v 0.151107 2.226952 0.115704
v 0.001728 2.235744 -0.086054
v 0.001728 2.195002 -0.086054
v 0.134259 2.238877 -0.086054
v 0.151107 2.228675 0.024630
v 0.041533 2.217436 0.208854
v 0.001728 2.223679 0.217946
v 0.144100 2.285805 -0.077253
v 0.144100 2.285805 0.115704
v 0.001728 2.256853 0.161063
v 0.001728 2.265754 -0.086054
v 0.120003 2.285726 -0.086054
v 0.144100 2.287529 0.024630
v 0.038377 2.263323 0.138755
v 0.035821 2.192590 0.209370
v 0.138732 2.205025 0.024630
v 0.123121 2.210389 -0.086054
v 0.137756 2.375312 -0.061524
v 0.137756 2.375312 0.115704
v 0.001728 2.386824 0.129678
v 0.001728 2.393224 -0.086054
v 0.119409 2.349447 -0.086054
v 0.138169 2.351171 0.024630
v 0.028478 2.345397 0.142743
v 0.038269 2.456367 -0.013977
v 0.073582 2.168909 -0.077253
v 0.094113 2.433766 0.058597
v 0.083899 2.308678 0.138072
v 0.030299 2.273326 -0.086054
v 0.092280 2.414950 0.111126
v 0.036946 2.440507 -0.070380
v 0.026003 2.203102 -0.086054
v 0.080131 2.211202 0.135313
v 0.037182 2.264803 -0.086054
v 0.078893 2.258373 0.135313
v 0.086702 2.191453 0.135313
v 0.035433 2.175894 -0.086054
v 0.028478 2.345397 -0.086054
v 0.088905 2.347422 0.139196
v 0.052474 2.233656 0.138755
v 0.036128 2.238106 -0.086054
v 0.032528 2.390749 -0.086054
v 0.031985 2.384680 0.129678
v 0.094113 2.433766 -0.013977
v 0.073582 2.168909 0.120923
v 0.082759 2.297215 -0.086054
v 0.092679 2.419042 -0.070380
v 0.080131 2.211202 -0.086054
v 0.079465 2.264120 -0.086054
v 0.086702 2.191453 -0.086054
v 0.088905 2.347422 -0.086054
v 0.110972 2.186605 -0.077253
v 0.126664 2.309792 0.136167
v 0.119409 2.400101 0.111126
v 0.134259 2.238877 0.135313
v 0.120003 2.285726 0.135439
v 0.123121 2.210389 0.135313
v 0.119409 2.349447 0.137544
v 0.119409 2.374774 0.129406
v 0.130209 2.260043 0.135313
v 0.130209 2.260043 -0.086054
v 0.119409 2.374774 -0.086054
v 0.110972 2.188328 0.024630
v 0.077768 2.242663 -0.086054
v 0.077768 2.242663 0.135313
v 0.147732 2.254567 0.024630
v 0.073582 2.170632 0.024630
v 0.090593 2.381186 -0.086054
v 0.128971 2.318128 0.125267
v 0.090593 2.381186 0.129406
v 0.046369 2.473917 0.022524
v 0.046369 2.473917 0.057064
v 0.046369 2.473917 -0.013977
v 0.040969 2.505641 0.026311
v 0.040969 2.505641 0.061065
v 0.040969 2.505641 -0.009975
v 0.034219 2.565354 0.028591
v 0.034219 2.568167 0.063230
v 0.034219 2.562416 -0.007577
v 0.042994 2.639359 0.022581
v 0.042994 2.642172 0.057220
v 0.038606 2.599418 -0.010582
v 0.042994 2.636421 -0.013587
v 0.038606 2.605170 0.060226
v 0.059194 2.681743 0.019138
v 0.059194 2.684557 0.053777
v 0.059194 2.678806 -0.017030
v 0.083493 2.707309 0.017061
v 0.083493 2.710122 0.051701
v 0.083493 2.704371 -0.019106
v 0.135538 2.450288 -0.014208
v 0.101718 2.721190 -0.020472
v 0.101718 2.726941 0.050335
v 0.101538 2.468191 -0.013977
v 0.107613 2.510715 -0.009975
v 0.106263 2.566800 -0.007933
v 0.104576 2.601112 -0.010720
v 0.104103 2.657703 -0.008572
v 0.109300 2.699673 -0.018725
v 0.109638 2.722210 -0.020555
v 0.135538 2.450288 0.058597
v 0.157813 2.507663 0.062598
v 0.163888 2.573670 0.064322
v 0.159163 2.619418 0.060606
v 0.151814 2.647087 0.053722
v 0.148817 2.439651 0.053864
v 0.170417 2.504450 0.057866
v 0.179191 2.575467 0.059428
v 0.172441 2.623233 0.055548
v 0.159973 2.642952 0.053947
v 0.163888 2.567775 -0.008244
v 0.159163 2.613524 -0.011960
v 0.157813 2.507663 -0.010206
v 0.104638 2.665179 0.053461
v 0.151791 2.641568 -0.014229
v 0.148817 2.439651 -0.014208
v 0.170417 2.504450 -0.010206
v 0.179191 2.569956 -0.008421
v 0.172441 2.617722 -0.012301
v 0.159973 2.637441 -0.013902
v 0.170417 2.504450 0.026196
v 0.148817 2.439651 0.022194
v 0.179191 2.572902 0.027862
v 0.172441 2.620669 0.023982
v 0.159973 2.640388 0.022381
v 0.151803 2.644514 0.022050
v 0.110298 2.725986 0.050413
v 0.100378 2.657521 0.023547
v 0.109976 2.724139 0.015694
v 0.101718 2.724128 0.015696
v 0.038606 2.602356 0.025585
v 0.108963 2.677135 -0.016894
v 0.137756 2.377035 0.023441
v 0.083899 2.308678 0.125267
v 0.027915 2.276278 0.125267
v 0.078893 2.258373 0.125267
v 0.038377 2.263323 0.125267
v 0.118846 2.281548 0.125267
v 0.001728 2.234952 0.194372
v 0.099097 2.443474 0.043455
v 0.063225 2.464070 0.041515
v 0.115239 2.443584 0.041306
v 0.057646 2.472405 0.042118
v 0.051740 2.507128 0.046083
v 0.045155 2.568114 0.048267
v 0.049400 2.603902 0.045271
v 0.125463 2.454365 0.043317
v 0.147132 2.510183 0.047327
v 0.152967 2.573606 0.049074
v 0.144977 2.610695 0.045961
v 0.137219 2.618573 0.040660
v 0.104128 2.630295 0.042313
v 0.062540 2.624100 0.047074
v -0.104831 2.679400 0.019328
v -0.104185 2.681569 0.054021
v -0.135275 2.203301 -0.077253
v -0.124025 2.196167 -0.077253
v -0.124025 2.197891 0.024630
v -0.135275 2.203301 0.120923
v -0.124025 2.196167 0.120923
v -0.107514 2.186605 0.120923
v -0.034811 2.456367 0.055531
v -0.134712 2.349447 -0.077253
v -0.138920 2.317120 -0.077253
v -0.134712 2.349447 0.115704
v -0.138920 2.317120 0.115704
v -0.024458 2.276278 0.141618
v -0.138920 2.318843 0.024630
v -0.123207 2.309792 -0.086054
v -0.106012 2.701433 0.017539
v -0.106174 2.703119 0.052270
v -0.033120 2.436100 0.103200
v -0.133884 2.401176 0.053872
v -0.116377 2.403675 -0.070380
v -0.144274 2.252844 -0.077253
v -0.147649 2.226952 -0.077253
v -0.144274 2.252844 0.115704
v -0.147649 2.226952 0.115704
v -0.130802 2.238877 -0.086054
v -0.147649 2.228675 0.024630
v -0.038075 2.217436 0.208854
v -0.140642 2.285805 -0.077253
v -0.140642 2.285805 0.115704
v -0.116546 2.285726 -0.086054
v -0.140642 2.287529 0.024630
v -0.034920 2.263323 0.138755
v -0.032364 2.192590 0.209370
v -0.135275 2.205025 0.024630
v -0.119664 2.210389 -0.086054
v -0.134298 2.375312 -0.061524
v -0.134298 2.375312 0.115704
v -0.115952 2.349447 -0.086054
v -0.134712 2.351171 0.024630
v -0.025020 2.345397 0.142743
v -0.034811 2.456367 -0.013977
v -0.070125 2.168909 -0.077253
v -0.090656 2.433766 0.058597
v -0.080442 2.308678 0.138072
v -0.026842 2.273326 -0.086054
v -0.088823 2.414950 0.111126
v -0.033488 2.440507 -0.070380
v -0.022545 2.203102 -0.086054
v -0.076673 2.211202 0.135313
v -0.033725 2.264803 -0.086054
v -0.075435 2.258373 0.135313
v -0.083245 2.191453 0.135313
v -0.031977 2.175894 -0.086054
v -0.025020 2.345397 -0.086054
v -0.085448 2.347422 0.139196
v -0.049017 2.233656 0.138755
v -0.032670 2.238106 -0.086054
v -0.029070 2.390749 -0.086054
v -0.028528 2.384680 0.129678
v -0.090656 2.433766 -0.013977
v -0.070125 2.168909 0.120923
v -0.079301 2.297215 -0.086054
v -0.089221 2.419042 -0.070380
v -0.076673 2.211202 -0.086054
v -0.076008 2.264120 -0.086054
v -0.083245 2.191453 -0.086054
v -0.085448 2.347422 -0.086054
v -0.107514 2.186605 -0.077253
v -0.123207 2.309792 0.136167
v -0.115952 2.400101 0.111126
v -0.130802 2.238877 0.135313
v -0.116546 2.285726 0.135439
v -0.119664 2.210389 0.135313
v -0.115952 2.349447 0.137544
v -0.115952 2.374774 0.129406
v -0.126751 2.260043 0.135313
v -0.126751 2.260043 -0.086054
v -0.115952 2.374774 -0.086054
v -0.107514 2.188328 0.024630
v -0.074311 2.242663 -0.086054
v -0.074311 2.242663 0.135313
v -0.144274 2.254567 0.024630
v -0.070125 2.170632 0.024630
v -0.087135 2.381186 -0.086054
v -0.125514 2.318128 0.125267
v -0.087135 2.381186 0.129406
v -0.042911 2.473917 0.022524
v -0.042911 2.473917 0.057064
v -0.042911 2.473917 -0.013977
v -0.037511 2.505641 0.026311
v -0.037511 2.505641 0.061065
v -0.037511 2.505641 -0.009975
v -0.030762 2.565354 0.028591
v -0.030762 2.568167 0.063230
v -0.030762 2.562416 -0.007577
v -0.039536 2.639359 0.022581
v -0.039536 2.642172 0.057220
v -0.035149 2.599418 -0.010582
v -0.039536 2.636421 -0.013587
v -0.035149 2.605170 0.060226
v -0.055736 2.681743 0.019138
v -0.055736 2.684557 0.053777
v -0.055736 2.678806 -0.017030
v -0.080036 2.707309 0.017061
v -0.080036 2.710122 0.051701
v -0.080036 2.704371 -0.019106
v -0.132081 2.450288 -0.014208
v -0.098261 2.721190 -0.020472
v -0.098261 2.726941 0.050335
v -0.098081 2.468191 -0.013977
v -0.104155 2.510715 -0.009975
v -0.102806 2.566800 -0.007933
v -0.101118 2.601112 -0.010720
v -0.100645 2.657703 -0.008572
v -0.105843 2.699673 -0.018725
v -0.106181 2.722210 -0.020555
v -0.132081 2.450288 0.058597
v -0.154355 2.507663 0.062598
v -0.160431 2.573670 0.064322
v -0.155705 2.619418 0.060606
v -0.148357 2.647087 0.053722
v -0.145359 2.439651 0.053864
v -0.166959 2.504450 0.057866
v -0.175734 2.575467 0.059428
v -0.168984 2.623233 0.055548
v -0.156516 2.642952 0.053947
v -0.160431 2.567775 -0.008244
v -0.155705 2.613524 -0.011960
v -0.154355 2.507663 -0.010206
v -0.101181 2.665179 0.053461
v -0.148333 2.641568 -0.014229
v -0.145359 2.439651 -0.014208
v -0.166959 2.504450 -0.010206
v -0.175734 2.569956 -0.008421
v -0.168984 2.617722 -0.012301
v -0.156516 2.637441 -0.013902
v -0.166959 2.504450 0.026196
v -0.145359 2.439651 0.022194
v -0.175734 2.572902 0.027862
v -0.168984 2.620669 0.023982
v -0.156516 2.640388 0.022381
v -0.148345 2.644514 0.022050
v -0.106842 2.725986 0.050413
v -0.096921 2.657521 0.023547
v -0.106518 2.724139 0.015694
v -0.098261 2.724128 0.015696
v -0.035149 2.602356 0.025585
v -0.105505 2.677135 -0.016894
v -0.134298 2.377035 0.023441
v -0.080442 2.308678 0.125267
v -0.024458 2.276278 0.125267
v -0.075435 2.258373 0.125267
v -0.034920 2.263323 0.125267
v -0.115389 2.281548 0.125267
v -0.095640 2.443474 0.043455
v -0.059768 2.464070 0.041515
v -0.111781 2.443584 0.041306
v -0.054188 2.472405 0.042118
v -0.048283 2.507128 0.046083
v -0.041698 2.568114 0.048267
v -0.045943 2.603902 0.045271
v -0.122006 2.454365 0.043317
v -0.143674 2.510183 0.047327
v -0.149510 2.573606 0.049074
v -0.141521 2.610695 0.045961
v -0.133762 2.618573 0.040660
v -0.100670 2.630295 0.042313
v -0.059083 2.624100 0.047074
vn 0.0373 -0.9992 -0.0161
vn -0.0000 -0.9905 -0.1377
vn -0.0003 -0.9905 -0.1377
vn -0.0373 -0.9992 -0.0161
vn 0.0003 -0.9905 -0.1377
vn 0.5011 -0.8652 -0.0155
vn 0.1412 0.9900 -0.0000
vn 0.1633 0.8959 0.4131
vn 0.3238 0.4147 0.8504
vn 0.9985 0.0549 0.0001
vn 0.9985 0.0549 0.0010
vn 0.4098 -0.0365 -0.9114
vn 0.0486 0.4459 0.8938
vn 0.9999 0.0162 -0.0000
vn 0.9999 0.0164 -0.0000
vn 0.9999 0.0166 0.0005
vn 0.9999 0.0161 0.0003
vn 0.8003 0.3547 -0.4834
vn 0.3881 -0.1750 -0.9048
vn 0.8856 -0.4643 -0.0085
vn 0.2485 0.0053 0.9686
vn 0.4015 0.0947 -0.9110
vn 0.9940 0.1095 0.0001
vn 0.9940 0.1095 0.0021
vn 0.3170 -0.4920 0.8108
vn 0.5355 -0.8444 -0.0151
vn 0.2683 -0.4461 -0.8538
vn 0.4417 0.0703 -0.8944
vn 0.9916 0.1291 0.0001
vn 0.9916 0.1291 0.0024
vn 0.0538 0.0191 0.9984
vn 0.0680 -0.0243 0.9974
vn -0.0000 -0.0000 -1.0000
vn 0.0295 -0.6764 -0.7359
vn 0.7277 -0.5181 0.4494
vn 0.1022 0.0292 0.9943
vn 0.8554 0.0225 0.5175
vn 0.0337 0.2918 -0.9559
vn 0.0404 0.4624 0.8857
vn 0.1062 -0.9412 -0.3207
vn 0.3109 0.8817 0.3549
vn 0.3752 0.9270 -0.0000
vn 0.1366 0.9527 -0.2716
vn 0.7153 -0.0729 0.6950
vn 0.7100 0.5950 0.3766
vn 0.6429 -0.2164 0.7348
vn 0.6924 0.1619 0.7031
vn 0.3639 -0.6050 0.7082
vn 0.7612 0.1090 0.6392
vn 0.2235 -0.4503 -0.8644
vn 0.1613 0.4145 -0.8956
vn 0.4277 -0.9038 -0.0162
vn 0.5016 0.8372 -0.2179
vn 0.7752 0.1223 0.6197
vn 0.5810 0.6382 0.5052
vn 0.9916 0.1293 0.0001
vn 0.9916 0.1293 0.0024
vn 0.4881 0.0770 -0.8694
vn -0.0000 -0.0000 1.0000
vn 0.0001 -0.0016 1.0000
vn 0.0001 -0.0027 1.0000
vn 0.3554 0.8999 -0.2527
vn 0.4286 -0.9034 0.0087
vn 0.0899 0.3296 -0.9398
vn 0.1077 -0.4967 -0.8612
vn 0.5344 0.8453 -0.0000
vn 0.4856 0.8233 0.2938
vn -0.9638 0.2668 -0.0000
vn 0.1946 0.5121 0.8366
vn 0.0001 -0.0030 1.0000
vn 0.3064 -0.6173 0.7247
vn 0.0498 -0.0304 0.9983
vn -0.9080 0.4191 -0.0000
vn -0.9858 -0.1678 -0.0000
vn -0.9936 -0.1127 0.0046
vn -0.9933 -0.1151 0.0052
vn -0.9933 -0.1153 0.0047
vn -0.9931 0.1170 -0.0095
vn -0.9345 0.3548 -0.0288
vn -0.7260 0.6855 -0.0557
vn 0.9487 -0.3162 -0.0000
vn 0.9902 0.1390 -0.0113
vn 0.9915 -0.1297 0.0057
vn 0.9918 -0.1275 0.0052
vn 0.9915 -0.1300 0.0053
vn 0.8460 0.5314 -0.0432
vn 0.9565 -0.2918 0.0069
vn 0.4519 0.8891 -0.0723
vn 0.4517 0.8892 -0.0723
vn -0.6794 0.7314 -0.0594
vn 0.0561 0.9962 -0.0672
vn 0.2941 0.9394 -0.1764
vn -0.0020 -0.0811 -0.9967
vn -0.0021 -0.0811 -0.9967
vn -0.0031 -0.0814 -0.9967
vn 0.0244 0.0410 0.9989
vn -0.0000 0.0810 0.9967
vn -0.0000 0.0809 0.9967
vn 0.2161 0.2589 0.9414
vn 0.3066 0.1144 0.9449
vn 0.3229 -0.0577 0.9447
vn 0.2639 -0.1571 0.9517
vn -0.0000 -0.0000 -0.0000
vn -0.0004 0.0001 -1.0000
vn 0.0006 0.1072 -0.9942
vn 0.0135 0.0761 -0.9970
vn -0.0048 0.0325 -0.9995
vn -0.0048 0.0368 -0.9993
vn -0.0045 0.0343 -0.9994
vn -0.0052 0.0389 -0.9992
vn 0.0403 -0.0108 -0.9991
vn -0.0676 -0.0077 -0.9977
vn -0.0000 -0.0809 -0.9967
vn -0.0007 -0.0000 -1.0000
vn -0.0078 -0.0003 -1.0000
vn 0.7089 0.6652 0.2345
vn 0.0293 0.0548 -0.9981
vn -0.0052 0.0304 -0.9995
vn -0.0002 -0.0809 -0.9967
vn -0.0004 -0.0809 -0.9967
vn -0.0000 -0.0810 -0.9967
vn 0.9998 -0.0193 -0.0052
vn 0.9998 -0.0192 -0.0060
vn 0.9997 -0.0226 -0.0058
vn 0.9994 -0.0333 0.0088
vn 0.9588 -0.2751 0.0701
vn 0.0830 -0.2135 -0.9734
vn -0.0076 -0.0027 1.0000
vn 0.2378 -0.0844 0.9676
vn 0.5714 0.8082 -0.1427
vn 0.9613 -0.2753 -0.0119
vn 0.9974 -0.0717 0.0109
vn 0.9996 -0.0262 -0.0056
vn 0.2804 0.9596 -0.0236
vn -0.0638 0.9957 -0.0666
vn 0.4522 0.8890 -0.0723
vn 0.9564 -0.2918 -0.0079
vn 0.9921 -0.1250 0.0051
vn -0.9939 -0.1099 0.0045
vn 0.3181 -0.9463 -0.0572
vn 0.9916 0.1293 -0.0022
vn 0.4277 -0.9038 0.0153
vn 0.9916 0.1291 -0.0022
vn 0.5355 -0.8444 0.0143
vn 0.9940 0.1095 -0.0019
vn 0.8860 -0.4636 0.0078
vn 0.9999 0.0161 -0.0003
vn 0.9999 0.0162 -0.0004
vn 0.9985 0.0549 -0.0009
vn 0.5011 -0.8652 0.0146
vn 0.5009 -0.8655 -0.0000
vn 0.1213 0.9926 -0.0000
vn -0.5233 0.8399 -0.1437
vn 0.7780 0.6283 -0.0000
vn 0.9999 0.0160 -0.0000
vn 0.0480 0.2887 0.9562
vn 0.6859 0.1196 0.7178
vn 0.0343 0.2962 0.9545
vn 0.6488 0.2283 -0.7259
vn 0.9999 0.0160 0.0003
vn -0.0078 0.2962 0.9551
vn 0.2786 0.6712 0.6869
vn 0.2873 0.6387 0.7138
vn 0.6324 -0.1247 0.7645
vn 0.8034 0.0657 0.5918
vn 0.8048 0.0660 0.5898
vn 0.8049 0.0661 0.5897
vn 0.8064 0.0664 0.5877
vn 0.8072 -0.0472 0.5884
vn -0.6724 0.3387 0.6581
vn -0.7721 0.2587 0.5804
vn -0.8125 0.0592 0.5799
vn -0.7552 -0.0621 0.6525
vn -0.6716 -0.0317 0.7402
vn -0.1072 -0.3323 0.9371
vn 0.1664 -0.3158 0.9341
vn 0.5682 -0.1571 0.8078
vn 0.5342 0.5569 0.6361
vn 0.2904 0.9085 0.3006
vn 0.1158 0.5739 -0.8107
vn 0.1408 0.6012 -0.7866
vn 0.0903 0.4600 -0.8833
vn 0.0512 0.7479 -0.6618
vn -0.0516 0.6898 -0.7221
vn 0.0045 1.0000 -0.0000
vn -0.1028 0.6406 -0.7610
vn 0.1041 0.6728 -0.7325
vn 0.1561 0.6903 -0.7065
vn -0.0812 0.6014 -0.7948
vn -0.1564 0.5737 -0.8040
vn -0.1034 0.6397 -0.7617
vn -0.5011 -0.8652 -0.0155
vn -0.1412 0.9900 -0.0000
vn -0.1633 0.8959 0.4131
vn -0.3238 0.4147 0.8504
vn -0.9985 0.0549 0.0001
vn -0.9985 0.0549 0.0010
vn -0.4098 -0.0365 -0.9114
vn -0.0486 0.4459 0.8938
vn -0.9999 0.0162 -0.0000
vn -0.9999 0.0161 0.0003
vn -0.9999 0.0166 0.0005
vn -0.9999 0.0164 -0.0000
vn -0.8003 0.3547 -0.4834
vn -0.3881 -0.1750 -0.9048
vn -0.8856 -0.4643 -0.0085
vn -0.2485 0.0053 0.9686
vn -0.4015 0.0947 -0.9110
vn -0.9940 0.1095 0.0001
vn -0.9940 0.1095 0.0021
vn -0.3170 -0.4920 0.8108
vn -0.5355 -0.8444 -0.0151
vn -0.2683 -0.4461 -0.8538
vn -0.4417 0.0703 -0.8944
vn -0.9916 0.1291 0.0001
vn -0.9916 0.1291 0.0024
vn -0.0538 0.0191 0.9984
vn -0.0680 -0.0243 0.9974
vn -0.0295 -0.6764 -0.7359
vn -0.7277 -0.5181 0.4494
vn -0.1022 0.0292 0.9943
vn -0.8554 0.0225 0.5175
vn -0.0337 0.2918 -0.9559
vn -0.0404 0.4624 0.8857
vn -0.1062 -0.9412 -0.3206
vn -0.3109 0.8817 0.3549
vn -0.3752 0.9270 -0.0000
vn -0.1366 0.9527 -0.2716
vn -0.7153 -0.0729 0.6950
vn -0.7100 0.5950 0.3766
vn -0.6429 -0.2164 0.7348
vn -0.6924 0.1619 0.7031
vn -0.3639 -0.6050 0.7082
vn -0.7612 0.1090 0.6392
vn -0.2235 -0.4503 -0.8644
vn -0.1613 0.4145 -0.8956
vn -0.4277 -0.9038 -0.0162
vn -0.5016 0.8372 -0.2179
vn -0.7752 0.1223 0.6197
vn -0.5810 0.6382 0.5052
vn -0.9916 0.1293 0.0001
vn -0.9916 0.1293 0.0024
vn -0.4881 0.0770 -0.8694
vn -0.0001 -0.0027 1.0000
vn -0.0001 -0.0016 1.0000
vn -0.3554 0.8999 -0.2527
vn -0.4286 -0.9034 0.0087
vn -0.0899 0.3296 -0.9398
vn -0.1077 -0.4967 -0.8612
vn -0.5343 0.8453 -0.0000
vn -0.4856 0.8233 0.2938
vn 0.9638 0.2668 -0.0000
vn -0.1946 0.5121 0.8366
vn -0.0001 -0.0030 1.0000
vn -0.3064 -0.6173 0.7247
vn -0.0498 -0.0304 0.9983
vn 0.9080 0.4191 -0.0000
vn 0.9858 -0.1678 -0.0000
vn 0.9936 -0.1127 0.0046
vn 0.9933 -0.1153 0.0047
vn 0.9933 -0.1151 0.0052
vn 0.9931 0.1170 -0.0095
vn 0.9345 0.3548 -0.0288
vn 0.7260 0.6855 -0.0557
vn -0.9487 -0.3162 -0.0000
vn -0.9902 0.1390 -0.0113
vn -0.9915 -0.1297 0.0057
vn -0.9915 -0.1300 0.0053
vn -0.9918 -0.1275 0.0052
vn -0.8460 0.5314 -0.0432
vn -0.9565 -0.2918 0.0069
vn -0.4520 0.8891 -0.0723
vn -0.4517 0.8892 -0.0723
vn 0.6794 0.7314 -0.0594
vn -0.0562 0.9962 -0.0672
vn -0.2941 0.9394 -0.1764
vn 0.0020 -0.0811 -0.9967
vn 0.0031 -0.0814 -0.9967
vn 0.0021 -0.0811 -0.9967
vn -0.0244 0.0410 0.9989
vn -0.2161 0.2589 0.9414
vn -0.3066 0.1144 0.9449
vn -0.3229 -0.0577 0.9447
vn -0.2639 -0.1571 0.9517
vn 0.0004 0.0001 -1.0000
vn -0.0006 0.1072 -0.9942
vn -0.0135 0.0761 -0.9970
vn 0.0048 0.0325 -0.9995
vn 0.0045 0.0344 -0.9994
vn 0.0048 0.0368 -0.9993
vn 0.0052 0.0389 -0.9992
vn -0.0403 -0.0108 -0.9991
vn 0.0676 -0.0077 -0.9977
vn 0.0006 0.0001 -1.0000
vn 0.0078 -0.0003 -1.0000
vn -0.7089 0.6652 0.2345
vn -0.0293 0.0548 -0.9981
vn 0.0052 0.0304 -0.9995
vn 0.0002 -0.0809 -0.9967
vn 0.0004 -0.0809 -0.9967
vn -0.9998 -0.0193 -0.0050
vn -0.9997 -0.0226 -0.0058
vn -0.9998 -0.0191 -0.0060
vn -0.9994 -0.0333 0.0088
vn -0.9588 -0.2751 0.0701
vn -0.0830 -0.2135 -0.9734
vn 0.0076 -0.0027 1.0000
vn -0.2378 -0.0844 0.9676
vn -0.5714 0.8082 -0.1427
vn -0.9613 -0.2753 -0.0119
vn -0.9974 -0.0717 0.0109
vn -0.9996 -0.0262 -0.0056
vn -0.2804 0.9596 -0.0236
vn 0.0638 0.9957 -0.0666
vn -0.4522 0.8890 -0.0723
vn -0.9564 -0.2918 -0.0079
vn -0.9921 -0.1250 0.0051
vn 0.9939 -0.1099 0.0045
vn -0.3181 -0.9463 -0.0572
vn -0.9916 0.1293 -0.0022
vn -0.4277 -0.9038 0.0153
vn -0.9916 0.1291 -0.0022
vn -0.5355 -0.8444 0.0143
vn -0.9940 0.1095 -0.0019
vn -0.8860 -0.4636 0.0078
vn -0.9999 0.0161 -0.0003
vn -0.9999 0.0162 -0.0004
vn -0.9985 0.0549 -0.0009
vn -0.5011 -0.8652 0.0146
vn -0.5009 -0.8655 -0.0000
vn -0.1213 0.9926 -0.0000
vn 0.5233 0.8399 -0.1437
vn -0.7780 0.6283 -0.0000
vn -0.9999 0.0160 -0.0000
vn -0.0480 0.2887 0.9562
vn -0.6858 0.1197 0.7178
vn -0.0343 0.2962 0.9545
vn -0.6487 0.2283 -0.7260
vn -0.9999 0.0160 0.0003
vn 0.0078 0.2962 0.9551
vn -0.2786 0.6712 0.6869
vn -0.2873 0.6387 0.7138
vn -0.6324 -0.1247 0.7645
vn -0.8034 0.0657 0.5918
vn -0.8049 0.0661 0.5897
vn -0.8048 0.0660 0.5898
vn -0.8063 0.0664 0.5877
vn -0.8072 -0.0472 0.5884
vn 0.6724 0.3387 0.6581
vn 0.7721 0.2587 0.5804
vn 0.8125 0.0592 0.5799
vn 0.7552 -0.0621 0.6525
vn 0.6716 -0.0317 0.7402
vn 0.1072 -0.3323 0.9371
vn -0.1664 -0.3158 0.9341
vn -0.5681 -0.1571 0.8078
vn -0.5342 0.5569 0.6361
vn -0.2904 0.9085 0.3006
vt 0.193404 0.595296
vt 0.225080 0.596513
vt 0.213694 0.747296
vt 0.193461 0.753774
vt 0.192817 0.503714
vt 0.224484 0.503656
vt 0.173005 0.747370
vt 0.161746 0.596630
vt 0.161150 0.503773
vt 0.291922 0.595433
vt 0.306624 0.594946
vt 0.306624 0.683512
vt 0.291922 0.683999
vt 0.526491 0.797408
vt 0.526429 0.763511
vt 0.596229 0.763642
vt 0.590431 0.797528
vt 0.633839 0.797537
vt 0.633947 0.765211
vt 0.558973 0.472314
vt 0.570681 0.481941
vt 0.572176 0.506036
vt 0.551600 0.506036
vt 0.366591 0.419164
vt 0.368049 0.390413
vt 0.451661 0.396170
vt 0.450203 0.424921
vt 0.585406 0.339966
vt 0.607548 0.346095
vt 0.614166 0.360554
vt 0.585355 0.362139
vt 0.670950 0.478195
vt 0.719851 0.473970
vt 0.724395 0.506036
vt 0.672918 0.506036
vt 0.369681 0.336951
vt 0.369782 0.313136
vt 0.398759 0.316168
vt 0.454385 0.342763
vt 0.269150 0.334270
vt 0.284878 0.308424
vt 0.315258 0.312005
vt 0.291524 0.334642
vt 0.516093 0.342836
vt 0.542303 0.353084
vt 0.531207 0.368586
vt 0.509448 0.357200
vt 0.362853 0.495052
vt 0.363811 0.473146
vt 0.447423 0.478903
vt 0.451261 0.501048
vt 0.164817 0.824154
vt 0.141490 0.826409
vt 0.141128 0.789425
vt 0.175164 0.793869
vt 0.561777 0.349357
vt 0.555028 0.365481
vt 0.365037 0.449401
vt 0.448649 0.455158
vt 0.204886 0.818296
vt 0.210162 0.798438
vt 0.316611 0.594584
vt 0.316611 0.683150
vt 0.494087 0.331656
vt 0.502884 0.346848
vt 0.644032 0.339420
vt 0.643907 0.356682
vt 0.369579 0.360767
vt 0.453192 0.366524
vt 0.634053 0.481423
vt 0.633811 0.506036
vt 0.600649 0.430427
vt 0.636139 0.425821
vt 0.579912 0.231136
vt 0.640306 0.231136
vt 0.640306 0.255750
vt 0.573998 0.257426
vt 0.473457 0.231136
vt 0.481626 0.231136
vt 0.484356 0.262150
vt 0.473457 0.262849
vt 0.732196 0.242100
vt 0.756069 0.248366
vt 0.776892 0.313841
vt 0.732196 0.307006
vt 0.540230 0.436069
vt 0.554651 0.435034
vt 0.531742 0.459343
vt 0.539420 0.231136
vt 0.567031 0.231136
vt 0.566156 0.263759
vt 0.541594 0.262789
vt 0.773351 0.243049
vt 0.798626 0.306495
vt 0.501937 0.231136
vt 0.509389 0.253472
vt 0.684308 0.231136
vt 0.732196 0.231136
vt 0.727589 0.263541
vt 0.682031 0.259476
vt 0.667761 0.424268
vt 0.699928 0.422715
vt 0.890776 0.182959
vt 0.890200 0.143677
vt 0.901959 0.144078
vt 0.901134 0.185024
vt 0.640669 0.850187
vt 0.592758 0.850405
vt 0.525998 0.850280
vt 0.474332 0.764585
vt 0.474261 0.797253
vt 0.470293 0.404062
vt 0.468587 0.426236
vt 0.451510 0.320032
vt 0.467145 0.344142
vt 0.505026 0.379973
vt 0.527071 0.368586
vt 0.536756 0.384089
vt 0.510606 0.394337
vt 0.550837 0.371692
vt 0.581092 0.375034
vt 0.579751 0.397206
vt 0.556185 0.387816
vt 0.498478 0.390325
vt 0.489701 0.405517
vt 0.473457 0.367788
vt 0.595976 0.305696
vt 0.642169 0.311352
vt 0.477805 0.297252
vt 0.498672 0.309325
vt 0.545786 0.301104
vt 0.565527 0.302665
vt 0.516841 0.303278
vt 0.673233 0.312905
vt 0.707840 0.314824
vt 0.693702 0.339811
vt 0.667333 0.339420
vt 0.258434 0.596346
vt 0.258434 0.684912
vt 0.473793 0.849941
vt 0.525623 0.876531
vt 0.473457 0.875969
vt 0.467183 0.449687
vt 0.466167 0.469080
vt 0.064843 0.897730
vt 0.065529 0.893269
vt 0.068499 0.870731
vt 0.132629 0.861999
vt 0.511353 0.433895
vt 0.592382 0.876657
vt 0.640345 0.876154
vt 0.714224 0.673143
vt 0.713555 0.651089
vt 0.723584 0.643486
vt 0.723584 0.677005
vt 0.661875 0.397753
vt 0.686298 0.397753
vt 0.493226 0.427848
vt 0.473458 0.439920
vt 0.601794 0.391077
vt 0.638104 0.397753
vt 0.649613 0.876358
vt 0.647815 0.860351
vt 0.679589 0.859768
vt 0.713167 0.859152
vt 0.713555 0.875185
vt 0.675623 0.830575
vt 0.709004 0.829962
vt 0.672583 0.775592
vt 0.705904 0.777684
vt 0.674669 0.741564
vt 0.676755 0.707534
vt 0.710077 0.709626
vt 0.707991 0.743655
vt 0.679023 0.668709
vt 0.712345 0.670801
vt 0.680233 0.645490
vt 0.713555 0.647581
vt 0.377730 0.219538
vt 0.371299 0.279202
vt 0.337847 0.277534
vt 0.344278 0.217870
vt 0.381019 0.112614
vt 0.382317 0.156590
vt 0.348839 0.157635
vt 0.347542 0.113659
vt 0.380584 0.094596
vt 0.347107 0.095641
vt 0.336198 0.313049
vt 0.266074 0.854608
vt 0.266250 0.888049
vt 0.258444 0.888265
vt 0.258278 0.854828
vt 0.443112 0.843576
vt 0.458605 0.844358
vt 0.458988 0.877691
vt 0.443495 0.876909
vt 0.466179 0.844306
vt 0.458239 0.812434
vt 0.466179 0.812328
vt 0.210161 0.853202
vt 0.213542 0.825515
vt 0.258134 0.825637
vt 0.842300 0.797369
vt 0.789751 0.804502
vt 0.784492 0.773296
vt 0.833026 0.756030
vt 0.845843 0.412085
vt 0.856054 0.452691
vt 0.802231 0.424821
vt 0.801248 0.409592
vt 0.826408 0.386024
vt 0.801765 0.389622
vt 0.811577 0.368637
vt 0.803632 0.368586
vt 0.735738 0.455868
vt 0.749268 0.439137
vt 0.757171 0.436235
vt 0.747423 0.461102
vt 0.724395 0.498928
vt 0.738149 0.502531
vt 0.724774 0.564512
vt 0.736601 0.563246
vt 0.750805 0.617696
vt 0.737561 0.625657
vt 0.836061 0.952373
vt 0.819799 0.940066
vt 0.829099 0.907697
vt 0.842384 0.915979
vt 0.736702 0.867417
vt 0.797050 0.855570
vt 0.796094 0.895023
vt 0.745063 0.895762
vt 0.843251 0.852922
vt 0.724395 0.816309
vt 0.724395 0.781985
vt 0.724395 0.747660
vt 0.777939 0.721673
vt 0.823252 0.731174
vt 0.754039 0.681117
vt 0.768870 0.663758
vt 0.775997 0.661968
vt 0.778130 0.682622
vt 0.793035 0.927279
vt 0.819799 0.940069
vt 0.739561 0.912673
vt 0.587700 0.892426
vt 0.855115 0.854494
vt 0.856048 0.793719
vt 0.844705 0.750753
vt 0.831175 0.734064
vt 0.401417 0.826422
vt 0.400333 0.859807
vt 0.379524 0.859807
vt 0.380450 0.826423
vt 0.421772 0.826413
vt 0.421142 0.859807
vt 0.780264 0.703276
vt 0.734605 0.707134
vt 0.442263 0.824098
vt 0.439650 0.853577
vt 0.746749 0.561127
vt 0.748235 0.502796
vt 0.759556 0.469651
vt 0.767534 0.462969
vt 0.799023 0.455963
vt 0.836322 0.466405
vt 0.846167 0.486121
vt 0.846167 0.519394
vt 0.833597 0.574135
vt 0.824489 0.604895
vt 0.818497 0.611852
vt 0.783484 0.626876
vt 0.768762 0.624895
vt 0.760566 0.614092
vt 0.760121 0.649992
vt 0.743901 0.661968
vt 0.525410 0.876531
vt 0.525075 0.892308
vt 0.504114 0.892268
vt 0.422376 0.794430
vt 0.437407 0.796136
vt 0.402455 0.794447
vt 0.381338 0.794450
vt 0.640669 0.773589
vt 0.642755 0.739560
vt 0.213530 0.882741
vt 0.466179 0.877695
vt 0.442745 0.811652
vt 0.265921 0.825515
vt 0.400401 0.280653
vt 0.409709 0.093687
vt 0.410144 0.111704
vt 0.411442 0.155680
vt 0.406832 0.220989
vt 0.647109 0.666705
vt 0.648319 0.643486
vt 0.644841 0.705531
vt 0.643652 0.831162
vt 0.258608 0.502810
vt 0.270108 0.470061
vt 0.271334 0.446316
vt 0.292096 0.501897
vt 0.274346 0.387328
vt 0.275877 0.357682
vt 0.306798 0.501410
vt 0.316785 0.501048
vt 0.272888 0.416079
vt 0.269150 0.491967
vt 0.276591 0.821103
vt 0.314278 0.794028
vt 0.314278 0.853510
vt 0.299166 0.851118
vt 0.276633 0.778630
vt 0.301054 0.753774
vt 0.886943 0.093687
vt 0.901959 0.094198
vt 0.880855 0.578250
vt 0.878894 0.615860
vt 0.869658 0.616165
vt 0.868454 0.578660
vt 0.880855 0.651526
vt 0.871385 0.651083
vt 0.732196 0.313841
vt 0.743975 0.316594
vt 0.743975 0.329005
vt 0.732196 0.328886
vt 0.639509 0.380491
vt 0.663250 0.380871
vt 0.667482 0.356302
vt 0.840366 0.622464
vt 0.786878 0.637231
vt 0.834844 0.605690
vt 0.869436 0.215962
vt 0.872360 0.184013
vt 0.886298 0.185179
vt 0.883277 0.214378
vt 0.873054 0.127957
vt 0.886943 0.127709
vt 0.869436 0.095053
vt 0.883286 0.093687
vt 0.463191 0.601601
vt 0.466179 0.652728
vt 0.451939 0.656350
vt 0.448978 0.603800
vt 0.462594 0.543306
vt 0.448444 0.543131
vt 0.466179 0.509136
vt 0.452693 0.501049
vt 0.856054 0.487086
vt 0.529356 0.506036
vt 0.119688 0.824186
vt 0.141128 0.825049
vt 0.749383 0.223854
vt 0.732196 0.187166
vt 0.732196 0.149694
vt 0.869385 0.186008
vt 0.851005 0.218615
vt 0.817977 0.242010
vt 0.781271 0.242100
vt 0.852147 0.111933
vt 0.869436 0.148451
vt 0.750628 0.117002
vt 0.783553 0.093776
vt 0.820258 0.093687
vt 0.091169 0.595801
vt 0.091169 0.684367
vt 0.075529 0.683936
vt 0.075529 0.595370
vt 0.526491 0.730375
vt 0.590431 0.730495
vt 0.633839 0.733607
vt 0.558973 0.539758
vt 0.570681 0.530132
vt 0.171710 0.419164
vt 0.088097 0.424921
vt 0.086639 0.396170
vt 0.170251 0.390413
vt 0.585406 0.122307
vt 0.585355 0.100134
vt 0.614166 0.101719
vt 0.607548 0.116178
vt 0.670950 0.533877
vt 0.719851 0.538102
vt 0.168620 0.336951
vt 0.083915 0.342763
vt 0.139541 0.316168
vt 0.168518 0.313136
vt 0.246776 0.334642
vt 0.223042 0.312005
vt 0.253423 0.308424
vt 0.516093 0.119437
vt 0.509447 0.105073
vt 0.531207 0.093687
vt 0.542303 0.109189
vt 0.175447 0.495052
vt 0.087039 0.501048
vt 0.090877 0.478903
vt 0.174489 0.473146
vt 0.172939 0.761942
vt 0.150973 0.753774
vt 0.561777 0.112916
vt 0.555028 0.096792
vt 0.173263 0.449401
vt 0.089651 0.455158
vt 0.210162 0.777892
vt 0.064843 0.683612
vt 0.064843 0.595046
vt 0.494087 0.130617
vt 0.502884 0.115425
vt 0.643907 0.105591
vt 0.644032 0.122853
vt 0.085109 0.366524
vt 0.168721 0.360767
vt 0.634053 0.530649
vt 0.600649 0.581645
vt 0.636139 0.586252
vt 0.573998 0.204847
vt 0.640306 0.206524
vt 0.473457 0.199425
vt 0.484356 0.200123
vt 0.276591 0.753774
vt 0.276591 0.818681
vt 0.231896 0.825515
vt 0.252718 0.760040
vt 0.540231 0.576004
vt 0.531742 0.552730
vt 0.554651 0.577039
vt 0.541594 0.199485
vt 0.566156 0.198514
vt 0.210161 0.818169
vt 0.235437 0.754723
vt 0.509389 0.208801
vt 0.682031 0.202797
vt 0.727589 0.198732
vt 0.667761 0.587805
vt 0.699928 0.589357
vt 0.198454 0.829214
vt 0.208794 0.826409
vt 0.209570 0.868280
vt 0.197808 0.868593
vt 0.640669 0.684070
vt 0.592758 0.680926
vt 0.525998 0.680800
vt 0.474261 0.732648
vt 0.069713 0.426236
vt 0.068008 0.404062
vt 0.071156 0.344142
vt 0.086790 0.320032
vt 0.505026 0.632099
vt 0.510606 0.617735
vt 0.536756 0.627983
vt 0.527071 0.643486
vt 0.550837 0.640381
vt 0.556185 0.624257
vt 0.579751 0.614866
vt 0.581092 0.637039
vt 0.498478 0.621748
vt 0.489701 0.606556
vt 0.064843 0.367788
vt 0.595976 0.156577
vt 0.642169 0.150921
vt 0.477805 0.165021
vt 0.498672 0.152948
vt 0.545786 0.161169
vt 0.565527 0.159608
vt 0.516841 0.158995
vt 0.673233 0.149368
vt 0.667333 0.122853
vt 0.693702 0.122462
vt 0.707840 0.147449
vt 0.126391 0.596588
vt 0.126391 0.685154
vt 0.473793 0.683092
vt 0.473457 0.659305
vt 0.525623 0.657062
vt 0.072133 0.469080
vt 0.071117 0.449687
vt 0.064843 0.753902
vt 0.132629 0.788978
vt 0.068499 0.777638
vt 0.065529 0.753774
vt 0.511353 0.578178
vt 0.592382 0.657187
vt 0.640345 0.660270
vt 0.722914 0.706662
vt 0.713555 0.710524
vt 0.713555 0.677005
vt 0.723583 0.684608
vt 0.661875 0.614319
vt 0.686298 0.614319
vt 0.493226 0.584224
vt 0.473458 0.572152
vt 0.601794 0.620995
vt 0.638104 0.614319
vt 0.920002 0.578250
vt 0.856054 0.577456
vt 0.856346 0.561421
vt 0.889928 0.561838
vt 0.921704 0.562233
vt 0.860336 0.532207
vt 0.893720 0.532622
vt 0.863127 0.479911
vt 0.896436 0.477622
vt 0.894148 0.443606
vt 0.860839 0.445895
vt 0.858552 0.411879
vt 0.891860 0.409590
vt 0.856054 0.373068
vt 0.889362 0.370779
vt 0.886014 0.274026
vt 0.885778 0.307360
vt 0.861607 0.308432
vt 0.861842 0.275098
vt 0.160570 0.219538
vt 0.194022 0.217870
vt 0.200453 0.277534
vt 0.167001 0.279202
vt 0.157281 0.112614
vt 0.190759 0.113659
vt 0.189461 0.157635
vt 0.155984 0.156590
vt 0.157716 0.094596
vt 0.191193 0.095641
vt 0.202102 0.313049
vt 0.141128 0.855502
vt 0.148320 0.855749
vt 0.148331 0.889187
vt 0.141128 0.888943
vt 0.843652 0.309113
vt 0.843887 0.275779
vt 0.836313 0.275692
vt 0.836313 0.243712
vt 0.844113 0.243854
vt 0.148310 0.826558
vt 0.190262 0.826595
vt 0.194550 0.854298
vt 0.869795 0.797369
vt 0.879069 0.756030
vt 0.927604 0.773296
vt 0.922344 0.804502
vt 0.326996 0.544548
vt 0.371591 0.542054
vt 0.370608 0.557283
vt 0.316785 0.585153
vt 0.346431 0.518486
vt 0.371074 0.522084
vt 0.361262 0.501099
vt 0.369206 0.501048
vt 0.437100 0.588330
vt 0.425416 0.593564
vt 0.415668 0.568697
vt 0.423571 0.571599
vt 0.448444 0.631390
vt 0.434690 0.634994
vt 0.448065 0.696974
vt 0.436237 0.695709
vt 0.422034 0.750158
vt 0.435278 0.758119
vt 0.876034 0.952373
vt 0.869712 0.915979
vt 0.882997 0.907697
vt 0.892297 0.940066
vt 0.975393 0.867417
vt 0.967033 0.895762
vt 0.916001 0.895023
vt 0.915045 0.855570
vt 0.868845 0.852922
vt 0.987701 0.816309
vt 0.987701 0.781984
vt 0.934156 0.721672
vt 0.987701 0.747660
vt 0.888844 0.731174
vt 0.958056 0.681117
vt 0.933965 0.682622
vt 0.936099 0.661968
vt 0.943225 0.663758
vt 0.919061 0.927279
vt 0.892297 0.940069
vt 0.972535 0.912673
vt 0.134325 0.302492
vt 0.856980 0.854494
vt 0.867391 0.750753
vt 0.880920 0.734064
vt 0.357631 0.826422
vt 0.378598 0.826423
vt 0.358715 0.859807
vt 0.337276 0.826413
vt 0.337906 0.859807
vt 0.977490 0.707134
vt 0.931832 0.703276
vt 0.319398 0.853576
vt 0.316785 0.824098
vt 0.426090 0.693589
vt 0.412273 0.746554
vt 0.404076 0.757358
vt 0.389354 0.759338
vt 0.354341 0.744314
vt 0.348349 0.737357
vt 0.339242 0.706597
vt 0.326671 0.651856
vt 0.326672 0.618583
vt 0.336517 0.598867
vt 0.373815 0.588426
vt 0.405305 0.595431
vt 0.413283 0.602113
vt 0.424603 0.635258
vt 0.428938 0.794430
vt 0.412717 0.782454
vt 0.504114 0.643486
vt 0.525075 0.643526
vt 0.525410 0.657061
vt 0.336672 0.794430
vt 0.321641 0.796136
vt 0.356593 0.794447
vt 0.377710 0.794450
vt 0.928337 0.475429
vt 0.926049 0.441414
vt 0.190931 0.883824
vt 0.836313 0.309082
vt 0.862068 0.243172
vt 0.141128 0.826409
vt 0.137899 0.280653
vt 0.128591 0.093687
vt 0.128157 0.111704
vt 0.126859 0.155680
vt 0.131468 0.220989
vt 0.886239 0.242100
vt 0.923762 0.407398
vt 0.921264 0.368586
vt 0.925694 0.533019
vt 0.126565 0.503052
vt 0.268192 0.470061
vt 0.266966 0.446316
vt 0.091342 0.502265
vt 0.263954 0.387328
vt 0.262424 0.357682
vt 0.075703 0.501834
vt 0.065017 0.501510
vt 0.265412 0.416079
vt 0.836313 0.309430
vt 0.813738 0.339444
vt 0.798626 0.341836
vt 0.798626 0.282354
vt 0.836271 0.266956
vt 0.811850 0.242100
vt 0.209570 0.921329
vt 0.194550 0.921729
vt 0.868454 0.654804
vt 0.856054 0.654365
vt 0.857177 0.617580
vt 0.866413 0.617907
vt 0.858965 0.579281
vt 0.868454 0.578250
vt 0.743975 0.344049
vt 0.732196 0.344168
vt 0.732196 0.331757
vt 0.639509 0.631582
vt 0.663250 0.631201
vt 0.667482 0.105972
vt 0.385961 0.769693
vt 0.332472 0.754926
vt 0.337995 0.738152
vt 0.903746 0.364376
vt 0.889904 0.362792
vt 0.886884 0.333592
vt 0.900822 0.332426
vt 0.886239 0.276123
vt 0.900127 0.276371
vt 0.889896 0.242100
vt 0.903746 0.243466
vt 0.451432 0.756902
vt 0.465645 0.759101
vt 0.462684 0.811652
vt 0.448444 0.808029
vt 0.452028 0.698608
vt 0.466179 0.698433
vt 0.448444 0.664437
vt 0.461930 0.656350
vt 0.316785 0.619548
s 1
usemtl Material.002
f 9/1/1 11/2/1 4/3/1 2/4/1
f 1/5/2 5/6/3 11/2/3 9/1/2
f 9/1/4 2/4/4 26/7/4 32/8/4
f 1/5/2 9/1/2 32/8/5 27/9/5
f 130/10/6 38/11/6 40/12/6 41/13/6
f 92/14/7 44/15/7 43/16/7 42/17/7
f 62/18/8 42/17/8 43/16/8 60/19/8
f 81/20/9 55/21/9 52/22/9 77/23/9
f 80/24/10 56/25/10 50/26/11 76/27/11
f 79/28/12 57/29/12 48/30/12 75/31/12
f 110/32/13 62/33/13 60/34/13 87/35/13
f 200/36/14 10/37/15 63/38/16 86/39/17
f 129/40/18 64/41/18 3/42/18 85/43/18
f 84/44/19 71/45/19 66/46/19 36/47/19
f 83/48/20 72/49/20 68/50/20 39/51/20
f 82/52/21 73/53/21 74/54/21 45/55/21
f 128/56/22 79/28/22 75/31/22 65/57/22
f 133/58/23 80/24/23 76/27/24 67/59/24
f 4/60/25 82/52/25 45/55/25 2/61/25
f 38/11/26 83/62/26 39/63/26 40/12/26
f 119/64/27 84/44/27 36/47/27 37/65/27
f 57/29/28 89/66/28 47/67/28 48/30/28
f 56/25/29 90/68/29 49/69/30 50/26/30
f 55/21/31 91/70/31 51/71/31 52/22/31
f 95/72/32 106/73/32 91/70/32 55/21/32
f 54/74/33 53/75/33 105/76/33 96/77/33
f 1/78/34 46/79/34 104/80/34 5/81/34
f 112/82/35 103/83/35 82/84/35 4/85/35
f 132/86/36 102/87/36 81/20/36 107/88/36
f 69/89/33 78/90/33 101/91/33 108/92/33
f 103/83/37 100/93/37 73/94/37 82/84/37
f 46/79/33 70/95/33 99/96/33 104/80/33
f 88/97/38 61/98/38 98/99/38 109/100/38
f 137/101/39 97/102/39 62/33/39 110/32/39
f 78/90/33 54/74/33 96/77/33 101/91/33
f 120/103/40 95/104/40 201/105/40 136/106/40
f 97/107/41 94/108/41 42/17/41 62/18/41
f 111/109/42 92/14/42 42/17/42 94/108/42
f 61/110/43 44/15/43 92/14/43 98/111/43
f 76/27/44 50/26/44 120/112/44 123/113/44
f 86/39/45 63/38/45 121/114/45 126/115/45
f 39/116/46 68/117/46 122/118/46 124/119/46
f 67/120/47 76/121/47 123/122/47 127/123/47
f 40/124/48 39/116/48 124/119/48 41/125/48
f 50/26/49 49/69/49 125/126/49 120/112/49
f 113/127/33 118/128/33 89/66/33 57/29/33
f 93/129/50 117/130/50 84/44/50 119/64/50
f 131/131/33 116/132/33 79/28/33 128/56/33
f 117/130/33 115/133/33 71/45/33 84/44/33
f 135/134/51 114/135/51 64/136/51 129/137/51
f 116/132/33 113/127/33 57/29/33 79/28/33
f 134/138/52 130/10/52 41/13/52 112/139/52
f 114/140/53 111/109/53 6/141/53 64/142/53
f 115/133/33 131/131/33 128/56/33 71/45/33
f 68/50/54 67/59/54 127/143/54 122/144/54
f 70/95/33 69/89/33 108/92/33 99/96/33
f 100/145/55 132/146/55 107/147/55 73/148/55
f 72/49/56 133/58/56 67/59/57 68/50/57
f 71/45/58 128/56/58 65/57/58 66/46/58
f 122/118/59 127/123/60 132/86/61 100/149/59
f 99/96/33 108/92/33 131/131/33 115/133/33
f 98/111/62 92/14/62 111/109/62 114/140/62
f 11/2/63 134/138/63 112/139/63 4/3/63
f 101/91/33 96/77/33 113/127/33 116/132/33
f 109/100/64 98/99/64 114/135/64 135/134/64
f 104/80/33 99/96/33 115/133/33 117/130/33
f 108/92/33 101/91/33 116/132/33 131/131/33
f 5/81/65 104/80/65 117/130/65 93/129/65
f 96/77/33 105/76/33 118/128/33 113/127/33
f 6/141/66 111/109/66 94/108/66 12/150/66
f 121/151/67 12/150/67 94/108/67 97/107/67
f 123/152/68 120/153/68 136/154/68 205/155/68
f 126/156/69 121/157/69 97/102/69 137/101/69
f 124/119/59 122/118/59 100/149/59 103/158/59
f 127/123/60 123/122/70 102/87/70 132/86/61
f 41/125/71 124/119/71 103/158/71 112/159/71
f 120/160/72 125/161/72 106/73/72 95/72/72
f 42/162/73 139/163/73 138/164/73 140/165/73 92/166/73
f 138/164/74 141/167/74 143/168/74 140/165/74
f 141/167/75 144/169/76 146/170/77 143/168/77
f 198/171/78 147/172/78 150/173/78 149/174/78
f 147/172/79 152/175/79 154/176/79 150/173/79
f 152/175/80 155/177/80 157/178/80 154/176/80
f 188/179/81 189/180/81 183/181/81 184/182/81
f 191/183/82 190/184/82 185/185/82 186/186/82
f 190/184/83 188/179/84 184/182/85 185/185/85
f 192/187/86 191/183/86 186/186/86 187/188/86
f 189/180/87 10/37/87 7/189/87 183/181/87
f 192/190/88 187/191/89 182/192/89 193/193/88
f 155/194/90 197/195/90 159/196/90 157/197/90
f 196/198/91 197/195/91 160/199/91 194/200/91
f 193/193/92 195/201/92 181/202/92 172/203/92
f 178/204/93 163/205/94 164/206/94 179/207/95
f 153/208/96 148/209/96 181/210/96 35/211/96
f 156/212/97 153/208/98 35/211/98 59/213/97
f 160/214/97 156/212/97 59/213/97 194/215/97
f 176/216/99 177/217/99 172/218/99 171/219/99
f 175/220/100 176/216/100 171/219/100 170/221/100
f 174/222/101 175/220/101 170/221/101 169/223/101
f 168/224/102 173/225/102 174/222/102 169/223/102
f 7/226/33 8/227/103 158/228/104 183/229/33
f 143/230/105 162/231/105 161/232/105 140/233/105
f 162/231/106 180/234/106 158/228/106 161/232/106
f 180/234/107 162/231/108 163/205/108 178/204/109
f 163/205/108 162/231/108 143/230/110 146/235/110
f 149/236/111 150/237/111 165/238/111 164/206/111
f 179/207/112 164/206/112 165/238/112 182/239/112
f 157/240/113 159/241/113 167/242/113 166/243/113
f 111/244/114 161/232/115 158/228/104 8/227/103 6/245/103
f 140/233/33 161/232/115 111/244/114 92/246/33
f 12/150/116 121/151/116 63/247/116
f 183/229/117 158/228/117 180/234/117 184/248/117
f 184/248/118 180/234/107 178/204/109 185/249/118
f 185/249/113 178/204/93 179/207/95 186/250/119
f 186/250/119 179/207/95 182/239/120 187/251/120
f 146/235/121 149/236/121 164/206/94 163/205/94
f 144/169/78 198/171/78 149/174/78 146/170/78
f 58/252/122 166/253/123 167/254/123 196/255/124
f 34/256/125 199/257/125 166/253/125 58/252/125
f 166/243/113 199/258/113 154/259/113 157/240/113
f 34/256/126 195/260/126 165/261/126 199/257/126
f 199/258/127 165/238/127 150/237/127 154/259/127
f 215/262/128 216/263/128 217/264/128 218/265/128 219/266/128 220/267/128 213/268/128 212/269/128 211/270/128 210/271/128 208/272/128 207/273/128 209/274/128 214/275/128
f 168/224/129 12/276/129 63/277/129 173/225/129
f 64/142/130 6/141/130 8/278/130 7/279/130 3/280/130
f 35/281/131 181/282/131 195/260/131 34/256/131
f 35/281/132 34/256/132 58/252/132 59/283/132
f 59/283/133 58/252/122 196/255/124 194/284/133
f 145/285/78 151/286/78 198/171/78 144/169/78
f 182/192/134 165/287/134 195/201/134 193/193/134
f 167/288/135 159/196/135 197/195/135 196/198/135
f 156/289/90 160/199/90 197/195/90 155/194/90
f 177/290/136 192/190/88 193/193/88 172/203/136
f 173/291/137 63/38/137 10/37/137 189/180/137
f 177/292/86 176/293/86 191/183/86 192/187/86
f 175/294/138 174/295/138 188/179/84 190/184/83
f 176/293/82 175/294/82 190/184/82 191/183/82
f 174/295/81 173/291/81 189/180/81 188/179/81
f 153/296/80 156/297/80 155/177/80 152/175/80
f 148/298/79 153/296/79 152/175/79 147/172/79
f 151/286/78 148/298/78 147/172/78 198/171/78
f 142/299/139 145/285/139 144/169/76 141/167/75
f 139/163/74 142/299/74 141/167/74 138/164/74
f 5/6/140 93/300/140 134/138/140 11/2/140
f 66/301/141 65/302/141 133/58/56 72/49/56
f 93/300/142 119/303/142 130/10/142 134/138/142
f 48/304/143 47/305/143 90/68/29 56/25/29
f 37/306/144 36/307/144 83/62/144 38/11/144
f 65/302/145 75/308/145 80/24/23 133/58/23
f 36/309/146 66/301/146 72/49/146 83/48/146
f 85/43/147 3/42/148 10/37/15 200/36/14
f 75/308/149 48/304/149 56/25/10 80/24/10
f 119/303/150 37/306/150 38/11/150 130/10/150
f 203/310/59 201/311/59 202/312/59 204/313/59
f 205/314/59 136/315/59 201/311/59 203/310/59
f 95/104/151 55/316/151 202/317/151 201/105/151
f 81/318/152 102/319/152 203/320/152 204/321/152
f 102/319/153 123/322/153 205/323/153 203/320/153
f 55/324/154 81/325/154 204/326/154 202/327/154
f 47/305/147 85/43/147 200/36/14 90/68/155
f 125/161/156 126/156/156 137/101/156 106/73/156
f 105/76/33 109/100/33 135/134/33 118/128/33
f 118/128/33 135/134/33 129/137/33 89/66/33
f 49/328/157 86/329/157 126/156/157 125/161/157
f 106/73/158 137/101/158 110/32/158 91/70/158
f 53/75/33 88/97/33 109/100/33 105/76/33
f 89/66/159 129/137/159 85/330/159 47/67/159
f 90/68/155 200/36/14 86/39/17 49/69/160
f 91/70/161 110/32/161 87/35/161 51/71/161
f 207/273/162 208/272/162 42/331/162 94/332/162
f 209/274/163 207/273/163 94/332/163 12/276/163
f 208/272/164 210/271/164 139/333/164 42/331/164
f 210/334/165 211/335/166 142/336/167 139/337/165
f 211/335/166 212/338/168 145/339/168 142/336/167
f 212/338/169 213/340/169 151/341/169 145/339/169
f 214/275/170 209/274/170 12/276/170 168/224/170
f 215/342/171 214/343/171 168/344/171 169/345/171
f 216/346/172 215/342/172 169/345/172 170/347/172
f 217/348/173 216/346/173 170/347/173 171/349/173
f 218/265/174 217/264/174 171/219/174 172/218/174
f 219/266/175 218/265/175 172/218/175 181/210/175
f 220/267/176 219/266/176 181/210/176 148/209/176
f 213/268/177 220/267/177 148/209/177 151/350/177
f 107/88/178 81/20/178 77/23/178 206/351/178
f 73/148/179 107/147/179 206/352/179 74/353/179
f 15/354/180 14/355/181 13/356/182 19/357/183 18/358/184 17/359/185 16/360/186
f 21/361/187 20/362/188 19/357/183 13/356/182 24/363/189 23/364/190 22/365/191
f 300/366/192 228/367/192 227/368/192 225/369/192
f 262/370/193 229/371/193 43/16/193 44/15/193
f 239/372/194 60/19/194 43/16/194 229/371/194
f 253/373/195 77/23/195 52/22/195 234/374/195
f 252/375/196 250/376/197 233/377/197 235/378/196
f 251/379/198 249/380/198 231/381/198 236/382/198
f 280/383/199 87/35/199 60/34/199 239/384/199
f 370/385/200 258/386/201 240/387/202 31/388/203
f 299/40/204 257/389/204 25/390/204 241/391/204
f 256/392/205 223/393/205 243/394/205 246/395/205
f 255/396/206 226/397/206 245/398/206 247/399/206
f 254/400/207 45/55/207 74/54/207 248/401/207
f 298/402/208 242/403/208 249/380/208 251/379/208
f 303/404/209 244/405/210 250/376/210 252/375/209
f 26/406/211 2/61/211 45/55/211 254/400/211
f 225/369/212 227/368/212 226/407/212 255/408/212
f 289/409/213 224/410/213 223/393/213 256/392/213
f 236/382/214 231/381/214 230/411/214 259/412/214
f 235/378/215 233/377/216 232/413/216 260/414/215
f 234/374/217 52/22/217 51/71/217 261/415/217
f 265/416/218 234/374/218 261/415/218 276/417/218
f 54/74/33 266/418/33 275/419/33 53/75/33
f 1/78/219 27/420/219 274/421/219 46/79/219
f 282/422/220 26/423/220 254/424/220 273/425/220
f 302/426/221 277/427/221 253/373/221 272/428/221
f 69/89/33 278/429/33 271/430/33 78/90/33
f 273/425/222 254/424/222 248/431/222 270/432/222
f 46/79/33 274/421/33 269/433/33 70/95/33
f 88/97/223 279/434/223 268/435/223 61/98/223
f 307/436/224 280/383/224 239/384/224 267/437/224
f 78/90/33 271/430/33 266/418/33 54/74/33
f 290/438/225 306/439/225 371/440/225 265/441/225
f 267/442/226 239/372/226 229/371/226 264/443/226
f 281/444/227 264/443/227 229/371/227 262/370/227
f 61/110/228 268/445/228 262/370/228 44/15/228
f 250/376/229 293/446/229 290/447/229 233/377/229
f 258/386/230 296/448/230 291/449/230 240/387/230
f 226/450/231 294/451/231 292/452/231 245/453/231
f 244/454/232 297/455/232 293/456/232 250/457/232
f 227/458/233 228/459/233 294/451/233 226/450/233
f 233/377/234 290/447/234 295/460/234 232/413/234
f 283/461/33 236/382/33 259/412/33 288/462/33
f 263/463/235 289/409/235 256/392/235 287/464/235
f 301/465/33 298/402/33 251/379/33 286/466/33
f 287/464/33 256/392/33 246/395/33 285/467/33
f 305/468/236 299/469/236 241/470/236 284/471/236
f 286/466/33 251/379/33 236/382/33 283/461/33
f 304/472/237 282/473/237 228/367/237 300/366/237
f 284/474/238 241/475/238 28/476/238 281/444/238
f 285/467/33 246/395/33 298/402/33 301/465/33
f 245/398/239 292/477/239 297/478/239 244/405/239
f 70/95/33 269/433/33 278/429/33 69/89/33
f 270/479/240 248/480/240 277/481/240 302/482/240
f 247/399/241 245/398/242 244/405/242 303/404/241
f 246/395/243 243/394/243 242/403/243 298/402/243
f 292/452/59 270/483/59 302/426/244 297/455/245
f 269/433/33 285/467/33 301/465/33 278/429/33
f 268/445/246 284/474/246 281/444/246 262/370/246
f 32/8/247 26/7/247 282/473/247 304/472/247
f 271/430/33 286/466/33 283/461/33 266/418/33
f 279/434/248 305/468/248 284/471/248 268/435/248
f 274/421/33 287/464/33 285/467/33 269/433/33
f 278/429/33 301/465/33 286/466/33 271/430/33
f 27/420/249 263/463/249 287/464/249 274/421/249
f 266/418/33 283/461/33 288/462/33 275/419/33
f 28/476/250 33/484/250 264/443/250 281/444/250
f 291/485/251 267/442/251 264/443/251 33/484/251
f 293/486/252 375/487/252 306/488/252 290/489/252
f 296/490/253 307/436/253 267/437/253 291/491/253
f 294/451/59 273/492/59 270/483/59 292/452/59
f 297/455/245 302/426/244 272/428/254 293/456/254
f 228/459/255 282/493/255 273/492/255 294/451/255
f 290/494/256 265/416/256 276/417/256 295/495/256
f 229/496/257 262/497/257 310/498/257 308/499/257 309/500/257
f 308/499/258 310/498/258 313/501/258 311/502/258
f 311/502/259 313/501/260 316/503/260 314/504/261
f 368/505/262 319/506/262 320/507/262 317/508/262
f 317/508/263 320/507/263 324/509/263 322/510/263
f 322/511/264 324/512/264 327/513/264 325/514/264
f 358/515/265 354/516/265 353/517/265 359/518/265
f 361/519/266 356/520/266 355/521/266 360/522/266
f 360/522/267 355/521/268 354/516/268 358/515/269
f 362/523/270 357/524/270 356/520/270 361/519/270
f 359/518/271 353/517/271 29/525/271 31/388/271
f 362/526/272 363/527/272 352/528/273 357/529/273
f 325/514/274 327/513/274 329/530/274 367/531/274
f 366/532/275 364/533/275 330/534/275 367/531/275
f 363/527/276 342/535/276 351/536/276 365/537/276
f 348/538/277 349/539/278 334/540/279 333/541/279
f 323/542/280 222/543/280 351/544/280 318/545/280
f 326/546/97 238/547/97 222/543/98 323/542/98
f 330/548/97 364/549/97 238/547/97 326/546/97
f 346/550/281 341/551/281 342/552/281 347/553/281
f 345/554/282 340/555/282 341/551/282 346/550/282
f 344/556/283 339/557/283 340/555/283 345/554/283
f 338/558/284 339/557/284 344/556/284 343/559/284
f 29/560/33 353/561/33 328/562/285 30/563/103
f 313/564/286 310/565/286 331/566/286 332/567/286
f 332/567/287 331/566/287 328/562/287 350/568/287
f 350/568/288 348/538/289 333/541/290 332/567/290
f 333/541/290 316/569/291 313/564/291 332/567/290
f 319/570/292 334/540/292 335/571/292 320/572/292
f 349/539/293 352/573/293 335/571/293 334/540/293
f 327/574/113 336/575/113 337/576/113 329/577/113
f 281/578/294 28/579/103 30/563/103 328/562/285 331/566/295
f 310/565/33 262/580/33 281/578/294 331/566/295
f 33/581/296 240/387/296 291/449/296
f 353/561/297 354/582/297 350/568/297 328/562/297
f 354/582/298 355/249/298 348/538/289 350/568/288
f 355/249/113 356/583/299 349/539/278 348/538/277
f 356/583/299 357/584/300 352/573/300 349/539/278
f 316/569/121 333/541/279 334/540/279 319/570/121
f 314/504/262 316/503/262 319/506/262 368/505/262
f 237/585/301 366/586/302 337/254/303 336/587/303
f 221/588/304 237/585/304 336/587/304 369/589/304
f 336/575/113 327/574/113 324/590/113 369/591/113
f 221/588/305 369/589/305 335/592/305 365/593/305
f 369/591/306 324/590/306 320/572/306 335/571/306
f 384/594/307 383/595/307 378/596/307 376/597/307 377/598/307 379/599/307 380/600/307 381/601/307 382/602/307 389/603/307 388/604/307 387/605/307 386/606/307 385/607/307
f 338/558/308 343/559/308 240/608/308 33/609/308
f 241/475/309 25/610/309 29/611/309 30/612/309 28/476/309
f 222/613/310 221/588/310 365/593/310 351/614/310
f 222/613/311 238/615/311 237/585/311 221/588/311
f 238/615/312 364/616/312 366/586/302 237/585/301
f 315/617/262 314/504/262 368/505/262 321/618/262
f 352/528/313 363/527/313 365/537/313 335/619/313
f 337/620/314 366/532/314 367/531/314 329/530/314
f 326/621/274 325/514/274 367/531/274 330/534/274
f 347/622/315 342/535/315 363/527/272 362/526/272
f 343/623/316 359/518/316 31/388/316 240/387/316
f 347/624/270 362/523/270 361/519/270 346/625/270
f 345/626/317 360/522/267 358/515/269 344/627/317
f 346/625/266 361/519/266 360/522/266 345/626/266
f 344/627/265 358/515/265 359/518/265 343/623/265
f 323/628/264 322/511/264 325/514/264 326/621/264
f 318/629/263 317/508/263 322/510/263 323/630/263
f 321/618/262 368/505/262 317/508/262 318/629/262
f 312/631/318 311/502/259 314/504/261 315/617/318
f 309/500/258 308/499/258 311/502/258 312/631/258
f 27/9/319 32/8/319 304/472/319 263/632/319
f 243/633/320 247/399/241 303/404/241 242/634/320
f 263/632/321 304/472/321 300/366/321 289/635/321
f 231/636/322 235/378/215 260/414/215 230/637/322
f 224/638/323 225/369/323 255/408/323 223/639/323
f 242/634/324 303/404/209 252/375/209 249/640/324
f 223/309/325 255/396/325 247/399/325 243/633/325
f 257/389/326 370/385/200 31/388/203 25/390/327
f 249/640/328 252/375/196 235/378/196 231/636/328
f 289/635/329 300/366/329 225/369/329 224/638/329
f 373/641/59 374/642/59 372/643/59 371/644/59
f 375/645/59 373/641/59 371/644/59 306/646/59
f 265/441/330 371/440/330 372/647/330 234/648/330
f 253/649/331 374/650/331 373/651/331 272/652/331
f 272/652/332 373/651/332 375/653/332 293/654/332
f 234/326/333 372/655/333 374/656/333 253/657/333
f 230/637/326 260/414/334 370/385/200 257/389/326
f 295/495/335 276/417/335 307/436/335 296/490/335
f 275/419/33 288/462/33 305/468/33 279/434/33
f 288/462/33 259/412/33 299/469/33 305/468/33
f 232/658/336 295/495/336 296/490/336 258/659/336
f 276/417/337 261/415/337 280/383/337 307/436/337
f 53/75/33 275/419/33 279/434/33 88/97/33
f 259/412/338 230/411/338 257/660/338 299/469/338
f 260/414/334 232/413/339 258/386/201 370/385/200
f 261/415/340 51/71/340 87/35/340 280/383/340
f 376/597/341 264/661/341 229/662/341 377/598/341
f 378/596/342 33/609/342 264/661/342 376/597/342
f 377/598/343 229/662/343 309/663/343 379/599/343
f 379/664/344 309/665/344 312/666/345 380/667/346
f 380/667/346 312/666/345 315/668/347 381/669/347
f 381/669/348 315/668/348 321/670/348 382/671/348
f 383/595/349 338/558/349 33/609/349 378/596/349
f 384/672/350 339/673/350 338/674/350 383/675/350
f 385/676/351 340/677/351 339/673/351 384/672/351
f 386/678/352 341/679/352 340/677/352 385/676/352
f 387/605/353 342/552/353 341/551/353 386/606/353
f 388/604/354 351/544/354 342/552/354 387/605/354
f 389/603/355 318/545/355 351/544/355 388/604/355
f 382/602/356 321/680/356 318/545/356 389/603/356
f 277/427/357 206/351/357 77/23/357 253/373/357
f 248/480/358 74/353/358 206/352/358 277/481/358
l 30 33
l 8 12
o body.007
v 0.001728 1.395898 -0.182784
v 0.001728 1.395898 0.201001
v 0.245949 1.436488 -0.131805
v 0.244024 1.440343 0.137492
v 0.270533 1.862526 0.139972
v 0.279383 2.037958 0.066968
v 0.270774 1.867342 -0.125207
v 0.279822 2.041183 -0.057296
v 0.001728 1.854414 -0.162783
v 0.001728 2.154075 -0.113964
v 0.001728 1.840725 0.221907
v 0.001728 2.122836 0.134889
v 0.001728 1.126994 -0.174429
v 0.001728 1.115652 0.184680
v 0.282944 1.217302 -0.143135
v 0.282944 1.226173 0.153406
v 0.130848 2.145870 -0.125971
v 0.127836 1.843673 0.220202
v 0.107399 1.395898 -0.182784
v 0.119538 1.862224 -0.163646
v 0.107399 1.395898 0.201001
v 0.130646 2.117125 0.131121
v 0.014947 1.126595 -0.174429
v 0.014947 1.115254 0.184680
v 0.233965 1.636406 0.161873
v 0.001728 1.613451 0.205665
v 0.001728 1.606456 -0.158965
v 0.233965 1.630033 -0.122049
v 0.108772 1.611906 0.205665
v 0.108772 1.604911 -0.158965
v 0.216227 0.230879 -0.155688
v 0.203741 0.230879 -0.011406
v 0.100346 0.230879 -0.155688
v 0.114160 0.230879 -0.011406
v 0.041917 0.797292 0.134847
v 0.260717 0.825475 0.099546
v 0.260717 0.822978 -0.113073
v 0.041917 0.794709 -0.139717
v 0.056714 0.680507 0.114008
v 0.254127 0.706658 -0.124036
v 0.254127 0.706658 0.083942
v 0.056714 0.681600 -0.151565
v 0.261963 2.082027 -0.080786
v 0.211302 1.843711 0.188659
v 0.194181 1.416116 0.177712
v 0.151130 1.170648 0.156562
v 0.194181 1.416116 -0.155292
v 0.221126 1.859212 -0.142470
v 0.256292 2.073493 0.100260
v 0.151130 1.171813 -0.155626
v 0.189064 1.624084 0.177837
v 0.189064 1.617088 -0.162378
v 0.158357 0.230879 -0.011081
v 0.158287 0.230879 -0.155688
v 0.151317 0.808843 -0.133643
v 0.151317 0.811383 0.131208
v 0.155421 0.694129 -0.145049
v 0.155421 0.693583 0.111115
v 0.158252 0.195055 0.055276
v 0.237596 0.195055 0.055276
v 0.237596 0.195055 -0.188180
v 0.158252 0.195055 -0.188180
v 0.078907 0.195055 -0.188180
v 0.078907 0.195055 0.055276
v 0.162839 0.004619 -0.213091
v 0.158252 0.010693 -0.002179
v 0.250324 0.012231 0.015486
v 0.246931 0.004146 -0.205491
v 0.069573 0.000709 -0.205491
v 0.066179 0.008766 0.015486
v 0.088821 0.071332 0.202365
v 0.080309 0.009183 0.214884
v 0.158252 0.072677 0.202365
v 0.227683 0.074023 0.202365
v 0.158252 0.010693 0.214884
v 0.236195 0.012204 0.214884
v 0.158252 0.008531 0.085376
v 0.082029 0.007097 0.085376
v 0.111266 0.115172 0.083494
v 0.162759 0.121265 0.085482
v 0.234475 0.009965 0.085376
v 0.205433 0.116795 0.083493
v 0.068526 0.089302 0.021837
v 0.158252 0.089120 -0.204885
v 0.069573 0.089751 -0.199139
v 0.249602 0.086222 0.021340
v 0.246931 0.086222 -0.199636
v 0.089779 0.046815 0.221247
v 0.158252 0.048143 0.221247
v 0.226725 0.049470 0.221247
v 0.082029 0.079331 0.091739
v 0.234475 0.082199 0.091739
v 0.214652 2.000555 0.015223
v 0.222893 2.054074 0.060382
v 0.224462 2.047917 -0.066153
v 0.265973 2.059061 -0.005577
v 1.023374 1.922738 0.020678
v 1.027011 1.978701 0.069494
v 1.026440 1.971897 -0.030911
v 1.029651 2.021234 0.016568
v 0.565192 1.990793 -0.089250
v 0.547204 2.067454 0.017175
v 0.549549 1.907569 0.035140
v 0.590770 2.005533 0.089572
v 0.617874 2.068062 0.008521
v 0.619656 1.908836 0.023728
v 0.603554 1.988907 -0.087942
v 0.666876 2.004489 0.094591
v 0.334863 2.002050 -0.083491
v 0.337038 2.025792 0.083172
v 0.294108 2.073426 0.001808
v 0.282741 1.940745 0.020642
v 1.030534 2.035099 0.015294
v 1.026389 1.971403 -0.044727
v 1.022394 1.907336 0.021587
v 1.027173 1.980945 0.083726
v 1.012620 2.019788 0.017029
v 1.009566 1.978993 -0.031152
v 1.016219 1.935689 0.005131
v 0.984298 1.985674 0.062912
v 1.259863 1.975689 0.018525
v 1.258185 1.971634 -0.026505
v 1.253171 1.957617 0.019891
v 1.257494 1.969137 0.076826
v 1.127058 1.983009 0.087183
v 1.138843 2.035295 0.019694
v 1.129105 1.995077 -0.048423
v 1.126860 1.972353 0.069082
v 1.188572 1.974393 0.092560
v 1.185004 1.973196 0.022680
v 1.195990 2.018725 0.015957
v 1.188784 1.971675 -0.056706
v 1.100540 2.026015 0.019757
v 1.095365 1.992921 -0.033969
v 1.096650 1.989252 0.068088
v 1.105375 1.962557 0.066628
v 1.103826 1.955012 0.105867
v 1.121920 1.959913 0.106327
v 1.103678 1.939437 0.097889
v 1.123388 1.947258 0.098507
v 1.107400 1.944388 0.122851
v 1.123847 1.948557 0.124570
v 1.107915 1.933527 0.116133
v 1.124651 1.937692 0.115773
v 1.110938 1.936165 0.131317
v 1.123060 1.938726 0.132607
v 1.112080 1.928084 0.126025
v 1.124700 1.931225 0.125754
v 1.103758 1.976393 0.011221
v -0.242491 1.436488 -0.131805
v -0.240566 1.440344 0.137492
v -0.275803 1.916494 0.134744
v -0.275926 2.037958 0.066968
v -0.276102 1.933318 -0.127829
v -0.286990 2.031962 -0.091807
v -0.279486 1.217303 -0.143135
v -0.279486 1.226173 0.153406
v -0.127391 2.145870 -0.125971
v -0.124379 1.843673 0.220202
v -0.103941 1.395898 -0.182784
v -0.116081 1.862224 -0.163646
v -0.103941 1.395898 0.201001
v -0.127189 2.117125 0.131121
v -0.011490 1.126595 -0.174429
v -0.011490 1.115254 0.184680
v -0.230508 1.636406 0.161873
v -0.230508 1.630033 -0.122049
v -0.105314 1.611906 0.205665
v -0.105314 1.604912 -0.158965
v -0.212769 0.230879 -0.155688
v -0.200284 0.230879 -0.011406
v -0.096889 0.230879 -0.155688
v -0.110702 0.230879 -0.011406
v -0.038460 0.797292 0.134847
v -0.257260 0.825475 0.099546
v -0.257260 0.822978 -0.113073
v -0.038460 0.794709 -0.139717
v -0.053257 0.680508 0.114008
v -0.250670 0.706658 -0.124036
v -0.250670 0.706658 0.083942
v -0.053257 0.681600 -0.151565
v -0.258506 2.082027 -0.080786
v -0.207845 1.843711 0.188659
v -0.190723 1.416116 0.177712
v -0.147673 1.170648 0.156562
v -0.190723 1.416116 -0.155292
v -0.217668 1.859212 -0.142470
v -0.252835 2.073493 0.100260
v -0.147673 1.171813 -0.155626
v -0.185607 1.624084 0.177837
v -0.185607 1.617088 -0.162378
v -0.154900 0.230879 -0.011081
v -0.154829 0.230879 -0.155688
v -0.147860 0.808843 -0.133643
v -0.147860 0.811384 0.131208
v -0.151963 0.694129 -0.145049
v -0.151963 0.693583 0.111115
v -0.154794 0.195055 0.055276
v -0.234139 0.195055 0.055276
v -0.234139 0.195055 -0.188180
v -0.154794 0.195055 -0.188180
v -0.075450 0.195055 -0.188180
v -0.075450 0.195055 0.055276
v -0.159382 0.004619 -0.213091
v -0.154794 0.010693 -0.002179
v -0.246866 0.012231 0.015486
v -0.243473 0.004146 -0.205491
v -0.066115 0.000709 -0.205491
v -0.062722 0.008766 0.015486
v -0.085363 0.071331 0.202365
v -0.076852 0.009183 0.214884
v -0.154794 0.072677 0.202365
v -0.224226 0.074023 0.202365
v -0.154794 0.010693 0.214884
v -0.232737 0.012204 0.214884
v -0.154794 0.008531 0.085375
v -0.078572 0.007097 0.085375
v -0.107809 0.115172 0.083494
v -0.159302 0.121265 0.085482
v -0.231018 0.009965 0.085375
v -0.201976 0.116795 0.083493
v -0.065069 0.089302 0.021837
v -0.154794 0.089120 -0.204885
v -0.066115 0.089751 -0.199139
v -0.246144 0.086222 0.021340
v -0.243473 0.086222 -0.199636
v -0.086322 0.046815 0.221247
v -0.154794 0.048143 0.221247
v -0.223267 0.049470 0.221247
v -0.078572 0.079331 0.091739
v -0.231018 0.082199 0.091739
v -0.209770 1.999476 0.015226
v -0.219191 2.054908 0.060382
v -0.221179 2.052719 -0.066156
v -0.277188 2.062284 -0.005601
v -1.016912 1.940133 0.020671
v -1.018609 1.996186 0.069490
v -1.018271 1.989371 -0.030916
v -1.019773 2.038787 0.016566
v -0.556645 1.992282 -0.089244
v -0.536014 2.068268 0.017186
v -0.543897 1.908559 0.035142
v -0.581700 2.007890 0.089579
v -0.606620 2.071324 0.008531
v -0.613917 1.912254 0.023729
v -0.595049 1.991725 -0.087936
v -0.657798 2.009482 0.094596
v -0.325997 1.995711 -0.083479
v -0.327372 2.019138 0.083185
v -0.285280 2.064499 0.001821
v -0.276018 1.934731 0.020651
v -1.020175 2.052675 0.015293
v -1.018238 1.988877 -0.044731
v -1.016466 1.924706 0.021579
v -1.018694 1.998433 0.083722
v -1.003369 2.029385 0.017024
v -1.000665 1.988567 -0.031157
v -1.007690 1.945321 0.005125
v -0.975343 1.995030 0.062908
v -1.250982 1.987412 0.018512
v -1.249338 1.983344 -0.026518
v -1.244446 1.969285 0.019878
v -1.248671 1.980840 0.076813
v -1.118122 1.993590 0.087174
v -1.129454 2.045977 0.019686
v -1.120060 2.005677 -0.048431
v -1.118014 1.982933 0.069074
v -1.179707 1.985503 0.092549
v -1.176147 1.984277 0.022669
v -1.186742 2.029898 0.015947
v -1.179938 1.982789 -0.056717
v -1.091233 2.036367 0.019750
v -1.086341 2.003232 -0.033976
v -1.087660 1.999572 0.068080
v -1.096614 1.972953 0.066620
v -1.095131 1.965395 0.105859
v -1.113182 1.970451 0.106318
v -1.095117 1.949819 0.097880
v -1.114759 1.957808 0.098498
v -1.098797 1.954801 0.122843
v -1.115207 1.959111 0.124561
v -1.099405 1.943945 0.116124
v -1.116104 1.948254 0.115764
v -1.102405 1.946609 0.131308
v -1.114506 1.949274 0.132598
v -1.103617 1.938538 0.126016
v -1.116209 1.941787 0.125745
v -1.094877 1.986775 0.011214
v 0.270653 1.864933 0.007383
v 0.279602 2.039570 0.004836
v 0.244986 1.438416 0.002843
v 0.001728 2.138455 0.010463
v 0.282944 1.221738 0.005135
v 0.130747 2.131498 0.002575
v 0.233965 1.633220 0.019912
v 0.237596 0.195055 -0.066452
v 0.260717 0.824226 -0.006763
v 0.254127 0.706658 -0.020048
v 0.259128 2.077760 0.009737
v -0.275952 1.924906 0.003458
v -0.281458 2.034960 -0.012420
v -0.241529 1.438416 0.002843
v -0.279486 1.221738 0.005135
v -0.127289 2.131498 0.002575
v -0.230508 1.633220 0.019912
v -0.234139 0.195055 -0.066452
v -0.257260 0.824226 -0.006763
v -0.250670 0.706658 -0.020048
v -0.255670 2.077760 0.009737
v 0.001728 2.142553 -0.123664
v 0.001728 2.200435 -0.086887
v 0.022094 2.142343 -0.121350
v 0.019410 2.200251 -0.085155
v 0.041676 2.141719 -0.114495
v 0.036412 2.199708 -0.080028
v 0.059724 2.140707 -0.103365
v 0.052081 2.198825 -0.071702
v 0.075543 2.139345 -0.088386
v 0.065814 2.197637 -0.060497
v 0.088525 2.137686 -0.070134
v 0.077086 2.196189 -0.046843
v 0.098171 2.135793 -0.049310
v 0.085461 2.194539 -0.031265
v 0.104112 2.133739 -0.026715
v 0.090618 2.192747 -0.014363
v 0.106118 2.131602 -0.003216
v 0.092360 2.190884 0.003215
v 0.104112 2.129466 0.020282
v 0.090618 2.189021 0.020794
v 0.098171 2.127412 0.042877
v 0.085461 2.187229 0.037696
v 0.088525 2.125519 0.063701
v 0.077086 2.185578 0.053274
v 0.075543 2.123859 0.081953
v 0.065814 2.184130 0.066928
v 0.059724 2.122497 0.096932
v 0.052081 2.182942 0.078133
v 0.041676 2.121485 0.108063
v 0.036412 2.182060 0.086459
v 0.022094 2.120862 0.114917
v 0.019410 2.181516 0.091587
v 0.001728 2.120652 0.117231
v 0.001728 2.181333 0.093318
v -0.018637 2.120862 0.114917
v -0.015953 2.181516 0.091587
v -0.038219 2.121485 0.108063
v -0.032954 2.182060 0.086459
v -0.056266 2.122497 0.096932
v -0.048624 2.182942 0.078133
v -0.072085 2.123859 0.081953
v -0.062357 2.184130 0.066928
v -0.085067 2.125518 0.063701
v -0.073628 2.185578 0.053274
v -0.094714 2.127412 0.042877
v -0.082004 2.187229 0.037696
v -0.100655 2.129466 0.020282
v -0.087161 2.189021 0.020794
v -0.102661 2.131602 -0.003216
v -0.088902 2.190884 0.003215
v -0.100655 2.133739 -0.026715
v -0.087161 2.192747 -0.014363
v -0.094714 2.135793 -0.049310
v -0.082004 2.194539 -0.031265
v -0.085067 2.137686 -0.070134
v -0.073628 2.196189 -0.046843
v -0.072085 2.139345 -0.088386
v -0.062357 2.197637 -0.060497
v -0.056266 2.140707 -0.103365
v -0.048624 2.198825 -0.071702
v -0.038219 2.141719 -0.114495
v -0.032954 2.199708 -0.080028
v -0.018637 2.142343 -0.121350
v -0.015953 2.200251 -0.085155
vn -0.0002 -0.0581 0.9983
vn -0.0000 -0.0581 0.9983
vn 0.5729 0.1886 -0.7976
vn 0.9987 -0.0512 0.0007
vn 0.9987 -0.0506 0.0007
vn 0.0246 -0.1150 0.9931
vn 0.5437 0.0292 -0.8388
vn 0.9983 0.0588 0.0026
vn 0.9986 0.0536 0.0025
vn 0.9985 0.0538 0.0028
vn 0.0542 0.9915 0.1180
vn 0.0671 0.9908 0.1178
vn 0.0540 0.9916 0.1176
vn -0.0002 -0.0215 0.9998
vn -0.0000 -0.0215 0.9998
vn 0.0237 0.3020 0.9530
vn 0.9850 0.1726 -0.0005
vn 0.9845 0.1756 -0.0006
vn 0.9850 0.1725 -0.0005
vn 0.1846 0.0223 -0.9826
vn -0.0000 -0.0310 -0.9995
vn -0.0001 -0.0310 -0.9995
vn 0.3283 0.2863 0.9001
vn 0.2940 -0.0082 0.9558
vn 0.3635 0.9278 0.0838
vn -0.0000 0.1128 -0.9936
vn 0.0008 0.1128 -0.9936
vn -0.0302 -0.9990 -0.0316
vn -0.0512 0.1475 -0.9877
vn 0.2663 -0.1365 0.9542
vn -0.0000 -0.0167 -0.9999
vn -0.0034 -0.0167 -0.9999
vn 0.3452 -0.0841 0.9348
vn 0.0077 -0.0672 0.9977
vn 0.9877 -0.1563 0.0009
vn 0.9874 -0.1579 0.0009
vn 0.9877 -0.1564 0.0009
vn 0.5271 -0.0461 -0.8485
vn -0.0744 0.0814 -0.9939
vn 0.1094 0.1034 -0.9886
vn -0.9990 -0.0456 -0.0001
vn 0.9995 -0.0323 -0.0000
vn 0.9984 -0.0559 0.0012
vn 0.9984 -0.0557 0.0012
vn 0.9984 -0.0557 0.0008
vn 0.9984 -0.0559 0.0008
vn -0.9966 -0.0827 -0.0011
vn 0.1529 -0.0722 -0.9856
vn 0.1561 -0.1028 0.9824
vn 0.9984 -0.0557 0.0003
vn 0.9984 -0.0560 0.0003
vn -0.9918 -0.1277 0.0004
vn 0.1837 0.0928 -0.9786
vn 0.0528 -0.1675 0.9845
vn 0.2867 -0.1459 0.9468
vn 0.0466 0.1053 -0.9934
vn 0.1722 -0.1071 0.9792
vn 0.1187 -0.0761 -0.9900
vn 0.0307 0.0814 -0.9962
vn -0.0632 0.9316 0.3580
vn 0.0961 0.0221 -0.9951
vn 0.5376 -0.0500 0.8417
vn 0.2377 -0.0132 0.9712
vn 0.8685 0.4943 0.0364
vn 0.5190 -0.0323 0.8542
vn 0.7123 0.1760 0.6794
vn 0.2236 -0.0742 -0.9719
vn 0.1346 0.0416 -0.9900
vn 0.1564 -0.0844 0.9841
vn 0.3112 0.1520 -0.9381
vn 0.0013 -0.9995 0.0328
vn 0.0360 -0.9988 0.0333
vn 0.0191 -0.9997 0.0165
vn 0.0191 -0.9997 0.0167
vn 0.0756 0.0859 -0.9934
vn -0.9998 0.0146 -0.0103
vn 0.9999 0.0057 -0.0138
vn 0.0032 -0.1675 0.9859
vn 0.0191 -0.9997 0.0169
vn 0.8835 0.4600 0.0882
vn -0.9961 0.0820 0.0328
vn 0.0324 0.9328 0.3590
vn 0.0529 0.6502 0.7579
vn -0.9787 -0.0021 0.2053
vn 0.8225 0.4291 0.3734
vn 0.0188 -0.9995 -0.0261
vn 0.0204 -0.9995 -0.0261
vn 0.0172 -0.9995 -0.0261
vn -0.0595 0.6462 0.7609
vn 0.9765 -0.0131 0.2150
vn -0.8155 0.4337 0.3833
vn -0.8864 0.4545 0.0873
vn 0.9961 0.0823 0.0329
vn -0.0118 0.6099 0.7924
vn 0.9666 0.2548 0.0260
vn -0.9651 0.2596 0.0341
vn 0.0402 0.3129 -0.9489
vn -0.0358 0.3146 -0.9486
vn -0.9854 0.1690 -0.0204
vn 0.0847 0.7309 -0.6772
vn -0.3524 -0.4699 0.8093
vn 0.0135 -0.7766 -0.6298
vn 0.0208 0.9415 0.3363
vn 0.0176 0.7888 0.6144
vn -0.0650 -0.8346 -0.5471
vn -0.0611 -0.8276 -0.5580
vn -0.0613 -0.8270 -0.5588
vn 0.0372 -0.5548 0.8311
vn 0.0404 0.7968 -0.6029
vn -0.0068 -0.6165 0.7873
vn 0.0618 0.8026 0.5933
vn -0.0576 -0.8211 -0.5679
vn -0.0317 0.7924 -0.6091
vn 0.1603 0.8588 -0.4866
vn -0.1901 0.9805 -0.0501
vn -0.4499 -0.6969 -0.5585
vn 0.0178 0.8190 0.5735
vn -0.0863 -0.5042 0.8593
vn 0.9980 -0.0637 -0.0014
vn 0.9980 -0.0636 -0.0013
vn 0.9980 -0.0636 -0.0014
vn 0.9377 -0.3474 -0.0021
vn 0.3505 0.8676 0.3527
vn 0.3689 0.8421 -0.3935
vn -0.1352 -0.9850 0.1072
vn -0.0916 -0.9903 -0.1048
vn 0.2129 -0.9478 -0.2375
vn 0.9918 -0.0673 0.1091
vn -0.2311 0.8459 -0.4807
vn -0.1958 0.7900 0.5809
vn 0.2244 0.8160 -0.5328
vn 0.1639 0.8091 0.5644
vn -0.0627 0.8077 0.5862
vn -0.0942 0.8096 -0.5794
vn 0.2502 -0.7577 -0.6027
vn -0.9801 -0.1066 0.1673
vn 0.3605 -0.7450 -0.5612
vn -0.2595 0.6758 0.6899
vn -0.9804 -0.1825 -0.0738
vn 0.9944 0.0551 0.0906
vn 0.2862 -0.8613 -0.4197
vn 0.9934 0.1123 -0.0231
vn -0.2454 0.8048 0.5405
vn 0.1055 -0.5996 0.7933
vn -0.2277 0.6378 0.7357
vn -0.9467 -0.2274 0.2280
vn 0.1933 -0.8229 -0.5342
vn -0.1702 -0.9848 -0.0348
vn 0.0486 -0.8636 0.5018
vn 0.0002 -0.0581 0.9983
vn 0.0424 0.2968 -0.9540
vn -0.9995 -0.0147 0.0266
vn -0.0246 -0.1150 0.9931
vn -0.5437 0.0292 -0.8388
vn -0.9983 0.0588 0.0026
vn -0.9985 0.0538 0.0028
vn -0.9986 0.0536 0.0025
vn -0.0542 0.9915 0.1179
vn -0.0540 0.9916 0.1176
vn -0.0671 0.9908 0.1178
vn 0.0002 -0.0215 0.9998
vn -0.0237 0.3020 0.9530
vn -0.9850 0.1726 -0.0005
vn -0.9850 0.1725 -0.0005
vn -0.9845 0.1756 -0.0006
vn -0.1846 0.0223 -0.9826
vn 0.0001 -0.0310 -0.9995
vn -0.3283 0.2863 0.9001
vn -0.2940 -0.0082 0.9558
vn -0.3635 0.9278 0.0838
vn -0.0008 0.1128 -0.9936
vn 0.0301 -0.9990 -0.0316
vn 0.0512 0.1475 -0.9877
vn -0.2663 -0.1365 0.9542
vn 0.0034 -0.0167 -0.9999
vn -0.3452 -0.0841 0.9348
vn -0.0077 -0.0672 0.9977
vn -0.9877 -0.1566 -0.0031
vn -0.9880 -0.1542 -0.0024
vn -0.9876 -0.1569 -0.0025
vn -0.5009 -0.0489 -0.8641
vn 0.0744 0.0814 -0.9939
vn -0.1094 0.1034 -0.9886
vn 0.9990 -0.0456 -0.0001
vn -0.9995 -0.0323 -0.0000
vn -0.9984 -0.0559 0.0012
vn -0.9984 -0.0559 0.0008
vn -0.9984 -0.0557 0.0008
vn -0.9984 -0.0557 0.0012
vn 0.9966 -0.0827 -0.0011
vn -0.1529 -0.0722 -0.9856
vn -0.1561 -0.1028 0.9824
vn -0.9984 -0.0560 0.0003
vn -0.9984 -0.0557 0.0003
vn 0.9918 -0.1277 0.0004
vn -0.1837 0.0928 -0.9786
vn -0.0528 -0.1675 0.9845
vn -0.2867 -0.1459 0.9468
vn -0.0466 0.1053 -0.9934
vn -0.1722 -0.1071 0.9792
vn -0.1187 -0.0761 -0.9900
vn -0.0307 0.0814 -0.9962
vn 0.0632 0.9316 0.3580
vn -0.0961 0.0221 -0.9951
vn -0.5514 -0.0473 0.8329
vn -0.2377 -0.0132 0.9712
vn -0.8618 0.5051 0.0462
vn -0.5190 -0.0323 0.8542
vn -0.6128 0.2540 0.7483
vn -0.2236 -0.0742 -0.9719
vn -0.1346 0.0416 -0.9900
vn -0.1564 -0.0844 0.9841
vn -0.3112 0.1520 -0.9381
vn -0.0013 -0.9995 0.0328
vn -0.0360 -0.9988 0.0333
vn -0.0191 -0.9997 0.0165
vn -0.0191 -0.9997 0.0167
vn -0.0756 0.0859 -0.9934
vn 0.9998 0.0146 -0.0103
vn -0.9999 0.0057 -0.0138
vn -0.0032 -0.1675 0.9859
vn -0.0191 -0.9997 0.0169
vn -0.8835 0.4600 0.0882
vn 0.9961 0.0821 0.0328
vn -0.0324 0.9328 0.3590
vn -0.0529 0.6502 0.7579
vn 0.9787 -0.0021 0.2053
vn -0.8225 0.4291 0.3734
vn -0.0188 -0.9995 -0.0261
vn -0.0204 -0.9995 -0.0261
vn -0.0172 -0.9995 -0.0261
vn 0.0595 0.6462 0.7609
vn -0.9765 -0.0131 0.2150
vn 0.8155 0.4337 0.3833
vn 0.8864 0.4545 0.0873
vn -0.9961 0.0823 0.0329
vn 0.0118 0.6099 0.7924
vn -0.9666 0.2548 0.0260
vn 0.9651 0.2596 0.0341
vn -0.0402 0.3129 -0.9489
vn 0.0358 0.3146 -0.9486
vn 0.9831 0.1822 -0.0186
vn -0.0593 0.7334 -0.6772
vn 0.3893 -0.4498 0.8038
vn -0.0403 -0.7756 -0.6299
vn -0.1751 0.9208 0.3485
vn 0.0098 0.7889 0.6144
vn 0.0403 -0.8391 -0.5424
vn 0.0350 -0.8302 -0.5563
vn 0.0345 -0.8306 -0.5559
vn -0.0564 -0.5533 0.8311
vn -0.0114 0.7997 -0.6002
vn -0.0146 -0.6164 0.7873
vn -0.0340 0.8042 0.5933
vn 0.0291 -0.8226 -0.5679
vn 0.0592 0.7909 -0.6091
vn -0.3512 0.8090 -0.4714
vn 0.1479 0.9888 -0.0194
vn 0.5032 -0.6515 -0.5677
vn 0.0125 0.8206 0.5714
vn 0.0709 -0.5110 0.8567
vn -0.9996 -0.0291 -0.0014
vn -0.9996 -0.0290 -0.0014
vn -0.9407 -0.3393 -0.0022
vn -0.3430 0.8706 0.3527
vn -0.3617 0.8452 -0.3935
vn 0.1267 -0.9861 0.1072
vn 0.0830 -0.9910 -0.1048
vn -0.2211 -0.9459 -0.2376
vn -0.9923 -0.0587 0.1091
vn 0.2384 0.8439 -0.4806
vn 0.2026 0.7883 0.5809
vn -0.2173 0.8179 -0.5328
vn -0.1570 0.8105 0.5644
vn 0.0696 0.8072 0.5862
vn 0.1012 0.8088 -0.5794
vn -0.2567 -0.7556 -0.6027
vn 0.9792 -0.1150 0.1673
vn -0.3668 -0.7419 -0.5613
vn 0.2652 0.6735 0.6900
vn 0.9788 -0.1909 -0.0738
vn -0.9939 0.0636 0.0905
vn -0.2936 -0.8589 -0.4197
vn -0.9924 0.1208 -0.0231
vn 0.2523 0.8026 0.5405
vn -0.1107 -0.5987 0.7933
vn 0.2332 0.6358 0.7358
vn 0.9447 -0.2355 0.2280
vn -0.2004 -0.8212 -0.5342
vn 0.1617 -0.9862 -0.0348
vn -0.0561 -0.8632 0.5018
vn -0.8696 0.4916 0.0465
vn -0.9984 -0.0562 0.0008
vn -0.9984 -0.0563 0.0003
vn -0.9984 -0.0560 0.0013
vn -0.9885 -0.1513 -0.0024
vn -0.3973 0.9139 0.0831
vn -0.9855 0.1695 -0.0005
vn -0.0673 0.9908 0.1175
vn -0.9983 0.0590 0.0024
vn -0.9964 -0.0807 0.0248
vn 0.8959 0.4428 0.0350
vn 0.9984 -0.0562 0.0008
vn 0.9984 -0.0563 0.0003
vn 0.9984 -0.0560 0.0013
vn 0.9879 -0.1548 0.0009
vn 0.3973 0.9139 0.0831
vn 0.9855 0.1695 -0.0005
vn 0.0673 0.9908 0.1175
vn 0.9983 0.0590 0.0024
vn 0.9987 -0.0517 0.0007
vn 0.0950 0.5323 -0.8412
vn 0.2818 0.5135 -0.8105
vn 0.4591 0.4777 -0.7490
vn 0.6195 0.4288 -0.6575
vn 0.7558 0.3728 -0.5382
vn 0.8619 0.3171 -0.3958
vn 0.9338 0.2688 -0.2362
vn 0.9700 0.2339 -0.0657
vn 0.9702 0.2161 0.1095
vn 0.9343 0.2162 0.2836
vn 0.8625 0.2323 0.4496
vn 0.7564 0.2600 0.6003
vn 0.6197 0.2932 0.7280
vn 0.4589 0.3250 0.8269
vn 0.2815 0.3497 0.8936
vn 0.0948 0.3630 0.9269
vn -0.0948 0.3630 0.9269
vn -0.2815 0.3497 0.8936
vn -0.4589 0.3250 0.8269
vn -0.6197 0.2932 0.7280
vn -0.7564 0.2600 0.6003
vn -0.8625 0.2323 0.4496
vn -0.9343 0.2162 0.2836
vn -0.9702 0.2161 0.1095
vn -0.9700 0.2339 -0.0657
vn -0.9338 0.2688 -0.2362
vn -0.8619 0.3171 -0.3958
vn -0.7558 0.3728 -0.5382
vn -0.6195 0.4288 -0.6575
vn -0.4591 0.4777 -0.7490
vn -0.0000 0.9944 0.1054
vn -0.2818 0.5135 -0.8105
vn -0.0950 0.5323 -0.8412
vn -0.0000 -0.9959 -0.0905
vt 0.154646 0.786593
vt 0.132472 0.786593
vt 0.132472 0.731640
vt 0.154646 0.731640
vt 0.291022 0.882437
vt 0.291022 0.930954
vt 0.272683 0.930954
vt 0.272683 0.882437
vt 0.224133 0.885583
vt 0.224133 0.935019
vt 0.197517 0.935019
vt 0.197517 0.885583
vt 0.117885 0.578689
vt 0.094862 0.578689
vt 0.094862 0.482808
vt 0.117885 0.482808
vt 0.291022 0.829143
vt 0.272683 0.829143
vt 0.272683 0.785289
vt 0.291022 0.785289
vt 0.224133 0.831278
vt 0.197517 0.831278
vt 0.197517 0.786593
vt 0.224133 0.786593
vt 0.154646 0.960846
vt 0.132472 0.960846
vt 0.132472 0.935019
vt 0.154646 0.935019
vt 0.154646 0.831278
vt 0.132472 0.831278
vt 0.154646 0.885583
vt 0.132472 0.885583
vt 0.197517 0.731640
vt 0.224133 0.731640
vt 0.272683 0.731359
vt 0.291022 0.731359
vt 0.337394 0.785289
vt 0.315334 0.785289
vt 0.315334 0.731359
vt 0.337394 0.731359
vt 0.179083 0.885583
vt 0.179083 0.935019
vt 0.179083 0.831278
vt 0.179083 0.786593
vt 0.179083 0.960846
vt 0.337394 0.829143
vt 0.315334 0.829143
vt 0.590728 0.135413
vt 0.590728 0.130673
vt 0.716267 0.130673
vt 0.716267 0.135413
vt 0.337394 0.882437
vt 0.337394 0.930954
vt 0.315334 0.930954
vt 0.315334 0.882437
vt 0.179083 0.731640
vt 0.768855 0.664294
vt 0.750713 0.664294
vt 0.750713 0.638180
vt 0.768855 0.638180
vt 0.202767 0.578689
vt 0.185401 0.578689
vt 0.185401 0.482808
vt 0.202767 0.482808
vt 0.032596 0.578689
vt 0.032596 0.482808
vt 0.160326 0.578689
vt 0.135251 0.578689
vt 0.135251 0.482808
vt 0.160326 0.482808
vt 0.160326 0.671374
vt 0.135251 0.671374
vt 0.135251 0.601134
vt 0.160326 0.601134
vt 0.094862 0.671374
vt 0.032596 0.671374
vt 0.032596 0.601134
vt 0.094862 0.601134
vt 0.202767 0.671374
vt 0.185401 0.671374
vt 0.185401 0.601134
vt 0.202767 0.601134
vt 0.117885 0.671374
vt 0.117885 0.601134
vt 0.225790 0.601134
vt 0.225790 0.578689
vt 0.225790 0.671374
vt 0.225790 0.482808
vt 0.844259 0.729142
vt 0.844259 0.701107
vt 0.876897 0.701107
vt 0.876897 0.729142
vt 0.197517 0.960846
vt 0.768855 0.846824
vt 0.768855 0.819447
vt 0.818544 0.819447
vt 0.818544 0.846824
vt 0.912755 0.986407
vt 0.894613 0.986407
vt 0.894613 0.909621
vt 0.912755 0.909621
vt 0.912755 0.869884
vt 0.894613 0.869884
vt 0.894613 0.819447
vt 0.912755 0.819447
vt 0.751139 0.793333
vt 0.768855 0.793333
vt 0.751139 0.819447
vt 0.818544 0.664294
vt 0.818544 0.638180
vt 0.818544 0.793333
vt 0.894613 0.793333
vt 0.912755 0.793333
vt 0.876897 0.793333
vt 0.876897 0.819447
vt 0.844259 0.846824
vt 0.844259 0.819446
vt 0.876897 0.846824
vt 0.844259 0.793333
vt 0.844259 0.756520
vt 0.876897 0.756520
vt 0.945394 0.793333
vt 0.945394 0.819447
vt 0.818544 0.756520
vt 0.818544 0.729142
vt 0.844259 0.638180
vt 0.844259 0.664294
vt 0.818544 0.701107
vt 0.876897 0.664294
vt 0.894613 0.756520
vt 0.912755 0.756520
vt 0.768855 0.756520
vt 0.768855 0.701107
vt 0.751139 0.756520
vt 0.750713 0.701107
vt 0.578801 0.390877
vt 0.574503 0.374495
vt 0.641593 0.372242
vt 0.250420 0.243323
vt 0.250420 0.286478
vt 0.045263 0.286478
vt 0.045263 0.243322
vt 0.410343 0.368948
vt 0.410343 0.326871
vt 0.455129 0.326871
vt 0.455129 0.368948
vt 0.250420 0.415857
vt 0.045263 0.415857
vt 0.045263 0.368948
vt 0.250420 0.368948
vt 0.410343 0.286478
vt 0.455129 0.286478
vt 0.283297 0.286478
vt 0.283297 0.326871
vt 0.250420 0.326871
vt 0.410343 0.415857
vt 0.283297 0.415857
vt 0.283297 0.368948
vt 0.410343 0.243323
vt 0.283297 0.243322
vt 0.045263 0.326871
vt 0.455129 0.243323
vt 0.585331 0.346950
vt 0.455129 0.415857
vt 0.037888 0.286478
vt 0.037888 0.243323
vt 0.037888 0.415857
vt 0.037888 0.368948
vt 0.037888 0.326871
vt 0.565735 0.878597
vt 0.565735 0.855855
vt 0.594605 0.855855
vt 0.594605 0.878598
vt 0.594605 0.903644
vt 0.565735 0.903644
vt 0.622288 0.903644
vt 0.622288 0.878598
vt 0.535248 0.878598
vt 0.535248 0.855855
vt 0.565735 0.830809
vt 0.594605 0.830809
vt 0.565543 0.818483
vt 0.593928 0.823374
vt 0.612492 0.824129
vt 0.615516 0.835755
vt 0.564818 0.831094
vt 0.557178 0.836753
vt 0.548167 0.831721
vt 0.549199 0.826985
vt 0.622288 0.932923
vt 0.594605 0.932924
vt 0.594605 0.924868
vt 0.622288 0.924868
vt 0.565735 0.932924
vt 0.565735 0.924868
vt 0.594605 0.965715
vt 0.565735 0.965715
vt 0.622288 0.965715
vt 0.604841 0.790271
vt 0.620712 0.797846
vt 0.547132 0.816185
vt 0.548414 0.821111
vt 0.543574 0.822063
vt 0.541480 0.819079
vt 0.549156 0.932923
vt 0.549156 0.924868
vt 0.563829 0.805694
vt 0.543686 0.826316
vt 0.541599 0.829620
vt 0.539002 0.826594
vt 0.541288 0.825225
vt 0.540710 0.932923
vt 0.540710 0.924868
vt 0.538967 0.822234
vt 0.541584 0.823438
vt 0.535625 0.932924
vt 0.535625 0.924868
vt 0.616653 0.857532
vt 0.588772 0.854710
vt 0.564549 0.859647
vt 0.583102 0.767534
vt 0.110298 0.786593
vt 0.110298 0.731640
vt 0.383766 0.882437
vt 0.403367 0.882437
vt 0.403367 0.930954
vt 0.383766 0.930954
vt 0.039542 0.885583
vt 0.066158 0.885583
vt 0.066158 0.935019
vt 0.039542 0.935019
vt 0.371209 0.577692
vt 0.371209 0.480927
vt 0.394218 0.480927
vt 0.394218 0.577692
vt 0.383766 0.829143
vt 0.383766 0.785289
vt 0.403367 0.785289
vt 0.403367 0.829143
vt 0.039542 0.831278
vt 0.039542 0.786593
vt 0.066158 0.786593
vt 0.066158 0.831278
vt 0.110298 0.960846
vt 0.110298 0.935019
vt 0.110298 0.831278
vt 0.110298 0.885583
vt 0.039542 0.731640
vt 0.066158 0.731640
vt 0.383766 0.731359
vt 0.403367 0.731359
vt 0.359454 0.731359
vt 0.359454 0.785289
vt 0.085860 0.885583
vt 0.085860 0.935019
vt 0.085860 0.831278
vt 0.085860 0.786593
vt 0.085860 0.960846
vt 0.359454 0.829143
vt 0.590725 0.126112
vt 0.716270 0.126112
vt 0.716270 0.130733
vt 0.590725 0.130733
vt 0.359454 0.882437
vt 0.359454 0.930954
vt 0.085860 0.731640
vt 0.802012 0.591445
vt 0.802012 0.565366
vt 0.820161 0.565366
vt 0.820161 0.591445
vt 0.283989 0.577692
vt 0.283989 0.480927
vt 0.302539 0.480927
vt 0.302539 0.577692
vt 0.456446 0.480927
vt 0.456446 0.577692
vt 0.327599 0.577692
vt 0.327599 0.480927
vt 0.352659 0.480927
vt 0.352659 0.577692
vt 0.327599 0.671231
vt 0.327599 0.600344
vt 0.352659 0.600344
vt 0.352659 0.671231
vt 0.394218 0.671231
vt 0.394218 0.600344
vt 0.456446 0.600344
vt 0.456446 0.671231
vt 0.283989 0.671231
vt 0.283989 0.600344
vt 0.302539 0.600344
vt 0.302539 0.671231
vt 0.371209 0.671231
vt 0.371209 0.600344
vt 0.260981 0.600344
vt 0.260981 0.577692
vt 0.260981 0.671231
vt 0.260981 0.480927
vt 0.870534 0.308447
vt 0.837884 0.308447
vt 0.837884 0.280449
vt 0.870534 0.280449
vt 0.066158 0.960846
vt 0.945965 0.425970
vt 0.896258 0.425970
vt 0.896258 0.398630
vt 0.945965 0.398630
vt 0.802012 0.488683
vt 0.820161 0.488683
vt 0.802012 0.448999
vt 0.802012 0.398630
vt 0.820161 0.398630
vt 0.820161 0.448999
vt 0.963687 0.372551
vt 0.963687 0.398630
vt 0.945965 0.372551
vt 0.743638 0.372551
vt 0.743638 0.398630
vt 0.693931 0.398630
vt 0.693931 0.372551
vt 0.896258 0.372551
vt 0.820161 0.372551
vt 0.802012 0.372551
vt 0.837884 0.372551
vt 0.837884 0.398630
vt 0.870534 0.425970
vt 0.837884 0.425970
vt 0.870534 0.398630
vt 0.870534 0.372551
vt 0.837884 0.335787
vt 0.870534 0.335787
vt 0.769362 0.372551
vt 0.769362 0.398630
vt 0.896258 0.335787
vt 0.896258 0.308447
vt 0.896258 0.280449
vt 0.870534 0.243685
vt 0.896258 0.243685
vt 0.769362 0.335787
vt 0.802012 0.335787
vt 0.820161 0.335787
vt 0.945965 0.335787
vt 0.945965 0.243685
vt 0.945965 0.280449
vt 0.963687 0.335787
vt 0.964114 0.243685
vt 0.964114 0.280449
vt 0.571664 0.297403
vt 0.634050 0.310491
vt 0.568468 0.313614
vt 0.260447 0.206831
vt 0.055053 0.206831
vt 0.055053 0.167790
vt 0.260447 0.167790
vt 0.420554 0.093183
vt 0.465392 0.093183
vt 0.465392 0.131248
vt 0.420554 0.131248
vt 0.260447 0.050747
vt 0.260447 0.093183
vt 0.055053 0.093183
vt 0.055053 0.050747
vt 0.420554 0.167790
vt 0.465392 0.167790
vt 0.260447 0.131248
vt 0.293362 0.131248
vt 0.293362 0.167790
vt 0.420554 0.050747
vt 0.293362 0.093183
vt 0.293362 0.050747
vt 0.420554 0.206831
vt 0.293362 0.206831
vt 0.055053 0.131248
vt 0.465392 0.206831
vt 0.580777 0.338428
vt 0.465392 0.050747
vt 0.047669 0.167790
vt 0.047669 0.206831
vt 0.047669 0.050747
vt 0.047669 0.093183
vt 0.047669 0.131248
vt 0.583335 0.644370
vt 0.611384 0.644370
vt 0.611384 0.667103
vt 0.583335 0.667103
vt 0.611384 0.619334
vt 0.583335 0.619334
vt 0.638278 0.619334
vt 0.638278 0.644370
vt 0.553716 0.644370
vt 0.553716 0.667103
vt 0.583335 0.692140
vt 0.611384 0.692140
vt 0.583322 0.705979
vt 0.582597 0.693368
vt 0.633295 0.688707
vt 0.630270 0.700333
vt 0.611707 0.701088
vt 0.566978 0.697477
vt 0.565945 0.692741
vt 0.574956 0.687709
vt 0.638278 0.590067
vt 0.638278 0.598119
vt 0.611384 0.598119
vt 0.611384 0.590067
vt 0.583335 0.598119
vt 0.583335 0.590067
vt 0.611384 0.557289
vt 0.583335 0.557289
vt 0.638278 0.557289
vt 0.622620 0.734191
vt 0.638491 0.726617
vt 0.564910 0.708277
vt 0.559259 0.705383
vt 0.561352 0.702399
vt 0.566192 0.703351
vt 0.567228 0.598119
vt 0.567228 0.590067
vt 0.581607 0.718768
vt 0.561464 0.698146
vt 0.559067 0.699237
vt 0.556781 0.697868
vt 0.559378 0.694842
vt 0.559022 0.598119
vt 0.559022 0.590067
vt 0.556745 0.702228
vt 0.559362 0.701024
vt 0.554082 0.598119
vt 0.554082 0.590067
vt 0.582328 0.664815
vt 0.606550 0.669752
vt 0.634431 0.666930
vt 0.600880 0.756928
vt 0.403367 0.956300
vt 0.383766 0.956300
vt 0.429847 0.829143
vt 0.429847 0.882437
vt 0.359454 0.956300
vt 0.429847 0.731359
vt 0.429847 0.785289
vt 0.337394 0.956300
vt 0.429847 0.930954
vt 0.291022 0.956300
vt 0.272683 0.956300
vt 0.246203 0.882437
vt 0.246203 0.829143
vt 0.315334 0.956300
vt 0.246203 0.785289
vt 0.246203 0.731359
vt 0.246203 0.930954
vt 0.982687 0.115056
vt 0.982687 0.227312
vt 0.975670 0.227312
vt 0.975670 0.115056
vt 0.968655 0.227312
vt 0.968655 0.115056
vt 0.961639 0.227312
vt 0.961639 0.115056
vt 0.954623 0.227312
vt 0.954623 0.115056
vt 0.947607 0.227312
vt 0.947607 0.115056
vt 0.940591 0.227312
vt 0.940591 0.115056
vt 0.933575 0.227312
vt 0.933575 0.115056
vt 0.926559 0.227312
vt 0.926559 0.115056
vt 0.919543 0.227312
vt 0.919543 0.115056
vt 0.912527 0.227312
vt 0.912527 0.115056
vt 0.905511 0.227312
vt 0.905511 0.115056
vt 0.898495 0.227312
vt 0.898495 0.115056
vt 0.891479 0.227312
vt 0.891479 0.115056
vt 0.884463 0.227312
vt 0.884463 0.115056
vt 0.877447 0.227312
vt 0.877447 0.115056
vt 0.870431 0.227312
vt 0.870431 0.115056
vt 0.863415 0.227312
vt 0.863415 0.115056
vt 0.856399 0.227312
vt 0.856399 0.115056
vt 0.849383 0.227312
vt 0.849383 0.115056
vt 0.842367 0.227312
vt 0.842367 0.115056
vt 0.835351 0.227312
vt 0.835351 0.115056
vt 0.828335 0.227312
vt 0.828335 0.115056
vt 0.821319 0.227312
vt 0.821319 0.115056
vt 0.814303 0.227312
vt 0.814303 0.115056
vt 0.807287 0.227312
vt 0.807287 0.115056
vt 0.800271 0.227312
vt 0.800271 0.115056
vt 0.793255 0.227312
vt 0.793255 0.115056
vt 0.786239 0.227312
vt 0.786239 0.115056
vt 0.779223 0.227312
vt 0.779223 0.115056
vt 0.772207 0.227312
vt 0.772207 0.115056
vt 0.824815 0.111776
vt 0.814303 0.112811
vt 0.803791 0.111776
vt 0.793683 0.108710
vt 0.784368 0.103730
vt 0.776202 0.097029
vt 0.769501 0.088864
vt 0.764522 0.079549
vt 0.761456 0.069441
vt 0.760421 0.058929
vt 0.761456 0.048417
vt 0.764522 0.038309
vt 0.769501 0.028993
vt 0.776202 0.020828
vt 0.784368 0.014127
vt 0.793683 0.009147
vt 0.803791 0.006081
vt 0.814303 0.005046
vt 0.824815 0.006081
vt 0.834923 0.009147
vt 0.844239 0.014127
vt 0.852404 0.020828
vt 0.859105 0.028993
vt 0.864084 0.038309
vt 0.867151 0.048417
vt 0.868186 0.058929
vt 0.867151 0.069441
vt 0.864084 0.079549
vt 0.859105 0.088864
vt 0.852404 0.097029
vt 0.844239 0.103730
vt 0.834923 0.108710
vt 0.765191 0.227312
vt 0.765191 0.115056
vt 0.758175 0.227312
vt 0.758175 0.115056
vt 0.926559 0.112811
vt 0.937071 0.111776
vt 0.947179 0.108710
vt 0.956494 0.103730
vt 0.964659 0.097029
vt 0.971360 0.088864
vt 0.976340 0.079549
vt 0.979406 0.069441
vt 0.980441 0.058929
vt 0.979406 0.048417
vt 0.976340 0.038309
vt 0.971360 0.028993
vt 0.964659 0.020828
vt 0.956494 0.014127
vt 0.947179 0.009147
vt 0.937071 0.006081
vt 0.926559 0.005046
vt 0.916047 0.006081
vt 0.905939 0.009147
vt 0.896623 0.014127
vt 0.888458 0.020828
vt 0.881757 0.028993
vt 0.876778 0.038309
vt 0.873711 0.048417
vt 0.872676 0.058929
vt 0.873711 0.069441
vt 0.876778 0.079549
vt 0.881757 0.088864
vt 0.888458 0.097029
vt 0.896623 0.103730
vt 0.905939 0.108710
vt 0.916047 0.111776
s 1
usemtl rabbit_body.002
f 410/681/359 391/682/360 403/683/360 413/684/359
f 437/685/361 432/686/361 397/687/361 396/688/361
f 678/689/362 679/690/362 395/691/363 394/692/363
f 447/693/364 428/694/364 453/695/364 448/696/364
f 441/697/365 417/698/365 392/699/365 436/700/365
f 684/701/366 414/702/367 393/703/367 680/704/368
f 683/705/369 681/706/370 401/707/371 411/708/371
f 418/709/372 415/710/373 391/682/373 410/681/372
f 407/711/374 411/708/374 401/707/374 400/712/374
f 680/704/375 393/703/376 405/713/376 682/714/377
f 436/700/378 392/699/378 404/715/378 439/716/378
f 390/717/379 408/718/380 412/719/380 402/720/379
f 433/721/381 438/722/381 411/708/381 407/711/381
f 440/723/382 418/709/382 410/681/382 434/724/382
f 688/725/383 683/705/383 411/708/383 438/722/383
f 416/726/384 419/727/385 408/718/385 390/717/384
f 402/728/386 412/729/386 413/730/386 403/731/386
f 398/732/387 399/733/387 406/734/387 409/735/387
f 434/724/388 410/681/388 413/684/388 435/736/388
f 398/732/389 409/735/390 419/727/390 416/726/389
f 433/721/391 407/711/391 418/709/391 440/723/391
f 407/711/392 400/712/392 415/710/392 418/709/392
f 678/689/393 394/692/394 414/702/394 684/701/395
f 437/685/396 396/688/396 417/698/396 441/697/396
f 474/737/397 473/738/397 454/739/397 458/740/397
f 446/741/398 429/742/398 450/743/398 451/744/398
f 428/694/399 431/745/399 452/746/399 453/695/399
f 687/747/400 430/748/400 449/749/400 685/750/400
f 682/751/401 405/752/402 425/753/403 686/754/404
f 413/755/405 412/756/405 427/757/405 424/758/405
f 439/759/406 404/760/406 426/761/406 444/762/406
f 435/763/407 413/755/407 424/758/407 445/764/407
f 686/754/404 425/753/403 430/748/408 687/747/409
f 424/758/410 427/757/410 431/745/410 428/694/410
f 444/762/411 426/761/411 429/742/411 446/741/411
f 445/764/412 424/758/412 428/694/412 447/693/412
f 425/753/413 445/764/413 447/693/413 430/748/413
f 427/765/414 444/762/414 446/741/414 431/766/414
f 405/752/415 435/763/415 445/764/415 425/753/415
f 412/767/416 439/759/416 444/762/416 427/765/416
f 431/766/417 446/741/417 451/744/417 452/768/417
f 469/769/418 468/770/418 460/771/418 462/772/418
f 409/735/419 437/685/419 441/697/419 419/727/419
f 394/692/420 433/721/420 440/723/420 414/702/420
f 393/703/421 434/724/421 435/736/421 405/713/421
f 679/773/422 688/725/422 438/722/422 395/691/422
f 414/702/423 440/723/423 434/724/423 393/703/423
f 394/692/424 395/691/424 438/722/424 433/721/424
f 408/718/425 436/700/425 439/716/425 412/719/425
f 419/727/426 441/697/426 436/700/426 408/718/426
f 430/748/427 447/693/427 448/696/427 449/749/427
f 409/735/428 406/734/428 432/686/428 437/685/428
f 454/774/429 457/775/429 456/776/429 455/777/429
f 458/778/430 454/779/430 455/780/430 459/781/430
f 467/782/431 466/783/432 464/784/432 461/785/431
f 473/786/433 476/787/433 457/775/433 454/788/433
f 472/789/434 474/737/434 458/740/434 459/790/434
f 476/787/435 475/791/435 456/776/435 457/775/435
f 478/792/436 477/793/436 461/785/436 464/784/436
f 479/794/436 478/792/436 464/784/436 465/795/436
f 466/796/432 470/797/437 465/795/437 464/798/432
f 481/799/438 471/800/438 463/801/438 479/794/438
f 480/802/439 467/803/439 461/785/439 477/793/439
f 471/800/440 469/769/440 462/772/440 463/801/440
f 421/804/441 442/805/441 469/769/441 471/800/441
f 472/789/442 459/790/442 467/806/442 480/807/442
f 475/791/443 421/804/443 471/800/443 481/799/443
f 455/777/444 456/776/445 470/797/445 466/796/444
f 459/781/446 455/780/444 466/783/444 467/782/446
f 442/805/447 423/808/447 468/770/447 469/769/447
f 456/776/448 475/791/448 481/799/448 470/797/448
f 423/808/449 472/789/449 480/807/449 468/770/449
f 468/770/450 480/807/450 477/809/450 460/771/450
f 470/797/451 481/799/451 479/794/451 465/795/451
f 463/801/452 462/810/452 478/792/452 479/794/452
f 462/810/452 460/811/452 477/793/452 478/792/452
f 420/812/453 421/804/453 475/791/453 476/787/453
f 423/808/454 422/813/454 474/737/454 472/789/454
f 443/814/455 420/812/455 476/787/455 473/786/455
f 422/813/456 443/815/456 473/738/456 474/737/456
f 482/816/457 483/817/457 484/818/457
f 496/819/458 494/820/458 502/821/458 503/822/458
f 501/823/459 499/824/459 483/825/459 482/826/459
f 496/827/460 503/828/460 504/829/460 495/830/460
f 500/831/461 485/832/461 483/825/461 499/824/461
f 494/820/462 491/833/462 493/834/462 497/835/462
f 498/836/463 490/837/464 492/838/465 501/823/463
f 495/830/466 497/835/466 493/834/466 492/838/466
f 498/839/467 500/831/467 491/833/467 490/840/467
f 504/829/468 505/841/468 497/835/468 495/830/468
f 502/821/469 494/820/469 497/835/469 505/841/469
f 490/837/464 496/827/470 495/830/470 492/838/465
f 490/840/471 491/833/471 494/820/471 496/819/471
f 484/842/472 485/832/472 500/831/472 498/839/472
f 484/818/473 483/817/473 485/843/473
f 484/844/474 498/836/474 501/823/474 482/826/474
f 491/833/475 500/831/475 499/824/475 493/834/475
f 492/838/476 493/834/476 499/824/476 501/823/476
f 489/845/477 488/846/478 503/822/478 502/821/477
f 488/847/478 486/848/479 504/829/479 503/828/478
f 487/849/479 489/845/477 502/821/477 505/841/479
f 486/848/479 487/849/479 505/841/479 504/829/479
f 513/850/480 512/851/480 511/852/480 510/853/480
f 520/854/481 518/855/481 513/850/481 510/853/481
f 521/856/482 520/854/482 510/853/482 511/857/482
f 518/858/483 519/859/483 512/851/483 513/850/483
f 519/860/484 521/861/484 511/852/484 512/851/484
f 525/862/485 538/863/485 523/864/485 516/865/485 517/866/485
f 517/866/486 514/867/486 527/868/486 529/869/486
f 523/870/487 522/871/487 515/872/487 516/873/487
f 522/871/488 524/874/488 514/875/488 515/872/488
f 516/873/489 515/872/489 520/854/489 521/856/489
f 515/872/490 514/875/490 518/855/490 520/854/490
f 506/876/491 509/877/491 524/874/491 522/871/491
f 507/878/492 506/876/492 522/871/492 523/870/492
f 508/879/493 507/880/493 523/864/493 538/863/493
f 526/881/494 528/882/494 532/883/494 530/884/494
f 525/862/495 517/866/495 529/869/495 528/882/495
f 514/875/496 524/874/496 526/885/496 527/886/496
f 524/887/497 525/862/497 528/882/497 526/881/497
f 533/888/498 531/889/498 535/890/498 537/891/498
f 528/882/499 529/869/499 533/888/499 532/883/499
f 529/869/500 527/868/500 531/889/500 533/888/500
f 527/886/501 526/885/501 530/892/501 531/893/501
f 534/894/502 536/895/502 537/891/502 535/890/502
f 531/893/503 530/892/503 534/896/503 535/897/503
f 530/884/504 532/883/504 536/895/504 534/894/504
f 532/883/505 533/888/505 537/891/505 536/895/505
f 514/867/506 517/866/506 516/865/506 521/898/506 519/899/506 518/900/506
f 508/879/507 538/863/507 525/862/507 524/887/507 509/901/507
f 551/902/508 554/903/508 403/683/360 391/682/360
f 576/904/509 543/905/509 544/906/509 571/907/509
f 689/908/510 541/909/510 542/910/510 690/911/510
f 586/912/511 587/913/511 592/914/511 567/915/511
f 580/916/512 575/917/512 539/918/512 556/919/512
f 694/920/513 691/921/514 540/922/515 555/923/515
f 693/924/516 552/925/517 401/707/517 681/706/518
f 557/926/519 551/902/519 391/682/373 415/710/373
f 548/927/520 400/712/520 401/707/520 552/925/520
f 691/921/521 692/928/522 546/929/523 540/922/523
f 575/917/524 578/930/524 545/931/524 539/918/524
f 390/717/379 402/720/379 553/932/525 549/933/525
f 572/934/526 548/927/526 552/925/526 577/935/526
f 579/936/527 573/937/527 551/902/527 557/926/527
f 698/938/528 577/935/528 552/925/528 693/924/528
f 416/726/384 390/717/384 549/933/529 558/939/529
f 402/940/530 403/941/530 554/942/530 553/943/530
f 398/732/531 550/944/531 547/945/531 399/733/531
f 573/937/532 574/946/532 554/903/532 551/902/532
f 398/732/389 416/726/389 558/939/533 550/944/533
f 572/934/534 579/936/534 557/926/534 548/927/534
f 548/927/535 557/926/535 415/710/535 400/712/535
f 689/908/536 694/920/537 555/923/538 541/909/538
f 576/904/539 580/916/539 556/919/539 543/905/539
f 613/947/540 597/948/540 593/949/540 612/950/540
f 585/951/541 590/952/541 589/953/541 568/954/541
f 567/915/542 592/914/542 591/955/542 570/956/542
f 697/957/543 695/958/543 588/959/543 569/960/543
f 692/961/544 696/962/545 564/963/546 546/964/547
f 554/965/548 563/966/548 566/967/548 553/968/548
f 578/969/549 583/970/549 565/971/549 545/972/549
f 574/973/550 584/974/550 563/966/550 554/965/550
f 696/962/545 697/957/551 569/960/552 564/963/546
f 563/966/553 567/915/553 570/956/553 566/967/553
f 583/970/554 585/951/554 568/954/554 565/971/554
f 584/974/555 586/912/555 567/915/555 563/966/555
f 564/963/556 569/960/556 586/912/556 584/974/556
f 566/975/557 570/976/557 585/951/557 583/970/557
f 546/964/558 564/963/558 584/974/558 574/973/558
f 553/977/559 566/975/559 583/970/559 578/969/559
f 570/976/560 591/978/560 590/952/560 585/951/560
f 608/979/561 601/980/561 599/981/561 607/982/561
f 550/944/562 558/939/562 580/916/562 576/904/562
f 541/909/563 555/923/563 579/936/563 572/934/563
f 540/922/564 546/929/564 574/946/564 573/937/564
f 690/983/565 542/910/565 577/935/565 698/938/565
f 555/923/566 540/922/566 573/937/566 579/936/566
f 541/909/567 572/934/567 577/935/567 542/910/567
f 549/933/568 553/932/568 578/930/568 575/917/568
f 558/939/569 549/933/569 575/917/569 580/916/569
f 569/960/570 588/959/570 587/913/570 586/912/570
f 550/944/571 576/904/571 571/907/571 547/945/571
f 593/984/572 594/985/572 595/986/572 596/987/572
f 597/948/573 598/988/573 594/989/573 593/949/573
f 606/990/574 600/991/574 603/992/575 605/993/575
f 612/994/576 593/995/576 596/987/576 615/996/576
f 611/997/577 598/998/577 597/999/577 613/1000/577
f 615/996/578 596/987/578 595/986/578 614/1001/578
f 617/1002/579 603/992/579 600/991/579 616/1003/579
f 618/1004/579 604/1005/579 603/992/579 617/1002/579
f 605/1006/575 603/1007/575 604/1005/580 609/1008/580
f 620/1009/581 618/1004/581 602/1010/581 610/1011/581
f 619/1012/582 616/1003/582 600/991/582 606/1013/582
f 610/1011/583 602/1010/583 601/980/583 608/979/583
f 560/1014/584 610/1011/584 608/979/584 581/1015/584
f 611/997/585 619/1012/585 606/1013/585 598/998/585
f 614/1001/586 620/1009/586 610/1011/586 560/1014/586
f 594/985/587 605/1006/587 609/1008/588 595/986/588
f 598/988/589 606/990/589 605/993/587 594/989/587
f 581/1015/590 608/979/590 607/982/590 562/1016/590
f 595/986/591 609/1008/591 620/1009/591 614/1001/591
f 562/1016/592 607/982/592 619/1017/592 611/1018/592
f 607/1019/593 599/1020/593 616/1003/593 619/1012/593
f 609/1008/594 604/1005/594 618/1004/594 620/1009/594
f 602/1010/595 618/1004/595 617/1002/595 601/1021/595
f 601/1021/595 617/1002/595 616/1003/595 599/1020/595
f 559/1022/596 615/996/596 614/1001/596 560/1014/596
f 562/1016/597 611/1018/597 613/1023/597 561/1024/597
f 582/1025/598 612/994/598 615/996/598 559/1022/598
f 561/1024/599 613/1023/599 612/1026/599 582/1027/599
f 621/1028/600 623/1029/600 622/1030/600
f 635/1031/601 642/1032/601 641/1033/601 633/1034/601
f 640/1035/602 621/1036/602 622/1037/602 638/1038/602
f 635/1039/603 634/1040/603 643/1041/603 642/1042/603
f 639/1043/604 638/1038/604 622/1037/604 624/1044/604
f 633/1034/605 636/1045/605 632/1046/605 630/1047/605
f 637/1048/606 640/1035/606 631/1049/607 629/1050/608
f 634/1040/609 631/1049/609 632/1046/609 636/1045/609
f 637/1051/610 629/1052/610 630/1047/610 639/1043/610
f 643/1041/611 634/1040/611 636/1045/611 644/1053/611
f 641/1033/612 644/1053/612 636/1045/612 633/1034/612
f 629/1050/608 631/1049/607 634/1040/613 635/1039/613
f 629/1052/614 635/1031/614 633/1034/614 630/1047/614
f 623/1054/615 637/1051/615 639/1043/615 624/1044/615
f 623/1029/616 624/1055/616 622/1030/616
f 623/1056/617 621/1036/617 640/1035/617 637/1048/617
f 630/1047/618 632/1046/618 638/1038/618 639/1043/618
f 631/1049/619 640/1035/619 638/1038/619 632/1046/619
f 628/1057/620 641/1033/620 642/1032/621 627/1058/621
f 627/1059/621 642/1042/621 643/1041/621 625/1060/621
f 626/1061/621 644/1053/621 641/1033/620 628/1057/620
f 625/1060/621 643/1041/621 644/1053/621 626/1061/621
f 652/1062/622 649/1063/622 650/1064/622 651/1065/622
f 659/1066/623 649/1063/623 652/1062/623 657/1067/623
f 660/1068/624 650/1069/624 649/1063/624 659/1066/624
f 657/1070/625 652/1062/625 651/1065/625 658/1071/625
f 658/1072/626 651/1065/626 650/1064/626 660/1073/626
f 664/1074/627 656/1075/627 655/1076/627 662/1077/627 677/1078/627
f 656/1075/628 668/1079/628 666/1080/628 653/1081/628
f 662/1082/629 655/1083/629 654/1084/629 661/1085/629
f 661/1085/630 654/1084/630 653/1086/630 663/1087/630
f 655/1083/631 660/1068/631 659/1066/631 654/1084/631
f 654/1084/632 659/1066/632 657/1067/632 653/1086/632
f 645/1088/633 661/1085/633 663/1087/633 648/1089/633
f 646/1090/634 662/1082/634 661/1085/634 645/1088/634
f 647/1091/635 677/1078/635 662/1077/635 646/1092/635
f 665/1093/636 669/1094/636 671/1095/636 667/1096/636
f 664/1074/637 667/1096/637 668/1079/637 656/1075/637
f 653/1086/638 666/1097/638 665/1098/638 663/1087/638
f 663/1099/639 665/1093/639 667/1096/639 664/1074/639
f 672/1100/640 676/1101/640 674/1102/640 670/1103/640
f 667/1096/641 671/1095/641 672/1100/641 668/1079/641
f 668/1079/642 672/1100/642 670/1103/642 666/1080/642
f 666/1097/643 670/1104/643 669/1105/643 665/1098/643
f 673/1106/644 674/1102/644 676/1101/644 675/1107/644
f 670/1104/645 674/1108/645 673/1109/645 669/1105/645
f 669/1094/646 673/1106/646 675/1107/646 671/1095/646
f 671/1095/647 675/1107/647 676/1101/647 672/1100/647
f 653/1081/648 657/1110/648 658/1111/648 660/1112/648 655/1076/648 656/1075/648
f 647/1091/649 648/1113/649 663/1099/649 664/1074/649 677/1078/649
f 544/906/650 690/1114/650 698/1115/650 571/907/650
f 565/971/651 568/954/652 697/957/551 696/962/545
f 545/972/653 565/971/651 696/962/545 692/961/544
f 568/954/543 589/953/543 695/958/543 697/957/543
f 543/905/654 556/919/654 694/1116/537 689/1117/536
f 571/907/655 698/1115/655 693/1118/655 547/945/655
f 539/918/656 545/931/656 692/1119/522 691/1120/521
f 547/945/657 693/1118/516 681/1121/518 399/733/657
f 556/919/658 539/918/658 691/1120/514 694/1116/513
f 543/905/659 689/1117/659 690/1122/659 544/906/659
f 397/687/660 432/686/660 688/1123/660 679/1124/660
f 426/761/661 686/754/404 687/747/409 429/742/662
f 404/760/663 682/751/401 686/754/404 426/761/661
f 429/742/400 687/747/400 685/750/400 450/743/400
f 396/688/664 678/1125/393 684/1126/395 417/698/664
f 432/686/665 406/734/665 683/1127/665 688/1123/665
f 392/699/666 680/1128/375 682/1129/377 404/715/666
f 406/734/667 399/733/667 681/1121/370 683/1127/369
f 417/698/668 684/1126/366 680/1128/368 392/699/668
f 396/688/669 397/687/669 679/1130/362 678/1125/362
f 699/1131/670 700/1132/670 702/1133/670 701/1134/670
f 701/1134/671 702/1133/671 704/1135/671 703/1136/671
f 703/1136/672 704/1135/672 706/1137/672 705/1138/672
f 705/1138/673 706/1137/673 708/1139/673 707/1140/673
f 707/1140/674 708/1139/674 710/1141/674 709/1142/674
f 709/1142/675 710/1141/675 712/1143/675 711/1144/675
f 711/1144/676 712/1143/676 714/1145/676 713/1146/676
f 713/1146/677 714/1145/677 716/1147/677 715/1148/677
f 715/1148/678 716/1147/678 718/1149/678 717/1150/678
f 717/1150/679 718/1149/679 720/1151/679 719/1152/679
f 719/1152/680 720/1151/680 722/1153/680 721/1154/680
f 721/1154/681 722/1153/681 724/1155/681 723/1156/681
f 723/1156/682 724/1155/682 726/1157/682 725/1158/682
f 725/1158/683 726/1157/683 728/1159/683 727/1160/683
f 727/1160/684 728/1159/684 730/1161/684 729/1162/684
f 729/1162/685 730/1161/685 732/1163/685 731/1164/685
f 731/1164/686 732/1163/686 734/1165/686 733/1166/686
f 733/1166/687 734/1165/687 736/1167/687 735/1168/687
f 735/1168/688 736/1167/688 738/1169/688 737/1170/688
f 737/1170/689 738/1169/689 740/1171/689 739/1172/689
f 739/1172/690 740/1171/690 742/1173/690 741/1174/690
f 741/1174/691 742/1173/691 744/1175/691 743/1176/691
f 743/1176/692 744/1175/692 746/1177/692 745/1178/692
f 745/1178/693 746/1177/693 748/1179/693 747/1180/693
f 747/1180/694 748/1179/694 750/1181/694 749/1182/694
f 749/1182/695 750/1181/695 752/1183/695 751/1184/695
f 751/1184/696 752/1183/696 754/1185/696 753/1186/696
f 753/1186/697 754/1185/697 756/1187/697 755/1188/697
f 755/1188/698 756/1187/698 758/1189/698 757/1190/698
f 757/1190/699 758/1189/699 760/1191/699 759/1192/699
f 702/1193/700 700/1194/700 762/1195/700 760/1196/700 758/1197/700 756/1198/700 754/1199/700 752/1200/700 750/1201/700 748/1202/700 746/1203/700 744/1204/700 742/1205/700 740/1206/700 738/1207/700 736/1208/700 734/1209/700 732/1210/700 730/1211/700 728/1212/700 726/1213/700 724/1214/700 722/1215/700 720/1216/700 718/1217/700 716/1218/700 714/1219/700 712/1220/700 710/1221/700 708/1222/700 706/1223/700 704/1224/700
f 759/1192/701 760/1191/701 762/1225/701 761/1226/701
f 761/1226/702 762/1225/702 700/1227/702 699/1228/702
f 699/1229/703 701/1230/703 703/1231/703 705/1232/703 707/1233/703 709/1234/703 711/1235/703 713/1236/703 715/1237/703 717/1238/703 719/1239/703 721/1240/703 723/1241/703 725/1242/703 727/1243/703 729/1244/703 731/1245/703 733/1246/703 735/1247/703 737/1248/703 739/1249/703 741/1250/703 743/1251/703 745/1252/703 747/1253/703 749/1254/703 751/1255/703 753/1256/703 755/1257/703 757/1258/703 759/1259/703 761/1260/703
