# Blender 5.0.1
# www.blender.org
mtllib Sewer1.mtl
o Serwers_002.mesh.002
v 0.000000 4.797096 -4.386930
v -0.000000 4.797097 4.386930
v -4.386931 4.797096 -0.000000
v -4.386931 -1.472444 -0.000000
v -0.000000 -1.472444 4.386930
v 0.000000 -1.472444 -4.386930
v -0.979492 -1.472444 -4.386930
v -4.386931 -1.472444 -0.979492
v -0.979493 -1.472444 4.386930
v -4.386931 -0.701551 -1.157323
v -1.157324 -0.701551 4.386930
v -1.157324 -0.701551 -4.386930
v -2.648009 -0.701551 -4.386930
v -2.648010 -0.701551 4.386930
v -4.386931 -0.701551 -2.648009
v -3.302014 0.656503 -4.386930
v -3.302014 0.656503 4.386930
v -4.386931 0.656503 -3.302013
v -3.302014 2.163829 -4.386930
v -3.302014 2.163829 4.386930
v -4.386931 2.163829 -3.302013
v -2.648010 3.521883 -4.386930
v -2.648010 3.521883 4.386930
v -4.386931 3.521882 -2.648009
v -1.469535 4.461685 -4.386930
v -4.386931 4.461685 -1.469535
v -1.469535 4.461685 4.386930
v -4.386931 -1.472444 0.979492
v -4.386931 -0.701551 1.157323
v -4.386931 -0.701551 2.648009
v -4.386931 0.656503 3.302013
v -4.386931 2.163829 3.302013
v -4.386931 3.521883 2.648008
v -4.386931 4.461685 1.469534
v -1.157324 -0.701551 -1.157323
v -2.648009 -0.701551 -1.157323
v -0.979493 -1.472444 -0.979492
v 0.000000 -1.472444 -0.979492
v -2.648009 -0.701551 -2.648009
v -1.157324 -0.701551 -2.648009
v -3.302014 0.656503 -3.302013
v -3.302014 2.163829 -3.302013
v -2.648010 3.521883 -2.648009
v -1.469535 4.461685 -1.469535
v -0.000000 4.797096 -0.000000
v -0.979493 -1.472444 0.979492
v 0.000000 -1.472444 0.979492
v -0.631380 -1.472444 0.979492
v -1.157324 -0.701551 1.157323
v -2.648010 -0.701551 1.157323
v -3.302014 0.656503 3.302013
v -2.648010 -0.701551 2.648009
v -1.157324 -0.701551 2.648009
v -3.302014 2.163829 3.302013
v -2.648010 3.521883 2.648009
v -1.469535 4.461685 1.469534
v -0.979493 -1.472444 0.000000
v -0.979493 -1.472444 0.631379
v 0.000000 -1.472444 -0.489746
v 0.000000 -1.472444 0.000000
v -0.572534 -1.472444 0.572534
v 4.386931 4.797097 0.000000
v 4.386931 -1.472444 0.000000
v 0.979493 -1.472444 -4.386930
v 4.386931 -1.472444 -0.979492
v 0.979493 -1.472444 4.386930
v 4.386931 -0.701551 -1.157323
v 1.157324 -0.701551 4.386930
v 1.157324 -0.701551 -4.386930
v 2.648010 -0.701551 -4.386930
v 2.648010 -0.701551 4.386930
v 4.386931 -0.701551 -2.648008
v 3.302014 0.656503 -4.386930
v 3.302014 0.656503 4.386930
v 4.386931 0.656503 -3.302013
v 3.302014 2.163829 -4.386930
v 3.302014 2.163829 4.386930
v 4.386931 2.163829 -3.302013
v 2.648010 3.521883 -4.386930
v 2.648009 3.521883 4.386930
v 4.386931 3.521883 -2.648009
v 1.469535 4.461685 -4.386930
v 4.386931 4.461685 -1.469534
v 1.469535 4.461685 4.386930
v 4.386931 -1.472444 0.979492
v 4.386931 -0.701551 1.157324
v 4.386931 -0.701550 2.648009
v 4.386931 0.656503 3.302013
v 4.386931 2.163829 3.302013
v 4.386931 3.521883 2.648009
v 4.386931 4.461685 1.469534
v 1.157324 -0.701551 -1.157323
v 2.648010 -0.701551 -1.157323
v 0.979493 -1.472444 -0.979492
v 2.648010 -0.701551 -2.648009
v 1.157324 -0.701551 -2.648009
v 3.302014 0.656503 -3.302013
v 3.302014 2.163829 -3.302013
v 2.648010 3.521883 -2.648009
v 1.469535 4.461685 -1.469534
v 0.979493 -1.472444 0.979492
v 0.631380 -1.472444 0.979492
v 1.157324 -0.701551 1.157323
v 2.648010 -0.701551 1.157323
v 3.302014 0.656503 3.302013
v 2.648010 -0.701551 2.648009
v 1.157324 -0.701551 2.648009
v 3.302014 2.163829 3.302013
v 2.648009 3.521883 2.648009
v 1.469535 4.461685 1.469534
v 0.979493 -1.472444 0.000000
v 0.979493 -1.472444 0.631380
v 0.572535 -1.472444 0.572534
vn -0.0000 1.0000 -0.0000
vn -0.0000 0.2248 0.9744
vn -0.0000 0.4339 0.9010
vn -0.0000 0.2481 0.9687
vn -0.0000 0.2225 0.9749
vn -0.0000 -0.2481 0.9687
vn -0.0000 -0.2225 0.9749
vn -0.0000 -0.6781 0.7350
vn -0.0000 -0.6235 0.7818
vn 0.1758 -0.9686 0.1758
vn -0.0000 -0.9010 0.4339
vn -0.0000 -1.0000 -0.0000
vn -0.0000 0.2248 -0.9744
vn -0.0000 0.2481 -0.9687
vn -0.0000 0.4339 -0.9010
vn -0.0000 0.2225 -0.9749
vn -0.0000 -0.2481 -0.9687
vn -0.0000 -0.2225 -0.9749
vn -0.0000 -0.6781 -0.7350
vn -0.0000 -0.6235 -0.7818
vn -0.0000 -0.9010 -0.4339
vn 0.1758 -0.9686 -0.1758
vn 0.9744 0.2248 -0.0000
vn 0.9687 0.2481 -0.0000
vn 0.9010 0.4339 -0.0000
vn 0.9749 0.2225 -0.0000
vn 0.9749 -0.2225 -0.0000
vn 0.9687 -0.2481 -0.0000
vn 0.7818 -0.6235 -0.0000
vn 0.7350 -0.6781 -0.0000
vn 0.4339 -0.9010 -0.0000
vn -0.1758 -0.9686 0.1758
vn -0.1758 -0.9686 -0.1758
vn -0.9744 0.2248 -0.0000
vn -0.9687 0.2481 -0.0000
vn -0.9749 0.2225 -0.0000
vn -0.9010 0.4339 -0.0000
vn -0.9749 -0.2225 -0.0000
vn -0.9687 -0.2481 -0.0000
vn -0.7818 -0.6235 -0.0000
vn -0.7350 -0.6781 -0.0000
vn -0.4339 -0.9010 -0.0000
vt 0.308444 1.237606
vt 0.308444 1.006753
vt -0.494644 1.006753
vt -0.494644 1.237606
vt 0.539298 1.237606
vt 0.266532 0.195233
vt -0.084803 0.195233
vt -0.494644 0.195233
vt -0.494644 0.013544
vt 0.308444 0.013544
vt -0.084803 0.997347
vt -0.084803 0.646012
vt -0.494644 0.646012
vt -0.494644 0.997347
vt 0.736117 0.995588
vt 1.040246 0.995588
vt 1.040246 0.691459
vt -0.327959 0.005138
vt -0.025010 0.005138
vt -0.138949 0.241734
vt -0.327959 0.241734
vt -0.327959 0.241734
vt -0.138949 0.504335
vt -0.327959 0.504334
vt -0.327959 0.504335
vt -0.025010 0.740930
vt -0.327959 0.740930
vt -0.327959 0.533535
vt -0.025010 0.533535
vt 0.180299 0.738845
vt -0.327959 0.738845
vt -0.327959 0.738845
vt 0.436316 0.994861
vt -0.327959 0.994861
vt 0.308444 1.088799
vt -0.494644 1.237607
vt -0.494644 1.006753
vt 0.404359 1.102668
vt 0.390490 1.006753
vt -0.084803 0.195233
vt 0.266532 0.195233
vt -0.494644 0.013544
vt -0.494644 0.195233
vt -0.084803 0.646012
vt -0.084803 0.997347
vt -0.040246 0.691459
vt -0.040246 0.995588
vt 0.263883 0.995588
vt -0.138949 0.241734
vt -0.025010 0.005138
vt -0.327959 0.241734
vt -0.327959 0.241734
vt -0.327959 0.504334
vt -0.025010 0.740930
vt -0.327959 0.504335
vt -0.327959 0.740930
vt -0.327959 0.738845
vt 0.180299 0.738845
vt -0.025010 0.533535
vt -0.327959 0.533535
vt -0.327959 0.994861
vt -0.327959 0.738845
vt 0.770151 1.236073
vt 1.573239 1.237779
vt 1.573239 1.007217
vt 0.770151 1.006753
vt -0.494644 1.006753
vt -0.494644 1.237606
vt 1.573239 0.195233
vt 1.163398 0.195233
vt 0.812064 0.195233
vt 0.770151 0.013544
vt 1.573240 0.013544
vt -0.494644 0.013544
vt 1.163399 0.646012
vt 1.163399 0.997347
vt 1.573240 0.997347
vt 1.573240 0.646012
vt -0.084803 0.684337
vt -0.499574 0.684337
vt -0.499574 0.997347
vt -0.084803 0.997347
vt 1.011581 0.241734
vt 0.897642 0.005138
vt 1.200591 0.005138
vt 1.200591 0.241734
vt -0.327959 0.005138
vt -0.025010 0.005138
vt -0.327959 0.241734
vt 0.921226 0.502913
vt 1.109877 0.502913
vt 1.109877 0.240812
vt 0.921226 0.240812
vt 0.920944 0.240812
vt 0.920944 0.502913
vt 1.109596 0.502913
vt 1.109596 0.240812
vt 1.200591 0.740930
vt 0.897642 0.740930
vt 1.011581 0.504334
vt 1.200592 0.504334
vt -0.327959 0.504335
vt -0.025010 0.740930
vt -0.327959 0.740930
vt 0.692333 0.738845
vt 0.897642 0.533535
vt 1.200591 0.533535
vt 1.200591 0.738845
vt -0.327959 0.738845
vt -0.327959 0.533535
vt -0.025010 0.533535
vt 1.200591 0.738845
vt 1.200591 0.994862
vt -0.327959 0.994861
vt -0.327959 0.738845
vt 0.266532 0.997347
vt 0.002985 0.647853
vt 0.002985 0.999616
vt 0.354747 0.999616
vt 0.654724 1.237606
vt -0.494644 0.013544
vt -0.494644 0.195233
vt -0.494644 0.646012
vt -0.327959 0.005138
vt -0.327959 0.241734
vt -0.327959 0.241734
vt -0.327959 0.504335
vt -0.327959 0.504334
vt -0.327959 0.740930
vt -0.327959 0.533535
vt -0.327959 0.738845
vt -0.327959 0.994862
vt -0.494644 1.237607
vt -0.494644 0.997347
vt -0.327959 0.241734
vt -0.327959 0.005138
vt -0.327959 0.504335
vt -0.327959 0.241734
vt -0.327959 0.740930
vt -0.327959 0.994862
vt 1.573239 1.007217
vt -0.494644 1.006753
vt 1.573239 0.013544
vt -0.494644 0.013544
vt 1.573240 0.646012
vt 1.573240 0.997347
vt 1.200591 0.241734
vt 1.200591 0.005138
vt -0.327959 0.005138
vt -0.327959 0.241734
vt 1.200591 0.740929
vt 1.200591 0.504334
vt -0.327959 0.504334
vt -0.327959 0.740930
vt -0.327959 0.533535
vt 1.200591 0.994861
vt 1.200591 0.738845
vt -0.327959 0.994862
vt -0.327959 0.738845
s 1
usemtl concrete_base.006
f 57/1/1 37/2/1 8/3/1 4/4/1
f 57/1/1 60/5/1 37/2/1
f 35/6/2 36/7/2 10/8/2 8/9/2 37/10/2
f 36/11/1 39/12/1 15/13/1 10/14/1
f 35/15/1 40/16/1 39/17/1
f 46/2/1 58/35/1 57/1/1 4/36/1 28/37/1
f 58/35/1 61/38/1 60/5/1 57/1/1
f 48/39/1 61/38/1 46/2/1
f 50/40/13 49/41/13 46/10/13 28/42/13 29/43/13
f 52/44/1 50/45/1 29/14/1 30/13/1
f 52/46/1 53/47/1 49/48/1
f 38/63/1 6/64/1 7/65/1 37/66/1
f 48/35/1 46/2/1 9/67/1 5/68/1 47/1/1
f 12/69/23 40/70/23 35/71/23 37/72/23 7/73/23
f 49/41/23 53/40/23 11/43/23 9/74/23 46/10/23
f 39/75/1 40/76/1 12/77/1 13/78/1
f 52/79/1 14/80/1 11/81/1 53/82/1
f 49/116/1 50/45/1 52/79/1
f 39/117/1 36/118/1 35/119/1
f 61/38/1 58/39/1 46/2/1
f 61/38/1 48/35/1 47/1/1 60/5/1
f 60/5/1 59/120/1 38/63/1 37/66/1
f 111/1/1 63/36/1 65/3/1 94/2/1
f 111/1/1 94/2/1 60/5/1
f 92/6/2 94/10/2 65/121/2 67/122/2 93/7/2
f 93/11/1 67/14/1 72/123/1 95/12/1
f 92/15/1 95/17/1 96/16/1
f 101/2/1 85/3/1 63/133/1 111/1/1 112/35/1
f 112/35/1 111/1/1 60/5/1 113/38/1
f 104/40/13 86/43/13 85/9/13 101/10/13 103/41/13
f 106/44/1 87/13/1 86/134/1 104/45/1
f 106/46/1 103/48/1 107/47/1
f 38/63/1 94/66/1 64/141/1 6/64/1
f 102/35/1 47/1/1 5/4/1 66/142/1 101/2/1
f 102/35/1 101/2/1 113/38/1
f 69/69/34 64/143/34 94/72/34 92/71/34 96/70/34
f 103/41/34 101/10/34 66/144/34 68/43/34 107/40/34
f 95/75/1 70/145/1 69/146/1 96/76/1
f 106/79/1 107/82/1 68/81/1 71/80/1
f 103/116/1 106/79/1 104/45/1
f 95/117/1 92/119/1 93/118/1
f 113/38/1 101/2/1 112/39/1
f 113/38/1 60/5/1 47/1/1 102/35/1
f 60/5/1 94/66/1 38/63/1 59/120/1
usemtl brick_modern_01.006
f 15/18/3 39/19/3 41/20/4 18/21/5
f 18/22/5 41/20/4 42/23/6 21/24/7
f 21/25/7 42/23/6 43/26/8 24/27/9
f 24/28/9 43/29/8 44/30/10 26/31/11
f 26/32/11 44/30/10 45/33/12 3/34/12
f 51/49/14 52/50/15 30/18/15 31/51/16
f 54/23/17 51/49/14 31/52/16 32/53/18
f 55/54/19 54/23/17 32/55/18 33/56/20
f 34/57/21 56/58/22 55/59/19 33/60/20
f 3/61/12 45/33/12 56/58/22 34/62/21
f 41/83/24 39/84/25 13/85/25 16/86/26
f 14/87/25 52/88/25 51/49/24 17/89/26
f 19/90/27 42/91/28 41/92/24 16/93/26
f 51/94/24 54/95/28 20/96/27 17/97/26
f 22/98/29 43/99/30 42/100/28 19/101/27
f 20/102/27 54/23/28 55/103/30 23/104/29
f 44/105/10 43/106/30 22/107/29 25/108/31
f 27/109/31 23/110/29 55/111/30 56/58/22
f 45/33/12 44/105/10 25/112/31 1/113/12
f 2/114/12 27/115/31 56/58/22 45/33/12
f 72/124/3 75/125/5 97/20/4 95/19/3
f 75/126/5 78/127/7 98/23/6 97/20/4
f 78/128/7 81/129/9 99/26/8 98/23/6
f 81/130/9 83/32/11 100/30/32 99/29/8
f 83/131/11 62/132/12 45/33/12 100/30/32
f 105/49/14 88/135/16 87/136/15 106/50/15
f 108/23/17 89/137/18 88/138/16 105/49/14
f 109/54/19 90/139/20 89/55/18 108/23/17
f 91/32/21 90/130/20 109/59/19 110/58/33
f 62/140/12 91/31/21 110/58/33 45/33/12
f 97/83/35 73/147/36 70/148/37 95/84/37
f 71/149/37 74/150/36 105/49/35 106/88/37
f 76/90/38 73/93/36 97/92/35 98/91/39
f 105/94/35 74/97/36 77/96/38 108/95/39
f 79/151/40 76/152/38 98/100/39 99/99/41
f 77/153/38 80/154/40 109/103/41 108/23/39
f 100/105/32 82/112/42 79/107/40 99/106/41
f 84/57/42 110/58/33 109/111/41 80/155/40
f 45/33/12 1/156/12 82/157/42 100/105/32
f 2/158/12 45/33/12 110/58/33 84/159/42
o Serwers_003.mesh.002
v -3.945067 4.797095 0.000000
v -17.718927 4.797097 -0.000002
v -17.718929 -1.472444 -0.000002
v -3.945067 -1.472445 0.000000
v -3.945067 -1.472445 -0.979492
v -17.718929 -1.472444 -0.979494
v -17.718929 -0.701551 -1.157325
v -3.945067 -0.701552 -1.157323
v -3.945067 -0.701552 -2.648009
v -17.718927 -0.701551 -2.648011
v -3.945067 0.656502 -3.302013
v -17.718927 0.656503 -3.302015
v -3.945067 2.163828 -3.302013
v -17.718927 2.163829 -3.302015
v -3.945067 3.521882 -2.648009
v -17.718927 3.521883 -2.648011
v -3.945067 4.461684 -1.469534
v -17.718927 4.461685 -1.469536
v -3.945068 -1.472445 0.979492
v -17.718929 -1.472444 0.979490
v -17.718929 -0.701551 1.157321
v -3.945068 -0.701552 1.157323
v -3.945068 -0.701552 2.648009
v -17.718929 -0.701551 2.648006
v -3.945068 0.656502 3.302013
v -17.718929 0.656503 3.302011
v -3.945068 2.163828 3.302013
v -17.718929 2.163829 3.302011
v -3.945068 3.521882 2.648009
v -17.718929 3.521883 2.648006
v -3.945067 4.461684 1.469534
v -17.718929 4.461685 1.469532
vn -0.0000 1.0000 -0.0000
vn -0.0000 0.2248 0.9744
vn -0.0000 0.4339 0.9010
vn -0.0000 0.2225 0.9749
vn -0.0000 -0.2225 0.9749
vn -0.0000 -0.6235 0.7818
vn -0.0000 -0.9010 0.4339
vn -0.0000 -1.0000 -0.0000
vn -0.0000 0.2248 -0.9744
vn -0.0000 0.4339 -0.9010
vn -0.0000 0.2225 -0.9749
vn -0.0000 -0.2225 -0.9749
vn -0.0000 -0.6235 -0.7818
vn -0.0000 -0.9010 -0.4339
vt -0.258957 1.006753
vt -0.258957 1.237606
vt 2.987360 1.237606
vt 2.987360 1.006753
vt -0.258957 0.195233
vt -0.258957 0.013544
vt 2.987360 0.013544
vt 2.987360 0.195233
vt -0.258957 0.646012
vt -0.258957 0.997347
vt 2.987361 0.997347
vt 2.987360 0.646012
vt 2.245889 0.005138
vt 2.245889 0.241734
vt -0.153743 0.241734
vt -0.153743 0.005138
vt 2.245889 0.241734
vt 2.245889 0.504334
vt -0.153743 0.504335
vt 2.245889 0.504334
vt 2.245889 0.740930
vt -0.153743 0.740930
vt 2.245889 0.533535
vt 2.245889 0.738845
vt -0.153743 0.738845
vt -0.153743 0.533535
vt 2.245889 0.738845
vt 2.245889 0.994861
vt -0.153743 0.994861
s 1
usemtl concrete_base.001
f 119/160/43 116/161/43 117/162/43 118/163/43
f 120/164/44 119/165/44 118/166/44 121/167/44
f 123/168/43 120/169/43 121/170/43 122/171/43
f 133/160/43 132/163/43 117/162/43 116/161/43
f 134/164/51 135/167/51 132/166/51 133/165/51
f 137/168/43 136/171/43 135/170/43 134/169/43
usemtl brick_modern_01.001
f 122/172/45 124/173/46 125/174/46 123/175/45
f 124/176/46 126/177/47 127/178/47 125/174/46
f 126/179/47 128/180/48 129/181/48 127/178/47
f 128/182/48 130/183/49 131/184/49 129/185/48
f 130/186/49 114/187/50 115/188/50 131/184/49
f 136/172/52 137/175/52 139/174/53 138/173/53
f 138/176/53 139/174/53 141/178/54 140/177/54
f 140/179/54 141/178/54 143/181/55 142/180/55
f 142/182/55 143/185/55 145/184/56 144/183/56
f 144/186/56 145/184/56 115/188/50 114/187/50
o Serwers.002.mesh.002
v -21.590364 4.797097 -4.386932
v -17.203434 4.797096 -0.000002
v -17.203434 -1.472444 -0.000002
v -21.590364 -1.472444 -4.386932
v -17.203434 -1.472444 0.979490
v -20.610872 -1.472444 -4.386932
v -17.203434 -0.701551 1.157321
v -20.433041 -0.701551 -4.386932
v -18.942356 -0.701551 -4.386932
v -17.203434 -0.701551 2.648006
v -18.288351 0.656503 -4.386932
v -17.203432 0.656503 3.302011
v -18.288351 2.163829 -4.386932
v -17.203432 2.163829 3.302011
v -18.942356 3.521883 -4.386932
v -17.203432 3.521882 2.648007
v -17.203432 4.461685 1.469532
v -20.120831 4.461685 -4.386932
v -17.203434 -1.472444 -0.979494
v -17.203434 -0.701551 -1.157325
v -17.203434 -0.701551 -2.648011
v -17.203434 0.656503 -3.302015
v -17.203434 2.163829 -3.302015
v -17.203434 3.521883 -2.648011
v -17.203434 4.461685 -1.469536
v -20.433041 -0.701551 1.157321
v -18.942354 -0.701551 1.157321
v -20.610872 -1.472444 0.979490
v -21.590364 -1.472444 0.979490
v -18.942354 -0.701551 2.648007
v -20.433041 -0.701551 2.648007
v -21.590364 4.797096 -0.000001
v -20.610872 -1.472444 -0.979494
v -21.590364 -1.472444 -0.979494
v -20.958984 -1.472444 -0.979494
v -20.433041 -0.701551 -1.157325
v -18.942356 -0.701551 -1.157325
v -18.288351 0.656503 -3.302015
v -18.942356 -0.701551 -2.648011
v -20.433041 -0.701551 -2.648011
v -18.288351 2.163829 -3.302015
v -18.942356 3.521883 -2.648010
v -20.120831 4.461685 -1.469536
v -20.610872 -1.472444 -0.000002
v -20.610872 -1.472444 -0.631381
v -21.590364 -1.472444 0.489744
v -21.590364 -1.472444 -0.000002
v -21.017830 -1.472444 -0.572536
v -22.569859 -1.472444 -4.386932
v -22.747688 -0.701551 -4.386932
v -24.238375 -0.701551 -4.386931
v -24.892380 0.656503 -4.386931
v -24.892380 2.163829 -4.386931
v -24.238375 3.521883 -4.386931
v -23.059900 4.461685 -4.386932
v -22.747688 -0.701551 1.157321
v -24.238375 -0.701551 1.157322
v -22.569857 -1.472444 0.979490
v -24.238373 -0.701551 2.648007
v -22.747688 -0.701551 2.648007
v -24.892378 0.656503 3.302011
v -24.892378 2.163829 3.302011
v -24.238373 3.521883 2.648008
v -23.059898 4.461685 1.469533
v -22.569857 -1.472444 -0.979494
v -22.221745 -1.472444 -0.979494
v -22.747688 -0.701551 -1.157325
v -24.238375 -0.701551 -1.157325
v -24.238375 -0.701551 -2.648010
v -22.747688 -0.701551 -2.648010
v -22.569857 -1.472444 -0.000002
v -22.569857 -1.472444 -0.631381
v -22.162899 -1.472444 -0.572535
vn -0.0000 1.0000 -0.0000
vn -0.0000 0.2248 -0.9744
vn -0.0000 -0.2225 -0.9749
vn -0.0000 0.2225 -0.9749
vn -0.0000 0.1891 -0.9820
vn -0.0000 -0.1891 -0.9820
vn -0.0000 -0.6235 -0.7818
vn -0.0000 -0.5552 -0.8317
vn -0.0000 -0.9010 -0.4339
vn 0.2847 -0.9154 -0.2847
vn 0.0560 -0.9969 -0.0560
vn -0.0000 -1.0000 -0.0000
vn 0.9820 -0.1891 -0.0000
vn 0.9820 0.1891 -0.0000
vn 0.9749 0.2225 -0.0000
vn 0.9749 -0.2225 -0.0000
vn -0.0000 0.2248 0.9744
vn -0.0000 0.2481 0.9687
vn -0.0000 0.4339 0.9010
vn -0.0000 0.2225 0.9749
vn -0.0000 -0.2481 0.9687
vn -0.0000 -0.2225 0.9749
vn -0.0000 -0.6781 0.7350
vn -0.0000 -0.6235 0.7818
vn -0.0000 -0.9010 0.4339
vn -0.1758 -0.9686 0.1758
vn -0.9744 0.2248 -0.0000
vn -0.9010 0.4339 -0.0000
vn -0.9687 0.2481 -0.0000
vn -0.9749 0.2225 -0.0000
vn -0.9687 -0.2481 -0.0000
vn -0.9749 -0.2225 -0.0000
vn -0.7350 -0.6781 -0.0000
vn -0.7818 -0.6235 -0.0000
vn -0.4339 -0.9010 -0.0000
vn 0.4339 -0.9010 -0.0000
vn 0.9010 0.4339 -0.0000
vn 0.7818 -0.6235 -0.0000
vn 0.8317 -0.5552 -0.0000
vn 0.9744 0.2248 -0.0000
vn -0.0000 0.4339 -0.9010
vt 0.308444 1.237606
vt 0.308444 1.006753
vt -0.494644 1.006753
vt -0.494644 1.237606
vt 0.539298 1.237606
vt 0.266532 0.195233
vt -0.084803 0.195233
vt -0.494644 0.195233
vt -0.494644 0.013544
vt 0.308444 0.013544
vt -0.084803 0.997347
vt -0.084803 0.646012
vt -0.494644 0.646012
vt -0.494644 0.997347
vt 0.286431 0.993740
vt 0.286431 0.678370
vt -0.028939 0.678370
vt -0.328315 0.504334
vt -0.329814 0.241734
vt 1.011581 0.241734
vt 1.026375 0.504334
vt -0.329818 0.740930
vt -0.328349 0.504335
vt 0.897642 0.740930
vt -0.413602 0.699787
vt -0.413602 0.475675
vt 0.924238 0.475675
vt 0.700127 0.699787
vt 0.436316 0.994861
vt -0.327959 0.994862
vt -0.327959 0.738845
vt 0.692333 0.738845
vt -0.031817 0.462353
vt -0.031817 0.222667
vt 1.190830 0.222667
vt 1.190830 0.462353
vt 0.308444 1.088799
vt -0.494644 1.237606
vt 0.404359 1.102668
vt 0.390490 1.006753
vt -0.084803 0.195233
vt 0.266532 0.195233
vt -0.494644 0.013544
vt -0.494644 0.195233
vt -0.084803 0.646012
vt -0.084803 0.997347
vt -0.494644 0.997347
vt -0.040246 0.691459
vt -0.040246 0.995588
vt 0.263883 0.995588
vt -0.138949 0.241734
vt -0.025010 0.005138
vt -0.327959 0.005138
vt -0.327959 0.241734
vt -0.138949 0.504335
vt -0.327960 0.241734
vt -0.327959 0.504334
vt -0.025010 0.740930
vt -0.327959 0.504335
vt -0.327959 0.740930
vt -0.327959 0.738845
vt 0.180299 0.738845
vt -0.025010 0.533535
vt -0.327959 0.533535
vt -0.327959 0.994862
vt -0.327959 0.738845
vt -0.494644 1.006753
vt -0.494644 1.237606
vt -0.494644 0.195233
vt -0.494644 0.013544
vt -0.084803 0.684337
vt -0.499574 0.684337
vt -0.499574 0.997347
vt -0.084803 0.997347
vt -0.327959 0.005138
vt -0.025010 0.005138
vt -0.327959 0.241734
vt 0.917886 0.240812
vt 0.917886 0.502913
vt 1.106537 0.502913
vt 1.106537 0.240812
vt -0.327959 0.504335
vt -0.025010 0.740930
vt -0.327959 0.740930
vt -0.327959 0.738845
vt -0.327959 0.533535
vt -0.025010 0.533535
vt -0.327959 0.994861
vt -0.327959 0.738845
vt 0.266532 0.997347
vt 0.002985 0.647853
vt 0.002985 0.999616
vt 0.354747 0.999616
vt 0.540353 0.267298
vt 0.540353 0.138265
vt 0.540353 0.009232
vt 0.282287 0.009232
vt 0.307067 0.009087
vt 0.066198 0.009087
vt 0.307067 0.249956
vt 0.776119 0.993740
vt 1.091489 0.678370
vt 0.776119 0.678370
vt 0.462331 0.009087
vt 0.447860 0.109163
vt -0.327959 0.994862
vt -0.327959 0.738845
vt -0.327959 0.005138
vt -0.327959 0.241734
vt 0.897642 0.005138
vt -0.328349 0.504335
vt -0.329818 0.740930
vt 1.042421 0.706819
vt -0.071308 0.706819
vt -0.295420 0.482708
vt 1.042421 0.482708
vt -0.494644 1.237607
vt -0.494644 1.006753
vt 0.277052 0.012437
vt 0.522747 0.012437
vt 0.768441 0.012437
vt 0.813048 0.205807
vt 0.232445 0.205807
vt -0.494644 0.013544
vt 0.718527 0.992064
vt 1.000000 0.710591
vt 0.718527 0.710591
vt 0.000000 0.710591
vt 0.281473 0.992064
vt 0.281473 0.710591
vt 0.547936 0.009087
vt 0.547936 0.249956
vt 0.547936 0.094692
vt 0.798419 0.009232
vt -0.327959 0.241734
vt -0.327959 0.005138
vt -0.025010 0.005138
vt 0.278401 0.012236
vt 0.524096 0.012236
vt 0.682470 0.012236
vt 0.769790 0.012236
vt 0.814397 0.205606
vt 0.233794 0.205606
s 1
usemtl concrete_base.003
f 189/189/57 173/190/57 150/191/57 148/192/57
f 189/189/57 192/193/57 173/190/57
f 171/194/58 172/195/58 152/196/58 150/197/58 173/198/58
f 172/199/57 175/200/57 155/201/57 152/202/57
f 171/203/57 176/204/57 175/205/57
f 178/190/57 190/225/57 189/189/57 148/226/57 164/191/57
f 190/225/57 193/227/57 192/193/57 189/189/57
f 180/228/68 178/190/68 193/227/68
f 182/229/73 181/230/73 178/198/73 164/231/73 165/232/73
f 184/233/57 182/234/57 165/235/57 166/201/57
f 184/236/57 185/237/57 181/238/57
f 180/225/57 178/190/57 151/255/57 149/256/57 179/189/57
f 181/230/83 185/229/83 153/257/83 151/258/83 178/198/83
f 184/259/57 154/260/57 153/261/57 185/262/57
f 181/278/57 182/234/57 184/259/57
f 175/279/57 172/280/57 171/281/57
f 193/227/68 178/190/68 190/228/68
f 193/227/57 180/225/57 179/189/57 192/193/57
f 192/282/57 191/283/57 174/284/57 173/285/57
f 216/286/57 203/287/57 192/288/57
f 201/289/57 204/290/57 205/291/57
f 217/292/57 216/286/57 192/288/57 218/293/57
f 211/228/68 218/227/68 210/190/68
f 214/236/57 212/238/57 215/237/57
f 211/225/57 179/189/57 149/305/57 194/306/57 210/190/57
f 173/307/58 174/308/58 203/309/58 201/310/58 171/311/58
f 212/230/96 210/198/96 194/312/96 195/257/96 215/229/96
f 214/259/57 215/262/57 195/261/57 196/260/57
f 212/313/57 214/314/57 213/315/57
f 204/316/57 201/317/57 202/318/57
f 218/293/57 210/319/57 217/292/57
f 218/293/57 192/288/57 179/320/57 211/321/57
f 192/282/57 203/322/57 174/284/57 191/283/57
f 202/318/57 201/317/57 212/313/57 213/315/57
f 203/326/96 216/327/96 217/328/96 210/329/96 212/330/96 201/331/96
f 176/204/57 171/203/57 201/289/57 205/291/57
usemtl brick_modern_01.003
f 159/206/59 157/207/60 206/208/61 207/209/62
f 161/210/63 159/211/59 207/209/62 208/212/64
f 162/213/65 161/214/63 208/215/64 209/216/66
f 177/217/67 147/218/68 162/219/65 209/220/66
f 207/221/69 206/222/70 197/223/71 198/224/72
f 183/239/74 184/240/75 166/241/75 167/242/76
f 186/243/77 183/239/74 167/244/76 168/245/78
f 187/246/79 186/243/77 168/247/78 169/248/80
f 170/249/81 188/250/82 187/251/79 169/252/80
f 147/253/68 177/217/67 188/250/82 170/254/81
f 154/263/84 184/264/84 183/239/85 156/265/86
f 183/266/85 186/267/87 158/268/88 156/269/86
f 158/270/88 186/243/87 187/271/89 160/272/90
f 163/273/91 160/274/90 187/275/89 188/250/82
f 146/276/68 163/277/91 188/250/82 177/217/67
f 146/294/68 177/217/67 209/220/66 200/295/92
f 196/296/93 197/297/71 206/208/70 204/298/93 214/264/93
f 198/299/72 199/300/94 208/212/95 207/209/69
f 200/301/92 209/302/66 208/303/95 199/304/94
f 157/323/60 155/324/97 175/325/97 204/298/97 206/208/61
o Serwers_003.mesh.003
v 17.645298 4.797095 0.000004
v 3.871437 4.797097 0.000000
v 3.871436 -1.472444 0.000000
v 17.645298 -1.472445 0.000004
v 17.645298 -1.472445 -0.979488
v 3.871436 -1.472444 -0.979492
v 3.871436 -0.701551 -1.157323
v 17.645298 -0.701552 -1.157319
v 17.645298 -0.701552 -2.648005
v 3.871437 -0.701551 -2.648008
v 17.645298 0.656502 -3.302009
v 3.871437 0.656503 -3.302012
v 17.645298 2.163828 -3.302009
v 3.871437 2.163829 -3.302012
v 17.645298 3.521882 -2.648005
v 3.871437 3.521883 -2.648008
v 17.645298 4.461684 -1.469530
v 3.871437 4.461685 -1.469534
v 17.645296 -1.472445 0.979496
v 3.871436 -1.472444 0.979492
v 3.871436 -0.701551 1.157323
v 17.645296 -0.701552 1.157327
v 17.645296 -0.701552 2.648013
v 3.871435 -0.701551 2.648009
v 17.645296 0.656502 3.302017
v 3.871435 0.656503 3.302013
v 17.645296 2.163828 3.302017
v 3.871435 2.163829 3.302013
v 17.645296 3.521882 2.648013
v 3.871436 3.521883 2.648009
v 17.645298 4.461684 1.469538
v 3.871436 4.461685 1.469535
vn -0.0000 1.0000 -0.0000
vn -0.0000 0.2248 0.9744
vn -0.0000 0.4339 0.9010
vn -0.0000 0.2225 0.9749
vn -0.0000 -0.2225 0.9749
vn -0.0000 -0.6235 0.7818
vn -0.0000 -0.9010 0.4339
vn -0.0000 -1.0000 -0.0000
vn -0.0000 0.2248 -0.9744
vn -0.0000 0.4339 -0.9010
vn -0.0000 0.2225 -0.9749
vn -0.0000 -0.2225 -0.9749
vn -0.0000 -0.6235 -0.7818
vn -0.0000 -0.9010 -0.4339
vt -0.258957 1.006753
vt -0.258957 1.237606
vt 2.987360 1.237606
vt 2.987360 1.006753
vt -0.258957 0.195233
vt -0.258957 0.013544
vt 2.987360 0.013544
vt 2.987360 0.195233
vt -0.258957 0.646012
vt -0.258957 0.997347
vt 2.987361 0.997347
vt 2.987360 0.646012
vt 2.245889 0.005138
vt 2.245889 0.241734
vt -0.153743 0.241734
vt -0.153743 0.005138
vt 2.245889 0.241734
vt 2.245889 0.504334
vt -0.153743 0.504335
vt 2.245889 0.504334
vt 2.245889 0.740930
vt -0.153743 0.740930
vt 2.245889 0.533535
vt 2.245889 0.738845
vt -0.153743 0.738845
vt -0.153743 0.533535
vt 2.245889 0.738845
vt 2.245889 0.994861
vt -0.153743 0.994861
s 1
usemtl concrete_base.001
f 224/332/98 221/333/98 222/334/98 223/335/98
f 225/336/99 224/337/99 223/338/99 226/339/99
f 228/340/98 225/341/98 226/342/98 227/343/98
f 238/332/98 237/335/98 222/334/98 221/333/98
f 239/336/106 240/339/106 237/338/106 238/337/106
f 242/340/98 241/343/98 240/342/98 239/341/98
usemtl brick_modern_01.001
f 227/344/100 229/345/101 230/346/101 228/347/100
f 229/348/101 231/349/102 232/350/102 230/346/101
f 231/351/102 233/352/103 234/353/103 232/350/102
f 233/354/103 235/355/104 236/356/104 234/357/103
f 235/358/104 219/359/105 220/360/105 236/356/104
f 241/344/107 242/347/107 244/346/108 243/345/108
f 243/348/108 244/346/108 246/350/109 245/349/109
f 245/351/109 246/350/109 248/353/110 247/352/110
f 247/354/110 248/357/110 250/356/111 249/355/111
f 249/358/111 250/356/111 220/360/105 219/359/105
o Serwers_013.mesh.002
v 27.430620 4.797096 -11.867317
v 30.204481 4.797097 -11.867314
v 30.204481 -1.472444 -11.867314
v 27.430620 -1.472444 -11.867317
v 27.430620 -1.472444 -10.887825
v 30.204481 -1.472444 -10.887823
v 30.204479 -0.701551 -10.709991
v 27.430618 -0.701551 -10.709994
v 27.430618 -0.701551 -9.219309
v 30.204479 -0.701551 -9.219306
v 27.430616 0.656503 -8.565305
v 30.204477 0.656503 -8.565302
v 27.430616 2.163829 -8.565305
v 30.204477 2.163829 -8.565302
v 27.430618 3.521883 -9.219309
v 30.204479 3.521883 -9.219306
v 27.430618 4.461685 -10.397783
v 30.204479 4.461685 -10.397780
v 27.430622 -1.472444 -12.846809
v 30.204483 -1.472444 -12.846807
v 30.204483 -0.701551 -13.024638
v 27.430622 -0.701551 -13.024641
v 27.430622 -0.701551 -14.515326
v 30.204483 -0.701551 -14.515324
v 27.430624 0.656503 -15.169331
v 30.204485 0.656503 -15.169328
v 27.430624 2.163829 -15.169331
v 30.204485 2.163829 -15.169328
v 27.430622 3.521883 -14.515326
v 30.204483 3.521883 -14.515324
v 27.430622 4.461685 -13.336852
v 30.204483 4.461685 -13.336849
v 25.226601 4.797096 -11.394563
v 25.226601 -1.472444 -11.394563
v 25.601423 -1.472444 -10.489625
v 25.669476 -0.701551 -10.325330
v 26.239918 -0.701551 -8.948109
v 26.490187 0.656503 -8.343884
v 26.490187 2.163829 -8.343884
v 26.239918 3.521883 -8.948109
v 25.788948 4.461685 -10.036883
v 24.851776 -1.472444 -12.299500
v 24.783726 -0.701551 -12.463796
v 24.213282 -0.701551 -13.841017
v 23.963013 0.656503 -14.445242
v 23.963013 2.163829 -14.445242
v 24.213282 3.521883 -13.841017
v 24.664251 4.461685 -12.752243
v 23.371250 4.797096 -10.114374
v 23.371250 -1.472444 -10.114374
v 24.063839 -1.472444 -9.421752
v 24.189583 -0.701551 -9.296003
v 25.243629 -0.701551 -8.241903
v 25.706070 0.656503 -7.779441
v 25.706070 2.163829 -7.779441
v 25.243629 3.521883 -8.241903
v 24.410343 4.461685 -9.075232
v 22.678661 -1.472444 -10.806997
v 22.552919 -0.701551 -10.932746
v 21.498871 -0.701551 -11.986845
v 21.036432 0.656502 -12.449307
v 21.036432 2.163828 -12.449307
v 21.498871 3.521883 -11.986845
v 22.332159 4.461685 -11.153518
v 22.147017 4.797096 -8.221638
v 22.147017 -1.472444 -8.221638
v 23.051935 -1.472444 -7.846769
v 23.216228 -0.701551 -7.778710
v 24.593422 -0.701551 -7.208200
v 25.197634 0.656503 -6.957901
v 25.197634 2.163829 -6.957901
v 24.593422 3.521883 -7.208200
v 23.504669 4.461685 -7.659222
v 21.242098 -1.472444 -8.596505
v 21.077805 -0.701551 -8.664564
v 19.700611 -0.701551 -9.235075
v 19.096399 0.656502 -9.485373
v 19.096399 2.163828 -9.485373
v 19.700611 3.521883 -9.235075
v 20.789364 4.461685 -8.784053
v 21.740265 4.797096 -6.004487
v 21.740265 -1.472444 -6.004487
v 22.719757 -1.472444 -6.004439
v 22.897587 -0.701551 -6.004431
v 24.388273 -0.701551 -6.004359
v 25.042278 0.656503 -6.004328
v 25.042278 2.163829 -6.004328
v 24.388273 3.521883 -6.004359
v 23.209799 4.461685 -6.004416
v 20.760773 -1.472444 -6.004533
v 20.582941 -0.701551 -6.004542
v 19.092255 -0.701551 -6.004613
v 18.438250 0.656502 -6.004645
v 18.438250 2.163828 -6.004645
v 19.092255 3.521883 -6.004613
v 20.270729 4.461685 -6.004557
v 21.740261 4.797096 -3.073916
v 21.740261 -1.472444 -3.073916
v 22.719753 -1.472444 -3.073870
v 22.897585 -0.701551 -3.073861
v 24.388271 -0.701551 -3.073791
v 25.042274 0.656503 -3.073758
v 25.042274 2.163829 -3.073758
v 24.388271 3.521883 -3.073791
v 23.209795 4.461685 -3.073847
v 20.760769 -1.472444 -3.073964
v 20.582939 -0.701551 -3.073974
v 19.092251 -0.701551 -3.074043
v 18.438248 0.656502 -3.074076
v 18.438246 2.163828 -3.074076
v 19.092251 3.521883 -3.074043
v 20.270727 4.461685 -3.073988
vn -0.0000 1.0000 -0.0000
vn -0.0000 0.2248 -0.9744
vn -0.1029 0.2240 -0.9692
vn -0.1060 0.2239 -0.9688
vn -0.0991 0.4328 -0.8960
vn -0.1132 0.2254 -0.9677
vn -0.0000 0.2225 -0.9749
vn -0.0000 0.4339 -0.9010
vn -0.1132 -0.2254 -0.9677
vn -0.0000 -0.2225 -0.9749
vn -0.0874 -0.6300 -0.7717
vn -0.0000 -0.6235 -0.7818
vn -0.0452 -0.9064 -0.4200
vn -0.0000 -0.9010 -0.4339
vn 0.0030 -0.9999 0.0150
vn -0.0000 -1.0000 -0.0000
vn -0.0000 0.2248 0.9744
vn 0.1002 0.2239 0.9694
vn 0.1032 0.2238 0.9691
vn 0.0955 0.4323 0.8967
vn -0.0000 0.4339 0.9010
vn -0.0000 0.2225 0.9749
vn 0.0991 0.2187 0.9708
vn -0.0000 -0.2225 0.9749
vn 0.0991 -0.2187 0.9708
vn -0.0000 -0.6235 0.7818
vn 0.0813 -0.6150 0.7843
vn -0.0000 -0.9010 0.4339
vn 0.0477 -0.8945 0.4446
vn -0.3690 0.4337 -0.8220
vn -0.4027 0.2287 -0.8863
vn -0.3889 0.2247 -0.8935
vn -0.3898 0.2247 -0.8931
vn 0.3821 0.2167 0.8984
vn 0.3534 0.4339 0.8288
vn 0.3839 0.2248 0.8956
vn 0.3845 0.2248 0.8953
vn -0.3145 -0.6372 -0.7036
vn -0.1650 -0.9117 -0.3763
vn 0.1795 -0.8900 0.4191
vn 0.3106 -0.6103 0.7287
vn -0.4027 -0.2287 -0.8863
vn 0.3821 -0.2167 0.8984
vn 0.0110 -0.9996 0.0255
vn 0.0199 -0.9996 0.0194
vn 0.3262 -0.8900 0.3185
vn -0.7012 0.2247 -0.6766
vn -0.7019 0.2247 -0.6759
vn 0.6974 0.2248 0.6805
vn 0.6979 0.2248 0.6800
vn -0.6555 0.4337 -0.6183
vn -0.7112 0.2287 -0.6647
vn 0.6968 0.2167 0.6838
vn 0.6437 0.4339 0.6304
vn -0.7112 -0.2287 -0.6647
vn 0.6968 -0.2167 0.6838
vn -0.5598 -0.6372 -0.5297
vn 0.5658 -0.6103 0.5544
vn -0.2964 -0.9117 -0.2845
vn -0.9115 -0.2287 -0.3420
vn -0.7199 -0.6372 -0.2752
vn 0.7349 -0.6103 0.2957
vn 0.9054 -0.2167 0.3651
vn -0.3827 -0.9117 -0.1494
vn 0.4233 -0.8900 0.1694
vn 0.0258 -0.9996 0.0103
vn -0.9067 0.2247 -0.3568
vn -0.9071 0.2247 -0.3559
vn 0.9047 0.2248 0.3619
vn 0.9050 0.2248 0.3612
vn -0.8422 0.4337 -0.3204
vn -0.9115 0.2287 -0.3420
vn 0.9054 0.2167 0.3651
vn 0.8359 0.4339 0.3361
vn -0.8991 0.4317 -0.0730
vn -0.9713 0.2237 -0.0805
vn 0.9716 0.2188 0.0899
vn 0.8978 0.4319 0.0862
vn -0.9713 -0.2237 -0.0805
vn 0.9716 -0.2188 0.0899
vn -0.7761 -0.6272 -0.0662
vn 0.7848 -0.6154 0.0732
vn -0.4239 -0.9050 -0.0368
vn 0.4442 -0.8950 0.0422
vn 0.0128 -0.9999 0.0026
vn -0.9709 0.2236 -0.0856
vn -0.9707 0.2235 -0.0878
vn 0.9707 0.2236 0.0883
vn 0.9705 0.2236 0.0906
vn -0.9010 0.4339 -0.0000
vn -0.9749 0.2225 -0.0000
vn 0.9749 0.2225 -0.0000
vn 0.9010 0.4339 -0.0000
vn -0.9749 -0.2225 -0.0000
vn 0.9749 -0.2225 -0.0000
vn -0.7818 -0.6235 -0.0000
vn 0.7818 -0.6235 -0.0000
vn -0.4339 -0.9010 -0.0000
vn 0.4339 -0.9010 -0.0000
vn -0.9744 0.2248 -0.0000
vn 0.9744 0.2248 -0.0000
vt -0.258957 1.006753
vt -0.258957 1.237606
vt 0.394805 1.237606
vt 0.394805 1.006753
vt -0.258957 0.195233
vt -0.258957 0.013544
vt 0.394805 0.013544
vt 0.394805 0.195233
vt -0.258957 0.646012
vt -0.258957 0.997347
vt 0.394805 0.997347
vt 0.394806 0.646012
vt 0.329509 0.005138
vt 0.329509 0.241734
vt -0.153743 0.241734
vt -0.153743 0.005138
vt 0.329509 0.504334
vt -0.153743 0.504335
vt 0.329509 0.740930
vt -0.153743 0.740930
vt 0.329509 0.533535
vt 0.329509 0.738845
vt -0.153743 0.738845
vt -0.153743 0.533535
vt 0.329509 0.994861
vt -0.153743 0.994861
vt 1.329889 1.412638
vt 1.329889 1.589692
vt 1.139465 1.589692
vt 1.139465 1.412638
vt 0.390915 0.210513
vt 0.390915 0.008307
vt 0.870715 0.008307
vt 0.852865 0.210513
vt 1.925631 -0.180856
vt 1.925631 -0.003801
vt 1.437336 -0.003801
vt 1.437336 -0.180856
vt 0.679194 0.016340
vt 0.679194 0.188649
vt 1.270825 0.188649
vt 1.255614 0.016340
vt 1.329889 0.881473
vt 1.329889 1.058528
vt 1.139465 1.058528
vt 1.139465 0.881473
vt 1.925631 0.350309
vt 1.925631 0.527363
vt 1.437336 0.527363
vt 1.437336 0.350309
vt 1.329889 1.235583
vt 1.139465 1.235583
vt 1.565067 0.655575
vt 1.565067 0.995880
vt 1.153542 0.995880
vt 1.153542 0.655575
vt 1.925631 0.173254
vt 1.437336 0.173254
vt 2.076005 0.991921
vt 2.076005 0.680318
vt 1.388861 0.680318
vt 1.388861 0.991921
vt 1.549436 0.704418
vt 1.549436 0.881473
vt 1.249239 0.881473
vt 1.249239 0.704418
vt 0.409373 0.014675
vt 0.409373 0.225059
vt 0.811466 0.225059
vt 0.811466 0.014675
vt 1.925631 0.704418
vt 1.437336 0.704418
vt 1.714931 0.224079
vt 1.714931 0.004190
vt 1.208889 0.004190
vt 1.208889 0.224079
vt 1.213560 0.225059
vt 1.213560 0.014675
vt 0.949042 0.704418
vt 0.949042 0.527363
vt 0.702848 0.004190
vt 0.702848 0.224079
vt 1.274024 0.008307
vt 1.241042 0.210513
vt 1.769451 0.188649
vt 1.741345 0.016340
vt 0.742017 0.995880
vt 0.742017 0.655575
vt 0.701717 0.680318
vt 0.701717 0.991921
vt 0.949042 1.589692
vt 0.949042 1.412638
vt 0.949042 -0.003801
vt 0.949042 -0.180856
vt 0.949042 1.235583
vt 0.949042 0.173254
vt 0.949042 1.058528
vt 0.949042 0.350309
vt 0.949042 0.881473
vt 0.949042 0.704418
vt 0.758619 1.235583
vt 0.758619 1.058528
vt 0.460748 0.350309
vt 0.460748 0.173254
vt 0.758619 0.881473
vt 0.460748 0.527363
vt 0.648845 0.881473
vt 0.648845 0.704418
vt 1.615654 0.225059
vt 1.615654 0.014675
vt 0.460748 0.704418
vt 0.196807 0.004190
vt 0.196807 0.224079
vt 1.248938 0.210057
vt 1.281922 0.007851
vt 0.868802 0.007851
vt 0.850950 0.210057
vt 1.742298 0.017140
vt 1.770406 0.189450
vt 1.263424 0.189450
vt 1.248212 0.017140
vt 0.330492 0.995880
vt 0.330492 0.655575
vt 0.014573 0.680318
vt 0.014573 0.991921
vt 0.758619 1.589692
vt 0.758619 1.412638
vt 0.460747 -0.003801
vt 0.460747 -0.180856
vt -0.672571 0.680318
vt -0.672571 0.991921
vt 0.568196 1.589692
vt 0.568196 1.412638
vt -0.027547 -0.003801
vt -0.027547 -0.180856
vt 0.568196 1.235583
vt -0.027547 0.173254
vt 0.568196 1.058528
vt -0.027547 0.350309
vt 0.568196 0.881473
vt -0.027547 0.527363
vt 0.348648 0.881473
vt 0.348648 0.704418
vt 2.017747 0.225059
vt 2.017747 0.014675
vt -0.027547 0.704418
vt -0.309234 0.004190
vt -0.309234 0.224079
vt 0.385557 0.007851
vt 0.385554 0.210057
vt 0.668860 0.189450
vt 0.668858 0.017140
vt -0.081033 0.995880
vt -0.081033 0.655575
vt -1.370076 0.680318
vt -1.370076 0.991921
vt 0.568791 1.388283
vt 0.568791 1.565902
vt 0.070438 1.565902
vt 0.070438 1.388283
vt -0.446330 -0.003801
vt -0.446330 -0.180856
vt 0.568196 1.412638
vt -0.001891 1.412638
vt -0.001891 1.235583
vt -0.027547 0.173254
vt -0.424471 0.173254
vt -0.424471 -0.003801
vt 0.568771 1.082770
vt 0.568771 1.260389
vt 0.057779 1.260389
vt 0.057779 1.082770
vt -0.446331 0.350309
vt -0.446331 0.173254
vt 0.570943 0.927842
vt 0.570943 1.106154
vt 0.178205 1.106154
vt 0.178205 0.927842
vt -0.504195 0.527363
vt -0.504195 0.350309
vt 0.352652 0.765072
vt 0.352652 0.944560
vt -0.108777 0.944560
vt -0.108777 0.765072
vt 2.582991 0.225059
vt 2.582991 0.014675
vt -0.606946 0.704418
vt -0.606946 0.527363
vt -0.936157 0.004190
vt -0.936157 0.224079
vt -0.360208 0.037134
vt -0.360190 0.239366
vt 0.669381 -0.008627
vt 0.669381 0.163696
vt 0.034635 0.163696
vt 0.034635 -0.008627
vt -0.857511 0.995880
vt -0.857511 0.655575
s 1
usemtl concrete_base.001
f 256/361/112 253/362/112 254/363/112 255/364/112
f 257/365/113 256/366/113 255/367/114 258/368/115
f 260/369/112 257/370/112 258/371/112 259/372/112
f 270/361/112 269/364/112 254/363/112 253/362/112
f 271/365/128 272/368/129 269/367/130 270/366/128
f 274/369/112 273/372/112 272/371/112 271/370/112
f 258/391/115 255/392/114 285/393/143 286/394/144
f 269/399/130 272/400/129 293/401/147 292/402/148
f 259/413/112 258/414/112 286/415/112 287/416/112
f 272/419/112 273/420/112 294/421/112 293/422/112
f 255/427/112 254/428/112 284/429/112 285/430/112
f 254/433/112 269/434/112 292/435/112 284/436/112
f 285/430/112 284/429/112 300/437/112 301/438/112
f 284/436/112 292/435/112 308/441/112 300/442/112
f 286/394/144 285/393/143 301/443/158 302/444/159
f 292/402/148 293/401/147 309/445/160 308/446/161
f 287/416/112 286/415/112 302/447/112 303/448/112
f 293/422/112 294/421/112 310/449/112 309/450/112
f 301/438/112 300/437/112 316/469/112 317/470/112
f 300/442/112 308/441/112 324/472/112 316/473/112
f 302/474/159 301/475/158 317/476/178 318/477/179
f 308/478/161 309/479/160 325/480/180 324/481/181
f 303/448/112 302/447/112 318/482/112 319/483/112
f 309/450/112 310/449/112 326/484/112 325/485/112
f 325/485/112 326/484/112 342/490/112 341/491/112
f 317/470/112 316/469/112 332/504/112 333/505/112
f 316/473/112 324/472/112 340/507/112 332/508/112
f 318/477/179 317/476/178 333/509/197 334/510/198
f 324/481/181 325/480/180 341/511/199 340/512/200
f 319/483/112 318/482/112 334/513/112 335/514/112
f 341/491/112 342/490/112 358/515/112 357/516/112
f 333/505/112 332/504/112 348/545/112 349/546/112
f 332/508/112 340/507/112 356/549/112 348/550/112
f 334/510/198 333/509/197 349/551/211 350/552/211
f 340/553/200 341/554/199 357/555/212 356/556/212
f 335/514/112 334/513/112 350/557/112 351/558/112
usemtl brick_modern_01.001
f 259/373/116 261/374/117 262/375/118 260/376/119
f 261/374/117 263/377/120 264/378/121 262/375/118
f 263/377/120 265/379/122 266/380/123 264/378/121
f 265/381/122 267/382/124 268/383/125 266/384/123
f 267/382/124 251/385/126 252/386/127 268/383/125
f 273/373/131 274/376/132 276/375/133 275/374/134
f 275/374/134 276/375/133 278/378/135 277/377/136
f 277/377/136 278/378/135 280/380/137 279/379/138
f 279/381/138 280/384/137 282/383/139 281/382/140
f 281/382/140 282/383/139 252/386/127 251/385/126
f 261/387/117 259/388/116 287/389/141 288/390/142
f 273/395/131 275/396/134 295/397/145 294/398/146
f 267/403/124 265/404/122 290/405/149 291/406/150
f 279/407/138 281/408/140 298/409/151 297/410/152
f 263/411/120 261/387/117 288/390/142 289/412/153
f 275/396/134 277/417/136 296/418/154 295/397/145
f 251/423/126 267/424/124 291/425/150 283/426/155
f 281/408/140 251/431/126 283/432/155 298/409/151
f 265/404/122 263/411/120 289/412/153 290/405/149
f 277/417/136 279/407/138 297/410/152 296/418/154
f 298/409/151 283/432/155 299/439/156 314/440/157
f 288/390/142 287/389/141 303/451/162 304/452/163
f 294/398/146 295/397/145 311/453/164 310/454/165
f 289/412/153 288/390/142 304/452/163 305/455/166
f 295/397/145 296/418/154 312/456/167 311/453/164
f 290/405/149 289/412/153 305/455/166 306/457/168
f 296/418/154 297/410/152 313/458/169 312/456/167
f 291/406/150 290/405/149 306/457/168 307/459/170
f 297/410/152 298/409/151 314/440/157 313/458/169
f 283/426/155 291/425/150 307/459/170 299/460/156
f 306/457/168 305/455/166 321/461/171 322/462/172
f 312/456/167 313/458/169 329/463/173 328/464/174
f 307/459/170 306/457/168 322/462/172 323/465/175
f 313/458/169 314/440/157 330/466/176 329/463/173
f 299/460/156 307/459/170 323/467/175 315/468/177
f 314/440/157 299/439/156 315/471/177 330/466/176
f 304/452/163 303/451/162 319/486/182 320/487/183
f 310/454/165 311/453/164 327/488/184 326/489/185
f 305/455/166 304/452/163 320/487/183 321/461/171
f 311/453/164 312/456/167 328/464/174 327/488/184
f 320/487/183 319/486/182 335/492/186 336/493/187
f 326/489/185 327/488/184 343/494/188 342/495/189
f 321/461/171 320/487/183 336/493/187 337/496/190
f 327/488/184 328/464/174 344/497/191 343/494/188
f 322/462/172 321/461/171 337/496/190 338/498/192
f 328/464/174 329/463/173 345/499/193 344/497/191
f 323/465/175 322/462/172 338/498/192 339/500/194
f 329/463/173 330/466/176 346/501/195 345/499/193
f 315/468/177 323/467/175 339/502/194 331/503/196
f 330/466/176 315/471/177 331/506/196 346/501/195
f 336/517/187 335/518/186 351/519/201 352/520/202
f 342/495/189 343/494/188 359/521/203 358/522/204
f 337/496/190 336/523/187 352/524/202 353/525/205
f 343/494/188 344/526/191 360/527/206 359/528/203
f 338/529/192 337/530/190 353/531/205 354/532/207
f 344/497/191 345/499/193 361/533/208 360/534/206
f 339/535/194 338/536/192 354/537/207 355/538/209
f 345/499/193 346/501/195 362/539/210 361/540/208
f 331/541/196 339/542/194 355/543/209 347/544/127
f 346/501/195 331/506/196 347/547/127 362/548/210
o Serwers_003.mesh.004
v 0.000000 4.797095 17.645298
v -0.000001 4.797097 3.871437
v -0.000001 -1.472444 3.871436
v 0.000000 -1.472445 17.645298
v 0.979492 -1.472445 17.645296
v 0.979491 -1.472444 3.871436
v 1.157322 -0.701551 3.871436
v 1.157324 -0.701552 17.645296
v 2.648009 -0.701552 17.645296
v 2.648008 -0.701551 3.871436
v 3.302013 0.656502 17.645296
v 3.302012 0.656503 3.871436
v 3.302013 2.163828 17.645298
v 3.302012 2.163829 3.871436
v 2.648009 3.521882 17.645298
v 2.648008 3.521883 3.871436
v 1.469535 4.461684 17.645298
v 1.469533 4.461685 3.871436
v -0.979492 -1.472445 17.645298
v -0.979493 -1.472444 3.871436
v -1.157324 -0.701551 3.871436
v -1.157323 -0.701552 17.645298
v -2.648008 -0.701552 17.645298
v -2.648010 -0.701551 3.871436
v -3.302012 0.656502 17.645298
v -3.302014 0.656503 3.871436
v -3.302012 2.163828 17.645298
v -3.302014 2.163829 3.871437
v -2.648008 3.521882 17.645298
v -2.648010 3.521883 3.871437
v -1.469534 4.461684 17.645298
v -1.469535 4.461685 3.871437
vn -0.0000 1.0000 -0.0000
vn -0.9744 0.2248 -0.0000
vn -0.9010 0.4339 -0.0000
vn -0.9749 0.2225 -0.0000
vn -0.9749 -0.2225 -0.0000
vn -0.7818 -0.6235 -0.0000
vn -0.4339 -0.9010 -0.0000
vn -0.0000 -1.0000 -0.0000
vn 0.9744 0.2248 -0.0000
vn 0.9010 0.4339 -0.0000
vn 0.9749 0.2225 -0.0000
vn 0.9749 -0.2225 -0.0000
vn 0.7818 -0.6235 -0.0000
vn 0.4339 -0.9010 -0.0000
vt -0.258957 1.006753
vt -0.258957 1.237606
vt 2.987360 1.237606
vt 2.987360 1.006753
vt -0.258957 0.195233
vt -0.258957 0.013544
vt 2.987360 0.013544
vt 2.987360 0.195233
vt -0.258957 0.646012
vt -0.258957 0.997347
vt 2.987361 0.997347
vt 2.987360 0.646012
vt 2.245889 0.005138
vt 2.245889 0.241734
vt -0.153743 0.241734
vt -0.153743 0.005138
vt 2.245889 0.241734
vt 2.245889 0.504334
vt -0.153743 0.504335
vt 2.245889 0.504334
vt 2.245889 0.740930
vt -0.153743 0.740930
vt 2.245889 0.533535
vt 2.245889 0.738845
vt -0.153743 0.738845
vt -0.153743 0.533535
vt 2.245889 0.738845
vt 2.245889 0.994861
vt -0.153743 0.994861
s 1
usemtl concrete_base.001
f 368/559/213 365/560/213 366/561/213 367/562/213
f 369/563/214 368/564/214 367/565/214 370/566/214
f 372/567/213 369/568/213 370/569/213 371/570/213
f 382/559/213 381/562/213 366/561/213 365/560/213
f 383/563/221 384/566/221 381/565/221 382/564/221
f 386/567/213 385/570/213 384/569/213 383/568/213
usemtl brick_modern_01.001
f 371/571/215 373/572/216 374/573/216 372/574/215
f 373/575/216 375/576/217 376/577/217 374/573/216
f 375/578/217 377/579/218 378/580/218 376/577/217
f 377/581/218 379/582/219 380/583/219 378/584/218
f 379/585/219 363/586/220 364/587/220 380/583/219
f 385/571/222 386/574/222 388/573/223 387/572/223
f 387/575/223 388/573/223 390/577/224 389/576/224
f 389/578/224 390/577/224 392/580/225 391/579/225
f 391/581/225 392/584/225 394/583/226 393/582/226
f 393/585/226 394/583/226 364/587/220 363/586/220
o Serwers.002.mesh.003
v 0.000001 4.797097 17.203434
v 4.386930 4.797096 21.590366
v 4.386930 -1.472444 21.590366
v 0.000001 -1.472444 17.203434
v 4.386930 -1.472444 22.569859
v 0.979494 -1.472444 17.203434
v 4.386930 -0.701551 22.747690
v 1.157325 -0.701551 17.203434
v 2.648010 -0.701551 17.203434
v 4.386929 -0.701551 24.238375
v 3.302015 0.656503 17.203436
v 4.386929 0.656503 24.892380
v 3.302015 2.163829 17.203436
v 4.386929 2.163829 24.892380
v 2.648010 3.521883 17.203434
v 4.386930 3.521882 24.238375
v 4.386930 4.461685 23.059900
v 1.469536 4.461685 17.203434
v 4.386931 -1.472444 20.610874
v 4.386931 -0.701551 20.433043
v 4.386931 -0.701551 18.942358
v 4.386932 0.656503 18.288353
v 4.386932 2.163829 18.288353
v 4.386932 3.521883 18.942358
v 4.386931 4.461685 20.120832
v 1.157322 -0.701551 22.747688
v 2.648008 -0.701551 22.747688
v 0.979491 -1.472444 22.569857
v -0.000002 -1.472444 22.569857
v 2.648007 -0.701551 24.238375
v 1.157322 -0.701551 24.238373
v -0.000001 4.797096 21.590364
v 0.979492 -1.472444 20.610872
v -0.000001 -1.472444 20.610872
v 0.631379 -1.472444 20.610872
v 1.157323 -0.701551 20.433043
v 2.648009 -0.701551 20.433043
v 3.302014 0.656503 18.288353
v 2.648009 -0.701551 18.942356
v 1.157324 -0.701551 18.942356
v 3.302014 2.163829 18.288353
v 2.648010 3.521883 18.942356
v 1.469535 4.461685 20.120831
v 0.979492 -1.472444 21.590364
v 0.979492 -1.472444 20.958984
v -0.000001 -1.472444 22.080111
v -0.000001 -1.472444 21.590364
v 0.572533 -1.472444 21.017830
v -0.979492 -1.472444 17.203434
v -1.157323 -0.701551 17.203434
v -2.648009 -0.701551 17.203434
v -3.302013 0.656503 17.203432
v -3.302013 2.163829 17.203432
v -2.648009 3.521883 17.203434
v -1.469534 4.461685 17.203434
v -1.157326 -0.701551 22.747686
v -2.648011 -0.701551 22.747686
v -0.979495 -1.472444 22.569857
v -2.648012 -0.701551 24.238373
v -1.157326 -0.701551 24.238373
v -3.302016 0.656503 24.892376
v -3.302016 2.163829 24.892376
v -2.648012 3.521883 24.238373
v -1.469536 4.461685 23.059898
v -0.979494 -1.472444 20.610872
v -0.631381 -1.472444 20.610872
v -1.157325 -0.701551 20.433041
v -2.648010 -0.701551 20.433041
v -2.648010 -0.701551 18.942354
v -1.157324 -0.701551 18.942354
v -0.979494 -1.472444 21.590364
v -0.979494 -1.472444 20.958984
v -0.572536 -1.472444 21.017830
vn -0.0000 1.0000 -0.0000
vn -0.0000 0.2248 -0.9744
vn -0.0000 -0.2225 -0.9749
vn -0.0000 0.2225 -0.9749
vn -0.0000 0.1891 -0.9820
vn -0.0000 -0.1891 -0.9820
vn -0.0000 -0.6235 -0.7818
vn -0.0000 -0.5552 -0.8317
vn -0.0000 -0.9010 -0.4339
vn 0.2847 -0.9154 -0.2847
vn 0.0560 -0.9969 -0.0560
vn -0.0000 -1.0000 -0.0000
vn 0.9820 -0.1891 -0.0000
vn 0.9820 0.1891 -0.0000
vn 0.9749 0.2225 -0.0000
vn 0.9749 -0.2225 -0.0000
vn -0.0000 0.2248 0.9744
vn -0.0000 0.2481 0.9687
vn -0.0000 0.4339 0.9010
vn -0.0000 0.2225 0.9749
vn -0.0000 -0.2481 0.9687
vn -0.0000 -0.2225 0.9749
vn -0.0000 -0.6781 0.7350
vn -0.0000 -0.6235 0.7818
vn -0.0000 -0.9010 0.4339
vn -0.1758 -0.9686 0.1758
vn -0.9744 0.2248 -0.0000
vn -0.9010 0.4339 -0.0000
vn -0.9687 0.2481 -0.0000
vn -0.9749 0.2225 -0.0000
vn -0.9687 -0.2481 -0.0000
vn -0.9749 -0.2225 -0.0000
vn -0.7350 -0.6781 -0.0000
vn -0.7818 -0.6235 -0.0000
vn -0.4339 -0.9010 -0.0000
vn 0.4339 -0.9010 -0.0000
vn 0.9010 0.4339 -0.0000
vn 0.7818 -0.6235 -0.0000
vn 0.8317 -0.5552 -0.0000
vn 0.9744 0.2248 -0.0000
vn -0.0000 0.4339 -0.9010
vt 0.308444 1.237606
vt 0.308444 1.006753
vt -0.494644 1.006753
vt -0.494644 1.237606
vt 0.539298 1.237606
vt 0.266532 0.195233
vt -0.084803 0.195233
vt -0.494644 0.195233
vt -0.494644 0.013544
vt 0.308444 0.013544
vt -0.084803 0.997347
vt -0.084803 0.646012
vt -0.494644 0.646012
vt -0.494644 0.997347
vt 0.286431 0.993740
vt 0.286431 0.678370
vt -0.028939 0.678370
vt -0.328315 0.504334
vt -0.329814 0.241734
vt 1.011581 0.241734
vt 1.026375 0.504334
vt -0.329818 0.740930
vt -0.328349 0.504335
vt 0.897642 0.740930
vt -0.413602 0.699787
vt -0.413602 0.475675
vt 0.924238 0.475675
vt 0.700127 0.699787
vt 0.436316 0.994861
vt -0.327959 0.994862
vt -0.327959 0.738845
vt 0.692333 0.738845
vt -0.031817 0.462353
vt -0.031817 0.222667
vt 1.190830 0.222667
vt 1.190830 0.462353
vt 0.308444 1.088799
vt -0.494644 1.237606
vt 0.404359 1.102668
vt 0.390490 1.006753
vt -0.084803 0.195233
vt 0.266532 0.195233
vt -0.494644 0.013544
vt -0.494644 0.195233
vt -0.084803 0.646012
vt -0.084803 0.997347
vt -0.494644 0.997347
vt -0.040246 0.691459
vt -0.040246 0.995588
vt 0.263883 0.995588
vt -0.138949 0.241734
vt -0.025010 0.005138
vt -0.327959 0.005138
vt -0.327959 0.241734
vt -0.138949 0.504335
vt -0.327960 0.241734
vt -0.327959 0.504334
vt -0.025010 0.740930
vt -0.327959 0.504335
vt -0.327959 0.740930
vt -0.327959 0.738845
vt 0.180299 0.738845
vt -0.025010 0.533535
vt -0.327959 0.533535
vt -0.327959 0.994862
vt -0.327959 0.738845
vt -0.494644 1.006753
vt -0.494644 1.237606
vt -0.494644 0.195233
vt -0.494644 0.013544
vt -0.084803 0.684337
vt -0.499574 0.684337
vt -0.499574 0.997347
vt -0.084803 0.997347
vt -0.327959 0.005138
vt -0.025010 0.005138
vt -0.327959 0.241734
vt 0.917886 0.240812
vt 0.917886 0.502913
vt 1.106537 0.502913
vt 1.106537 0.240812
vt -0.327959 0.504335
vt -0.025010 0.740930
vt -0.327959 0.740930
vt -0.327959 0.738845
vt -0.327959 0.533535
vt -0.025010 0.533535
vt -0.327959 0.994861
vt -0.327959 0.738845
vt 0.266532 0.997347
vt 0.002985 0.647853
vt 0.002985 0.999616
vt 0.354747 0.999616
vt 0.540353 0.267298
vt 0.540353 0.138265
vt 0.540353 0.009232
vt 0.282287 0.009232
vt 0.307067 0.009087
vt 0.066198 0.009087
vt 0.307067 0.249956
vt 0.776119 0.993740
vt 1.091489 0.678370
vt 0.776119 0.678370
vt 0.462331 0.009087
vt 0.447860 0.109163
vt -0.327959 0.994862
vt -0.327959 0.738845
vt -0.327959 0.005138
vt -0.327959 0.241734
vt 0.897642 0.005138
vt -0.328349 0.504335
vt -0.329818 0.740930
vt 1.042421 0.706819
vt -0.071308 0.706819
vt -0.295420 0.482708
vt 1.042421 0.482708
vt -0.494644 1.237607
vt -0.494644 1.006753
vt 0.277052 0.012437
vt 0.522747 0.012437
vt 0.768441 0.012437
vt 0.813048 0.205807
vt 0.232445 0.205807
vt -0.494644 0.013544
vt 0.718527 0.992064
vt 1.000000 0.710591
vt 0.718527 0.710591
vt 0.000000 0.710591
vt 0.281473 0.992064
vt 0.281473 0.710591
vt 0.547936 0.009087
vt 0.547936 0.249956
vt 0.547936 0.094692
vt 0.798419 0.009232
vt -0.327959 0.241734
vt -0.327959 0.005138
vt -0.025010 0.005138
vt 0.278401 0.012236
vt 0.524096 0.012236
vt 0.682470 0.012236
vt 0.769790 0.012236
vt 0.814397 0.205606
vt 0.233794 0.205606
s 1
usemtl concrete_base.003
f 438/588/227 422/589/227 399/590/227 397/591/227
f 438/588/227 441/592/227 422/589/227
f 420/593/228 421/594/228 401/595/228 399/596/228 422/597/228
f 421/598/227 424/599/227 404/600/227 401/601/227
f 420/602/227 425/603/227 424/604/227
f 427/589/227 439/624/227 438/588/227 397/625/227 413/590/227
f 439/624/227 442/626/227 441/592/227 438/588/227
f 429/627/238 427/589/238 442/626/238
f 431/628/243 430/629/243 427/597/243 413/630/243 414/631/243
f 433/632/227 431/633/227 414/634/227 415/600/227
f 433/635/227 434/636/227 430/637/227
f 429/624/227 427/589/227 400/654/227 398/655/227 428/588/227
f 430/629/253 434/628/253 402/656/253 400/657/253 427/597/253
f 433/658/227 403/659/227 402/660/227 434/661/227
f 430/677/227 431/633/227 433/658/227
f 424/678/227 421/679/227 420/680/227
f 442/626/238 427/589/238 439/627/238
f 442/626/227 429/624/227 428/588/227 441/592/227
f 441/681/227 440/682/227 423/683/227 422/684/227
f 465/685/227 452/686/227 441/687/227
f 450/688/227 453/689/227 454/690/227
f 466/691/227 465/685/227 441/687/227 467/692/227
f 460/627/238 467/626/238 459/589/238
f 463/635/227 461/637/227 464/636/227
f 460/624/227 428/588/227 398/704/227 443/705/227 459/589/227
f 422/706/228 423/707/228 452/708/228 450/709/228 420/710/228
f 461/629/266 459/597/266 443/711/266 444/656/266 464/628/266
f 463/658/227 464/661/227 444/660/227 445/659/227
f 461/712/227 463/713/227 462/714/227
f 453/715/227 450/716/227 451/717/227
f 467/692/227 459/718/227 466/691/227
f 467/692/227 441/687/227 428/719/227 460/720/227
f 441/681/227 452/721/227 423/683/227 440/682/227
f 451/717/227 450/716/227 461/712/227 462/714/227
f 452/725/266 465/726/266 466/727/266 459/728/266 461/729/266 450/730/266
f 425/603/227 420/602/227 450/688/227 454/690/227
usemtl brick_modern_01.003
f 408/605/229 406/606/230 455/607/231 456/608/232
f 410/609/233 408/610/229 456/608/232 457/611/234
f 411/612/235 410/613/233 457/614/234 458/615/236
f 426/616/237 396/617/238 411/618/235 458/619/236
f 456/620/239 455/621/240 446/622/241 447/623/242
f 432/638/244 433/639/245 415/640/245 416/641/246
f 435/642/247 432/638/244 416/643/246 417/644/248
f 436/645/249 435/642/247 417/646/248 418/647/250
f 419/648/251 437/649/252 436/650/249 418/651/250
f 396/652/238 426/616/237 437/649/252 419/653/251
f 403/662/254 433/663/254 432/638/255 405/664/256
f 432/665/255 435/666/257 407/667/258 405/668/256
f 407/669/258 435/642/257 436/670/259 409/671/260
f 412/672/261 409/673/260 436/674/259 437/649/252
f 395/675/238 412/676/261 437/649/252 426/616/237
f 395/693/238 426/616/237 458/619/236 449/694/262
f 445/695/263 446/696/241 455/607/240 453/697/263 463/663/263
f 447/698/242 448/699/264 457/611/265 456/608/239
f 449/700/262 458/701/236 457/702/265 448/703/264
f 406/722/230 404/723/267 424/724/267 453/697/267 455/607/231
o Serwers_008.mesh.002
v 7.627935 4.797096 21.590370
v 4.163452 4.797097 21.590368
v 4.163452 -1.472444 21.590368
v 7.627935 -1.472444 21.590370
v 7.627936 -1.472444 20.610878
v 4.163453 -1.472444 20.610876
v 4.163453 -0.701551 20.433044
v 7.627936 -0.701551 20.433046
v 7.627937 -0.701551 18.942362
v 4.163454 -0.701551 18.942358
v 7.627938 0.656503 18.288357
v 4.163455 0.656503 18.288355
v 7.627938 2.163829 18.288357
v 4.163455 2.163829 18.288355
v 7.627937 3.521883 18.942362
v 4.163454 3.521883 18.942358
v 7.627937 4.461685 20.120836
v 4.163454 4.461685 20.120834
v 7.627934 -1.472444 22.569862
v 4.163451 -1.472444 22.569860
v 4.163451 -0.701551 22.747690
v 7.627934 -0.701551 22.747694
v 7.627933 -0.701551 24.238379
v 4.163450 -0.701551 24.238377
v 7.627933 0.656503 24.892384
v 4.163449 0.656503 24.892380
v 7.627933 2.163829 24.892384
v 4.163450 2.163829 24.892380
v 7.627934 3.521883 24.238379
v 4.163450 3.521883 24.238377
v 7.627934 4.461685 23.059904
v 4.163451 4.461685 23.059902
vn -0.0000 1.0000 -0.0000
vn -0.0000 0.2248 0.9744
vn -0.0000 0.4339 0.9010
vn -0.0000 0.2225 0.9749
vn -0.0000 -0.2225 0.9749
vn -0.0000 -0.6235 0.7818
vn -0.0000 -0.9010 0.4339
vn -0.0000 -1.0000 -0.0000
vn -0.0000 0.2248 -0.9744
vn -0.0000 0.4339 -0.9010
vn -0.0000 0.2225 -0.9749
vn -0.0000 -0.2225 -0.9749
vn -0.0000 -0.6235 -0.7818
vn -0.0000 -0.9010 -0.4339
vt -0.258957 1.006753
vt -0.258957 1.237606
vt 0.557576 1.237606
vt 0.557576 1.006753
vt -0.258957 0.195233
vt -0.258957 0.013544
vt 0.557576 0.013544
vt 0.557576 0.195233
vt -0.258957 0.646012
vt -0.258957 0.997347
vt 0.557576 0.997347
vt 0.557576 0.646012
vt 0.449827 0.005138
vt 0.449827 0.241734
vt -0.153743 0.241734
vt -0.153743 0.005138
vt 0.449827 0.241734
vt 0.449827 0.504334
vt -0.153743 0.504335
vt 0.449827 0.504334
vt 0.449827 0.740930
vt -0.153743 0.740930
vt 0.449827 0.533535
vt 0.449827 0.738845
vt -0.153743 0.738845
vt -0.153743 0.533535
vt 0.449827 0.738845
vt 0.449827 0.994861
vt -0.153743 0.994861
s 1
usemtl concrete_base.005
f 473/731/268 470/732/268 471/733/268 472/734/268
f 474/735/269 473/736/269 472/737/269 475/738/269
f 477/739/268 474/740/268 475/741/268 476/742/268
f 487/731/268 486/734/268 471/733/268 470/732/268
f 488/735/276 489/738/276 486/737/276 487/736/276
f 491/739/268 490/742/268 489/741/268 488/740/268
usemtl brick_modern_01.005
f 476/743/270 478/744/271 479/745/271 477/746/270
f 478/747/271 480/748/272 481/749/272 479/745/271
f 480/750/272 482/751/273 483/752/273 481/749/272
f 482/753/273 484/754/274 485/755/274 483/756/273
f 484/757/274 468/758/275 469/759/275 485/755/274
f 490/743/277 491/746/277 493/745/278 492/744/278
f 492/747/278 493/745/278 495/749/279 494/748/279
f 494/750/279 495/749/279 497/752/280 496/751/280
f 496/753/280 497/756/280 499/755/281 498/754/281
f 498/757/281 499/755/281 469/759/275 468/758/275
o Serwers_002.mesh.003
v 11.560546 4.797096 17.203444
v 11.560538 4.797097 25.977304
v 7.173611 4.797096 21.590370
v 7.173611 -1.472444 21.590370
v 11.560538 -1.472444 25.977304
v 11.560546 -1.472444 17.203444
v 10.581053 -1.472444 17.203442
v 7.173612 -1.472444 20.610878
v 10.581046 -1.472444 25.977303
v 7.173612 -0.701551 20.433048
v 10.403214 -0.701551 25.977303
v 10.403222 -0.701551 17.203442
v 8.912537 -0.701551 17.203442
v 8.912529 -0.701551 25.977303
v 7.173614 -0.701551 18.942362
v 8.258532 0.656503 17.203442
v 8.258525 0.656503 25.977303
v 7.173614 0.656503 18.288357
v 8.258532 2.163829 17.203442
v 8.258525 2.163829 25.977303
v 7.173614 2.163829 18.288357
v 8.912537 3.521883 17.203442
v 8.912529 3.521883 25.977303
v 7.173613 3.521882 18.942362
v 10.091011 4.461685 17.203442
v 7.173612 4.461685 20.120836
v 10.091003 4.461685 25.977303
v 7.173611 -1.472444 22.569862
v 7.173610 -0.701551 22.747694
v 7.173609 -0.701551 24.238380
v 7.173608 0.656503 24.892384
v 7.173608 2.163829 24.892384
v 7.173609 3.521883 24.238379
v 7.173610 4.461685 23.059904
v 10.403219 -0.701551 20.433050
v 8.912534 -0.701551 20.433048
v 10.581050 -1.472444 20.610882
v 11.560543 -1.472444 20.610882
v 8.912535 -0.701551 18.942364
v 10.403220 -0.701551 18.942364
v 8.258531 0.656503 18.288359
v 8.258531 2.163829 18.288359
v 8.912535 3.521883 18.942364
v 10.091008 4.461685 20.120838
v 11.560542 4.797096 21.590374
v 10.581049 -1.472444 22.569866
v 11.560541 -1.472444 22.569866
v 10.929161 -1.472444 22.569866
v 10.403217 -0.701551 22.747696
v 8.912532 -0.701551 22.747696
v 8.258526 0.656503 24.892384
v 8.912531 -0.701551 24.238380
v 10.403216 -0.701551 24.238382
v 8.258526 2.163829 24.892384
v 8.912531 3.521883 24.238380
v 10.091006 4.461685 23.059906
v 10.581049 -1.472444 21.590374
v 10.581049 -1.472444 22.221752
v 11.560543 -1.472444 21.100628
v 11.560542 -1.472444 21.590374
v 10.988008 -1.472444 22.162907
v 15.947474 4.797097 21.590378
v 15.947474 -1.472444 21.590378
v 12.540039 -1.472444 17.203445
v 15.947474 -1.472444 20.610886
v 12.540031 -1.472444 25.977306
v 15.947474 -0.701551 20.433054
v 12.717862 -0.701551 25.977306
v 12.717870 -0.701551 17.203445
v 14.208555 -0.701551 17.203445
v 14.208548 -0.701551 25.977306
v 15.947475 -0.701551 18.942369
v 14.862559 0.656503 17.203445
v 14.862553 0.656503 25.977306
v 15.947475 0.656503 18.288364
v 14.862559 2.163829 17.203445
v 14.862553 2.163829 25.977306
v 15.947475 2.163829 18.288364
v 14.208555 3.521883 17.203445
v 14.208548 3.521883 25.977306
v 15.947475 3.521883 18.942368
v 13.030081 4.461685 17.203445
v 15.947474 4.461685 20.120844
v 13.030073 4.461685 25.977306
v 15.947473 -1.472444 22.569870
v 15.947472 -0.701551 22.747702
v 15.947472 -0.701550 24.238386
v 15.947470 0.656503 24.892391
v 15.947470 2.163829 24.892391
v 15.947471 3.521883 24.238386
v 15.947472 4.461685 23.059912
v 12.717867 -0.701551 20.433052
v 14.208552 -0.701551 20.433054
v 12.540036 -1.472444 20.610884
v 14.208553 -0.701551 18.942368
v 12.717868 -0.701551 18.942366
v 14.862558 0.656503 18.288364
v 14.862558 2.163829 18.288364
v 14.208553 3.521883 18.942368
v 13.030078 4.461685 20.120840
v 12.540034 -1.472444 22.569866
v 12.191921 -1.472444 22.569866
v 12.717865 -0.701551 22.747698
v 14.208550 -0.701551 22.747700
v 14.862554 0.656503 24.892389
v 14.208549 -0.701551 24.238384
v 12.717864 -0.701551 24.238384
v 14.862554 2.163829 24.892389
v 14.208549 3.521883 24.238384
v 13.030076 4.461685 23.059910
v 12.540035 -1.472444 21.590376
v 12.540034 -1.472444 22.221754
v 12.133077 -1.472444 22.162909
vn -0.0000 1.0000 -0.0000
vn -0.0000 0.2248 0.9744
vn -0.0000 0.4339 0.9010
vn -0.0000 0.2481 0.9687
vn -0.0000 0.2225 0.9749
vn -0.0000 -0.2481 0.9687
vn -0.0000 -0.2225 0.9749
vn -0.0000 -0.6781 0.7350
vn -0.0000 -0.6235 0.7818
vn 0.1758 -0.9686 0.1758
vn -0.0000 -0.9010 0.4339
vn -0.0000 -1.0000 -0.0000
vn -0.0000 0.2248 -0.9744
vn -0.0000 0.2481 -0.9687
vn -0.0000 0.4339 -0.9010
vn -0.0000 0.2225 -0.9749
vn -0.0000 -0.2481 -0.9687
vn -0.0000 -0.2225 -0.9749
vn -0.0000 -0.6781 -0.7350
vn -0.0000 -0.6235 -0.7818
vn -0.0000 -0.9010 -0.4339
vn 0.1758 -0.9686 -0.1758
vn 0.9744 0.2248 -0.0000
vn 0.9687 0.2481 -0.0000
vn 0.9010 0.4339 -0.0000
vn 0.9749 0.2225 -0.0000
vn 0.9749 -0.2225 -0.0000
vn 0.9687 -0.2481 -0.0000
vn 0.7818 -0.6235 -0.0000
vn 0.7350 -0.6781 -0.0000
vn 0.4339 -0.9010 -0.0000
vn -0.1758 -0.9686 0.1758
vn -0.1758 -0.9686 -0.1758
vn -0.9744 0.2248 -0.0000
vn -0.9687 0.2481 -0.0000
vn -0.9749 0.2225 -0.0000
vn -0.9010 0.4339 -0.0000
vn -0.9749 -0.2225 -0.0000
vn -0.9687 -0.2481 -0.0000
vn -0.7818 -0.6235 -0.0000
vn -0.7350 -0.6781 -0.0000
vn -0.4339 -0.9010 -0.0000
vt 0.308444 1.237606
vt 0.308444 1.006753
vt -0.494644 1.006753
vt -0.494644 1.237606
vt 0.539298 1.237606
vt 0.266532 0.195233
vt -0.084803 0.195233
vt -0.494644 0.195233
vt -0.494644 0.013544
vt 0.308444 0.013544
vt -0.084803 0.997347
vt -0.084803 0.646012
vt -0.494644 0.646012
vt -0.494644 0.997347
vt 0.736117 0.995588
vt 1.040246 0.995588
vt 1.040246 0.691459
vt -0.327959 0.005138
vt -0.025010 0.005138
vt -0.138949 0.241734
vt -0.327959 0.241734
vt -0.327959 0.241734
vt -0.138949 0.504335
vt -0.327959 0.504334
vt -0.327959 0.504335
vt -0.025010 0.740930
vt -0.327959 0.740930
vt -0.327959 0.533535
vt -0.025010 0.533535
vt 0.180299 0.738845
vt -0.327959 0.738845
vt -0.327959 0.738845
vt 0.436316 0.994861
vt -0.327959 0.994861
vt 0.308444 1.088799
vt -0.494644 1.237607
vt -0.494644 1.006753
vt 0.404359 1.102668
vt 0.390490 1.006753
vt -0.084803 0.195233
vt 0.266532 0.195233
vt -0.494644 0.013544
vt -0.494644 0.195233
vt -0.084803 0.646012
vt -0.084803 0.997347
vt -0.040246 0.691459
vt -0.040246 0.995588
vt 0.263883 0.995588
vt -0.138949 0.241734
vt -0.025010 0.005138
vt -0.327959 0.241734
vt -0.327959 0.241734
vt -0.327959 0.504334
vt -0.025010 0.740930
vt -0.327959 0.504335
vt -0.327959 0.740930
vt -0.327959 0.738845
vt 0.180299 0.738845
vt -0.025010 0.533535
vt -0.327959 0.533535
vt -0.327959 0.994861
vt -0.327959 0.738845
vt 0.770151 1.236073
vt 1.573239 1.237779
vt 1.573239 1.007217
vt 0.770151 1.006753
vt -0.494644 1.006753
vt -0.494644 1.237606
vt 1.573239 0.195233
vt 1.163398 0.195233
vt 0.812064 0.195233
vt 0.770151 0.013544
vt 1.573240 0.013544
vt -0.494644 0.013544
vt 1.163399 0.646012
vt 1.163399 0.997347
vt 1.573240 0.997347
vt 1.573240 0.646012
vt -0.084803 0.684337
vt -0.499574 0.684337
vt -0.499574 0.997347
vt -0.084803 0.997347
vt 1.011581 0.241734
vt 0.897642 0.005138
vt 1.200591 0.005138
vt 1.200591 0.241734
vt -0.327959 0.005138
vt -0.025010 0.005138
vt -0.327959 0.241734
vt 0.921226 0.502913
vt 1.109877 0.502913
vt 1.109877 0.240812
vt 0.921226 0.240812
vt 0.920944 0.240812
vt 0.920944 0.502913
vt 1.109596 0.502913
vt 1.109596 0.240812
vt 1.200591 0.740930
vt 0.897642 0.740930
vt 1.011581 0.504334
vt 1.200592 0.504334
vt -0.327959 0.504335
vt -0.025010 0.740930
vt -0.327959 0.740930
vt 0.692333 0.738845
vt 0.897642 0.533535
vt 1.200591 0.533535
vt 1.200591 0.738845
vt -0.327959 0.738845
vt -0.327959 0.533535
vt -0.025010 0.533535
vt 1.200591 0.738845
vt 1.200591 0.994862
vt -0.327959 0.994861
vt -0.327959 0.738845
vt 0.266532 0.997347
vt 0.002985 0.647853
vt 0.002985 0.999616
vt 0.354747 0.999616
vt 0.654724 1.237606
vt -0.494644 0.013544
vt -0.494644 0.195233
vt -0.494644 0.646012
vt -0.327959 0.005138
vt -0.327959 0.241734
vt -0.327959 0.241734
vt -0.327959 0.504335
vt -0.327959 0.504334
vt -0.327959 0.740930
vt -0.327959 0.533535
vt -0.327959 0.738845
vt -0.327959 0.994862
vt -0.494644 1.237607
vt -0.494644 0.997347
vt -0.327959 0.241734
vt -0.327959 0.005138
vt -0.327959 0.504335
vt -0.327959 0.241734
vt -0.327959 0.740930
vt -0.327959 0.994862
vt 1.573239 1.007217
vt -0.494644 1.006753
vt 1.573239 0.013544
vt -0.494644 0.013544
vt 1.573240 0.646012
vt 1.573240 0.997347
vt 1.200591 0.241734
vt 1.200591 0.005138
vt -0.327959 0.005138
vt -0.327959 0.241734
vt 1.200591 0.740929
vt 1.200591 0.504334
vt -0.327959 0.504334
vt -0.327959 0.740930
vt -0.327959 0.533535
vt 1.200591 0.994861
vt 1.200591 0.738845
vt -0.327959 0.994862
vt -0.327959 0.738845
s 1
usemtl concrete_base.006
f 556/760/282 536/761/282 507/762/282 503/763/282
f 556/760/282 559/764/282 536/761/282
f 534/765/283 535/766/283 509/767/283 507/768/283 536/769/283
f 535/770/282 538/771/282 514/772/282 509/773/282
f 534/774/282 539/775/282 538/776/282
f 545/761/282 557/794/282 556/760/282 503/795/282 527/796/282
f 557/794/282 560/797/282 559/764/282 556/760/282
f 547/798/282 560/797/282 545/761/282
f 549/799/294 548/800/294 545/769/294 527/801/294 528/802/294
f 551/803/282 549/804/282 528/773/282 529/772/282
f 551/805/282 552/806/282 548/807/282
f 537/822/282 505/823/282 506/824/282 536/825/282
f 547/794/282 545/761/282 508/826/282 504/827/282 546/760/282
f 511/828/304 539/829/304 534/830/304 536/831/304 506/832/304
f 548/800/304 552/799/304 510/802/304 508/833/304 545/769/304
f 538/834/282 539/835/282 511/836/282 512/837/282
f 551/838/282 513/839/282 510/840/282 552/841/282
f 548/875/282 549/804/282 551/838/282
f 538/876/282 535/877/282 534/878/282
f 560/797/282 557/798/282 545/761/282
f 560/797/282 547/794/282 546/760/282 559/764/282
f 559/764/282 558/879/282 537/822/282 536/825/282
f 610/760/282 562/795/282 564/762/282 593/761/282
f 610/760/282 593/761/282 559/764/282
f 591/765/283 593/769/283 564/880/283 566/881/283 592/766/283
f 592/770/282 566/773/282 571/882/282 594/771/282
f 591/774/282 594/776/282 595/775/282
f 600/761/282 584/762/282 562/892/282 610/760/282 611/794/282
f 611/794/282 610/760/282 559/764/282 612/797/282
f 603/799/294 585/802/294 584/768/294 600/769/294 602/800/294
f 605/803/282 586/772/282 585/893/282 603/804/282
f 605/805/282 602/807/282 606/806/282
f 537/822/282 593/825/282 563/900/282 505/823/282
f 601/794/282 546/760/282 504/763/282 565/901/282 600/761/282
f 601/794/282 600/761/282 612/797/282
f 568/828/315 563/902/315 593/831/315 591/830/315 595/829/315
f 602/800/315 600/769/315 565/903/315 567/802/315 606/799/315
f 594/834/282 569/904/282 568/905/282 595/835/282
f 605/838/282 606/841/282 567/840/282 570/839/282
f 602/875/282 605/838/282 603/804/282
f 594/876/282 591/878/282 592/877/282
f 612/797/282 600/761/282 611/798/282
f 612/797/282 559/764/282 546/760/282 601/794/282
f 559/764/282 593/825/282 537/822/282 558/879/282
usemtl brick_modern_01.006
f 514/777/284 538/778/284 540/779/285 517/780/286
f 517/781/286 540/779/285 541/782/287 520/783/288
f 520/784/288 541/782/287 542/785/289 523/786/290
f 523/787/290 542/788/289 543/789/291 525/790/292
f 525/791/292 543/789/291 544/792/293 502/793/293
f 550/808/295 551/809/296 529/777/296 530/810/297
f 553/782/298 550/808/295 530/811/297 531/812/299
f 554/813/300 553/782/298 531/814/299 532/815/301
f 533/816/302 555/817/303 554/818/300 532/819/301
f 502/820/293 544/792/293 555/817/303 533/821/302
f 540/842/305 538/843/306 512/844/306 515/845/307
f 513/846/306 551/847/306 550/808/305 516/848/307
f 518/849/308 541/850/309 540/851/305 515/852/307
f 550/853/305 553/854/309 519/855/308 516/856/307
f 521/857/310 542/858/311 541/859/309 518/860/308
f 519/861/308 553/782/309 554/862/311 522/863/310
f 543/864/291 542/865/311 521/866/310 524/867/312
f 526/868/312 522/869/310 554/870/311 555/817/303
f 544/792/293 543/864/291 524/871/312 500/872/293
f 501/873/293 526/874/312 555/817/303 544/792/293
f 571/883/284 574/884/286 596/779/285 594/778/284
f 574/885/286 577/886/288 597/782/287 596/779/285
f 577/887/288 580/888/290 598/785/289 597/782/287
f 580/889/290 582/791/292 599/789/313 598/788/289
f 582/890/292 561/891/293 544/792/293 599/789/313
f 604/808/295 587/894/297 586/895/296 605/809/296
f 607/782/298 588/896/299 587/897/297 604/808/295
f 608/813/300 589/898/301 588/814/299 607/782/298
f 590/791/302 589/889/301 608/818/300 609/817/314
f 561/899/293 590/790/302 609/817/314 544/792/293
f 596/842/316 572/906/317 569/907/318 594/843/318
f 570/908/318 573/909/317 604/808/316 605/847/318
f 575/849/319 572/852/317 596/851/316 597/850/320
f 604/853/316 573/856/317 576/855/319 607/854/320
f 578/910/321 575/911/319 597/859/320 598/858/322
f 576/912/319 579/913/321 608/862/322 607/782/320
f 599/864/313 581/871/323 578/866/321 598/865/322
f 583/816/323 609/817/314 608/870/322 579/914/321
f 544/792/293 500/915/293 581/916/323 599/864/313
f 501/917/293 544/792/293 609/817/314 583/918/323
o Serwers_007.mesh.002
v 11.560540 4.797096 25.203447
v 11.560536 4.797097 31.977308
v 11.560536 -1.472444 31.977308
v 11.560540 -1.472444 25.203447
v 10.581048 -1.472444 25.203447
v 10.581044 -1.472444 31.977308
v 10.403214 -0.701551 31.977306
v 10.403216 -0.701551 25.203445
v 8.912531 -0.701551 25.203445
v 8.912528 -0.701551 31.977306
v 8.258527 0.656503 25.203445
v 8.258524 0.656503 31.977306
v 8.258527 2.163829 25.203445
v 8.258524 2.163829 31.977306
v 8.912531 3.521883 25.203445
v 8.912528 3.521883 31.977306
v 10.091005 4.461685 25.203445
v 10.091002 4.461685 31.977306
v 12.540032 -1.472444 25.203447
v 12.540029 -1.472444 31.977308
v 12.717860 -0.701551 31.977308
v 12.717863 -0.701551 25.203447
v 14.208549 -0.701551 25.203449
v 14.208546 -0.701551 31.977310
v 14.862553 0.656503 25.203449
v 14.862550 0.656503 31.977310
v 14.862553 2.163829 25.203449
v 14.862550 2.163829 31.977310
v 14.208549 3.521883 25.203447
v 14.208546 3.521883 31.977308
v 13.030074 4.461685 25.203447
v 13.030071 4.461685 31.977308
v 8.258526 0.656503 28.056259
v 8.258525 0.656503 29.124493
v 8.912530 -0.701551 28.056259
v 8.912529 -0.701551 29.124493
v 8.258526 1.670939 28.056259
v 8.258525 1.670939 29.124493
v 7.210035 1.670939 28.056259
v 7.210035 0.656503 28.056259
v 7.210034 -0.701551 29.124493
v 7.210034 0.656503 29.124491
v 7.210035 -0.701551 28.056259
v 7.210034 1.670939 29.124491
vn -0.0000 1.0000 -0.0000
vn 0.9744 0.2248 -0.0000
vn -0.0000 -0.0000 1.0000
vn 0.9010 0.4339 -0.0000
vn 0.9749 0.2225 -0.0000
vn 1.0000 -0.0000 -0.0000
vn 0.9749 -0.2225 -0.0000
vn 0.7818 -0.6235 -0.0000
vn 0.4339 -0.9010 -0.0000
vn -0.0000 -1.0000 -0.0000
vn -0.9744 0.2248 -0.0000
vn -0.9010 0.4339 -0.0000
vn -0.9749 0.2225 -0.0000
vn -0.9749 -0.2225 -0.0000
vn -0.7818 -0.6235 -0.0000
vn -0.4339 -0.9010 -0.0000
vn -0.0000 -0.0000 -1.0000
vt -0.258957 1.006753
vt -0.258957 1.237606
vt 1.337553 1.237606
vt 1.337553 1.006753
vt -0.258957 0.195233
vt -0.258957 0.013544
vt 1.337553 0.013544
vt 1.337553 0.195233
vt 0.421097 0.411837
vt 0.610039 0.411837
vt 0.610039 0.594642
vt 0.421097 0.594642
vt 0.529368 0.005138
vt 1.026375 0.005138
vt 1.026375 0.241734
vt 0.529368 0.241734
vt 0.343264 0.241734
vt -0.153743 0.241734
vt -0.153743 0.005138
vt 0.343264 0.005138
vt 0.529368 0.418465
vt 1.026375 0.504334
vt -0.153743 0.504335
vt 0.343264 0.418465
vt 1.026375 0.740930
vt -0.153743 0.740930
vt 1.026375 0.533535
vt 1.026375 0.738845
vt -0.153743 0.738845
vt -0.153743 0.533535
vt 1.026375 0.994861
vt -0.153743 0.994861
vt -0.258957 0.646012
vt 1.337553 0.646012
vt 1.337553 0.997347
vt -0.258957 0.997347
vt 0.727893 0.167111
vt 0.421097 0.167111
vt 0.413414 0.646012
vt 0.665182 0.646012
vt 0.421097 0.339764
vt 0.610039 0.339764
vt 0.610039 0.532263
vt 0.421097 0.532263
vt 0.413414 0.244756
vt 0.665182 0.244756
vt 0.421097 0.411837
s 1
usemtl concrete_base.001
f 618/919/324 615/920/324 616/921/324 617/922/324
f 619/923/325 618/924/325 617/925/325 620/926/325
f 632/919/324 631/922/324 616/921/324 615/920/324
f 633/923/334 634/926/334 631/925/334 632/924/334
f 636/951/324 635/952/324 634/953/324 633/954/324
f 648/957/324 622/951/324 619/954/324 620/953/324 621/952/324 647/958/324
f 653/963/324 648/957/324 647/958/324 655/964/324
usemtl brick_modern_01.001
f 652/927/326 645/928/326 649/929/326 651/930/326
f 647/931/327 621/932/327 623/933/328 645/934/328
f 646/935/328 624/936/328 622/937/327 648/938/327
f 649/939/329 645/934/328 623/933/328 625/940/330 626/941/330 624/936/328 646/935/328 650/942/329
f 625/940/330 627/943/331 628/944/331 626/941/330
f 627/945/331 629/946/332 630/947/332 628/948/331
f 629/946/332 613/949/333 614/950/333 630/947/332
f 635/932/335 636/937/335 638/936/336 637/933/336
f 637/933/336 638/936/336 640/941/337 639/940/337
f 639/940/337 640/941/337 642/944/338 641/943/338
f 641/945/338 642/948/338 644/947/339 643/946/339
f 643/946/339 644/947/339 614/950/333 613/949/333
f 654/927/340 646/928/340 648/955/340 653/956/340
f 647/955/326 645/928/326 652/927/326 655/956/326
f 651/959/333 649/960/333 650/961/333 656/962/333
f 656/930/340 650/929/340 646/928/340 654/965/340
o SerwersP.003_mesh.002
v 7.545755 1.670940 28.056257
v 7.545755 0.656504 28.056257
v 7.545754 -0.701550 29.124489
v 7.545754 0.656504 29.124489
v 7.545755 -0.701550 28.056257
v 7.545754 1.670939 29.124489
v 7.545756 1.473388 27.349712
v 7.545756 0.656503 27.349712
v 7.545754 -0.701550 29.831030
v 7.545754 0.656504 29.831030
v 7.545756 -0.701550 27.349712
v 7.545754 1.473388 29.831032
v 7.545755 2.532912 28.590370
v 7.545754 2.406060 29.157143
v 7.545754 2.073721 29.585445
v 7.545755 2.073720 27.595299
v 7.545755 2.406060 28.023600
v 3.359035 1.473388 27.349710
v 3.359035 0.656503 27.349710
v 3.359034 -0.701550 29.831028
v 3.359034 0.656504 29.831028
v 3.359035 -0.701550 27.349710
v 3.359034 1.473388 29.831028
v 3.359035 2.532912 28.590368
v 3.359034 2.406060 29.157139
v 3.359034 2.073721 29.585442
v 3.359035 2.073720 27.595295
v 3.359035 2.406060 28.023598
vn -1.0000 -0.0000 -0.0000
vn -0.0000 -0.1929 0.9812
vn -0.0000 -0.6049 0.7963
vn -0.0000 -0.1929 -0.9812
vn -0.0000 -0.0000 -1.0000
vn -0.0000 -0.9047 0.4260
vn -0.0000 -1.0000 -0.0000
vn -0.0000 -0.6049 -0.7963
vn -0.0000 -0.9047 -0.4260
vn -0.0000 -0.0000 1.0000
vn -0.0000 1.0000 -0.0000
vt 0.470261 0.507944
vt 0.470261 0.194310
vt 0.251820 0.194310
vt 0.251820 0.446866
vt 0.090364 0.009287
vt 0.090364 0.997811
vt -0.423927 0.997811
vt -0.423928 0.009287
vt 0.800527 0.507944
vt 0.327748 0.632472
vt 0.460166 0.735221
vt 0.635395 0.774440
vt 0.810624 0.735221
vt 0.943042 0.632472
vt 1.018970 0.446867
vt 0.867928 0.997811
vt 0.867928 0.009287
vt 1.382217 0.009287
vt 1.382217 0.997811
vt 0.800527 0.194310
vt 1.018970 0.194310
vt 0.686815 0.597886
vt 0.686815 0.783491
vt -0.607595 0.783491
vt -0.607595 0.597886
vt 0.686815 0.597886
vt 0.686815 0.345330
vt -0.607595 0.345330
vt -0.607595 0.597886
vt 0.686815 0.324771
vt 0.686815 0.500000
vt -0.607595 0.500000
vt -0.607595 0.324771
vt 0.686815 0.783491
vt -0.607595 0.783491
vt 0.686815 0.192353
vt -0.607595 0.324771
vt -0.607595 0.192353
vt 0.686815 0.675229
vt -0.607595 0.675229
vt -0.607595 0.500000
vt 1.280762 0.009138
vt 1.280762 0.997661
vt -1.766741 0.997661
vt -1.766741 0.009137
vt -0.607595 0.345330
vt 0.686815 0.807647
vt -0.607595 0.807647
vt -0.607595 0.675229
vt 0.997824 0.994752
vt 0.997824 0.005248
vt -0.671763 0.005248
vt -0.671763 0.994752
vt -1.766741 0.009138
vt -1.766741 0.997661
s 1
usemtl brick_modern.001
f 662/966/341 660/967/341 666/968/341 668/969/341
f 657/974/341 662/966/341 668/969/341 671/975/341 670/976/341 669/977/341 673/978/341 672/979/341 663/980/341
f 658/985/341 657/974/341 663/980/341 664/986/341
f 663/987/342 672/988/343 683/989/343 674/990/342
f 668/991/344 666/992/345 677/993/345 679/994/344
f 673/995/346 669/996/347 680/997/347 684/998/346
f 671/999/348 668/991/344 679/990/344 682/1000/348
f 672/1001/343 673/995/346 684/1002/346 683/1003/343
f 669/996/347 670/1004/349 681/1005/349 680/1006/347
f 664/992/350 663/987/342 674/990/342 675/1011/350
f 670/1004/349 671/1012/348 682/1013/348 681/1014/349
usemtl concrete_bare_01.001
f 661/970/341 658/971/341 664/972/341 667/973/341
f 660/981/341 659/982/341 665/983/341 666/984/341
f 667/1007/350 664/1008/350 675/1009/350 678/1010/350
f 666/1008/345 665/1007/345 676/1019/345 677/1020/345
usemtl brick_pavement.001
f 665/1015/351 667/1016/351 678/1017/351 676/1018/351
o SerwersP_008.mesh.002
v 7.569180 1.702606 29.155521
v 7.728531 -0.678819 28.087460
v 7.569181 -0.679359 28.025223
v 7.728531 1.638494 28.087460
v 7.569180 -0.679359 29.155521
v 7.569181 1.702606 28.025223
v 7.569180 1.638494 29.093285
v 7.728530 -0.678819 29.093285
v 7.569181 -0.678819 28.087460
v 7.728530 1.638494 29.093285
v 7.569181 1.638494 28.087460
v 7.569180 -0.678819 29.093285
v 7.728530 1.702606 29.155521
v 7.728531 1.702606 28.025223
v 7.728530 -0.679359 29.155521
v 7.728531 -0.679359 28.025223
v 7.728531 -0.720438 28.087460
v 7.728531 -0.720978 28.025223
v 7.569181 -0.720438 28.087460
v 7.569181 -0.720978 28.025223
v 7.569180 -0.720978 29.155521
v 7.569180 -0.720438 29.093285
v 7.728530 -0.720978 29.155521
v 7.728530 -0.720438 29.093285
vn -0.0000 -0.0000 -1.0000
vn -1.0000 -0.0000 -0.0000
vn 1.0000 -0.0000 -0.0000
vn -0.0000 1.0000 -0.0000
vn -0.0000 -1.0000 -0.0000
vn -0.0000 -0.0000 1.0000
vn -0.0000 -1.0000 -0.0087
vn -0.0000 -1.0000 0.0087
vt 0.532710 0.022333
vt 0.532710 0.973679
vt 0.467290 0.973679
vt 0.467290 0.022333
vt 0.973679 0.706465
vt 1.000000 0.732016
vt 0.022111 0.732016
vt 0.022333 0.706465
vt 0.022333 0.706465
vt 0.022111 0.732016
vt 0.527180 0.281570
vt 0.501629 0.255249
vt 0.965661 0.255249
vt 0.940110 0.281570
vt 0.022333 0.293535
vt 0.973679 0.293535
vt 1.000000 0.267984
vt 0.022111 0.267984
vt 0.022333 0.293535
vt 0.022111 0.267984
vt 0.532710 0.022111
vt 0.532710 1.000000
vt 0.467290 1.000000
vt 0.467290 0.022111
vt 0.965661 0.722539
vt 0.501629 0.722539
vt 0.501629 0.787959
vt 0.965661 0.787959
vt 0.740728 0.461862
vt 0.740728 0.538138
vt 0.259272 0.538138
vt 0.259272 0.461862
vt 0.467290 0.005025
vt 0.532710 0.005025
vt 0.532710 0.973679
vt 0.532710 0.022333
vt 0.467290 0.022333
vt 0.467290 0.973679
vt 0.527180 0.722539
vt 0.940110 0.722539
vt 0.940110 0.787959
vt 0.527180 0.787959
vt 0.532710 1.000000
vt 0.532710 0.022111
vt 0.467290 0.022111
vt 0.467290 1.000000
vt 0.532710 0.268028
vt 0.532710 0.293578
vt 0.467290 0.293578
vt 0.467290 0.268028
vt 0.532710 0.706422
vt 0.532710 0.731972
vt 0.467290 0.731972
vt 0.467290 0.706422
vt 0.005025 0.267984
vt 0.005247 0.293535
vt 0.005247 0.293535
vt 0.005025 0.267984
vt 0.740728 0.490039
vt 0.740728 0.509961
vt 0.259272 0.509961
vt 0.259272 0.490039
vt 0.005025 0.732016
vt 0.005247 0.706465
vt 0.005247 0.706465
vt 0.005025 0.732016
vt 0.532710 0.005025
vt 0.467290 0.005025
s 0
usemtl brick_modern.005
f 696/1021/352 691/1022/352 694/1023/352 692/1024/352
f 695/1025/353 690/1026/353 687/1027/353 693/1028/353
f 688/1025/354 686/1029/354 700/1030/354 698/1026/354
f 691/1031/353 685/1032/353 690/1033/353 695/1034/353
f 692/1035/354 694/1036/354 697/1037/354 699/1038/354
f 694/1031/354 688/1034/354 698/1033/354 697/1032/354
f 696/1039/353 689/1040/353 685/1037/353 691/1036/353
f 687/1041/352 690/1042/352 698/1043/352 700/1044/352
f 690/1045/355 685/1046/355 697/1047/355 698/1048/355
f 703/1049/356 701/1050/356 708/1051/356 706/1052/356
f 687/1041/352 700/1044/352 702/1053/352 704/1054/352
f 695/1055/357 693/1056/357 686/1057/357 688/1058/357
f 691/1059/356 695/1060/356 688/1061/356 694/1062/356
f 685/1063/357 689/1064/357 699/1065/357 697/1066/357
f 705/1067/358 706/1068/358 708/1069/358 707/1070/358
f 703/1071/359 704/1072/359 702/1073/359 701/1074/359
f 692/1035/354 699/1038/354 707/1075/354 708/1076/354
f 689/1040/353 696/1039/353 706/1077/353 705/1078/353
f 693/1079/353 703/1080/353 706/1081/353 696/1082/353
f 693/1028/353 687/1027/353 704/1083/353 703/1084/353
f 700/1030/354 686/1029/354 701/1085/354 702/1086/354
f 699/1065/357 689/1064/357 705/1087/357 707/1088/357
f 701/1080/354 686/1079/354 692/1082/354 708/1081/354
f 686/1050/355 693/1049/355 696/1052/355 692/1051/355
o door_metal_02.004
v 7.704351 -0.678819 28.112154
v 7.704350 1.638494 28.112154
v 6.698914 -0.678819 28.140120
v 6.698913 1.638494 28.140120
v 6.696685 1.638494 28.060007
v 7.702123 1.638494 28.032043
v 6.696685 -0.678819 28.060007
v 7.702123 -0.678819 28.032043
vn 0.0278 -0.0000 0.9996
vn -0.0278 -0.0000 -0.9996
vn 0.9996 -0.0000 -0.0278
vn -0.0000 1.0000 -0.0000
vn -0.0000 -1.0000 -0.0000
vn -0.9996 -0.0000 0.0278
vt 0.994774 0.001662
vt 0.005226 0.001662
vt 0.005226 0.998338
vt 0.994774 0.998338
vt 0.546272 0.998337
vt 0.546272 0.001662
vt 0.604640 0.001662
vt 0.604640 0.998337
vt 0.539422 0.846764
vt 0.539422 0.414159
vt 0.460578 0.414159
vt 0.460578 0.846764
s 0
usemtl door_metal_02.001
f 711/1089/360 709/1090/360 710/1091/360 712/1092/360
f 715/1089/361 713/1092/361 714/1091/361 716/1090/361
f 710/1093/362 709/1094/362 716/1095/362 714/1096/362
f 712/1097/363 710/1098/363 714/1099/363 713/1100/363
f 709/1098/364 711/1097/364 715/1100/364 716/1099/364
f 711/1094/365 712/1093/365 713/1096/365 715/1095/365
o SerwersP_012.mesh.002
v 3.802059 1.473387 27.349709
v 3.802059 0.656503 27.349709
v 3.802058 -0.701551 29.831026
v 3.802058 0.656503 29.831028
v 3.802059 -0.701551 27.349709
v 3.802058 1.473387 29.831028
v 3.802058 2.532911 28.590368
v 3.802058 2.406060 29.157139
v 3.802058 2.073720 29.585442
v 3.802059 2.073720 27.595295
v 3.802058 2.406060 28.023598
v 3.802059 1.463700 27.398975
v 3.802059 0.656503 27.398975
v 3.802058 -0.652284 29.781761
v 3.802058 0.656503 29.781761
v 3.802058 2.042873 29.544830
v 3.802058 1.463700 29.781761
v 3.802059 -0.652284 27.398975
v 3.802058 2.360387 28.045101
v 3.802058 2.482426 28.590368
v 3.802058 2.360387 29.135635
v 3.802059 2.042873 27.635906
v 3.919019 1.463700 27.398975
v 3.919019 0.656503 27.398975
v 3.919017 -0.652284 29.781761
v 3.919017 0.656503 29.781761
v 3.919017 2.042873 29.544832
v 3.919017 1.463700 29.781761
v 3.919019 -0.652284 27.398975
v 3.919018 2.360387 28.045101
v 3.919018 2.482426 28.590368
v 3.919018 2.360387 29.135635
v 3.919019 2.042873 27.635906
v 3.919019 1.473387 27.349710
v 3.919019 0.656503 27.349709
v 3.919017 -0.701551 29.831026
v 3.919017 0.656503 29.831028
v 3.919017 2.073720 29.585442
v 3.919017 1.473387 29.831028
v 3.919019 -0.701551 27.349709
v 3.919018 2.406060 28.023598
v 3.919018 2.532911 28.590368
v 3.919018 2.406060 29.157139
v 3.919019 2.073720 27.595295
v 3.840115 2.462373 28.504524
v 3.840115 2.462373 28.439842
v 3.880961 2.462373 28.504524
v 3.880961 2.462373 28.439842
v 3.840115 2.421068 28.250473
v 3.840115 2.421068 28.185791
v 3.880961 2.421068 28.250473
v 3.880961 2.421068 28.185791
v 3.840116 -0.673868 28.016411
v 3.840116 2.345064 28.016411
v 3.840116 -0.673868 27.951729
v 3.840116 2.345064 27.951729
v 3.880961 -0.673868 28.016411
v 3.880961 2.345064 28.016411
v 3.880961 -0.673868 27.951729
v 3.880961 2.345064 27.951729
v 3.840116 -0.673868 27.720999
v 3.840116 2.110582 27.720997
v 3.840116 -0.673868 27.656315
v 3.840116 2.110582 27.656315
v 3.880961 -0.673868 27.720999
v 3.880961 2.110582 27.720997
v 3.880961 -0.673868 27.656315
v 3.880961 2.110582 27.656315
v 3.840115 2.462373 28.676212
v 3.840115 2.462373 28.740894
v 3.880961 2.462373 28.676212
v 3.880961 2.462373 28.740894
v 3.840115 2.421068 28.930264
v 3.840115 2.421068 28.994946
v 3.880961 2.421068 28.930264
v 3.880961 2.421068 28.994946
v 3.840115 -0.673868 29.164326
v 3.840115 2.345064 29.164326
v 3.840115 -0.673868 29.229008
v 3.840115 2.345064 29.229008
v 3.880960 -0.673868 29.164326
v 3.880960 2.345064 29.164326
v 3.880960 -0.673868 29.229008
v 3.880960 2.345064 29.229008
v 3.840115 -0.673868 29.459740
v 3.840115 2.110582 29.459738
v 3.840115 -0.673868 29.524422
v 3.840115 2.110582 29.524422
v 3.880960 -0.673868 29.459740
v 3.880960 2.110582 29.459738
v 3.880960 -0.673868 29.524422
v 3.880960 2.110582 29.524422
v 3.843766 -0.322067 27.363216
v 3.843764 -0.322067 29.801607
v 3.843766 -0.268944 27.363216
v 3.843764 -0.268944 29.801607
v 3.877312 -0.322067 27.363216
v 3.877310 -0.322067 29.801607
v 3.877312 -0.268944 27.363216
v 3.877310 -0.268944 29.801607
v 3.843766 0.393685 27.363214
v 3.843764 0.393685 29.801605
v 3.843766 0.446808 27.363214
v 3.843764 0.446808 29.801605
v 3.877312 0.393685 27.363214
v 3.877310 0.393685 29.801605
v 3.877312 0.446808 27.363214
v 3.877310 0.446808 29.801605
v 3.843766 1.383971 27.363214
v 3.843764 1.383971 29.801605
v 3.843766 1.437093 27.363214
v 3.843764 1.437094 29.801605
v 3.877312 1.383971 27.363214
v 3.877310 1.383971 29.801605
v 3.877312 1.437093 27.363214
v 3.877310 1.437094 29.801605
v 3.802058 -0.652284 28.056040
v 3.802058 -0.652284 29.124699
v 3.802058 -0.701551 28.056040
v 3.802058 -0.701551 29.124699
v 3.919018 -0.701551 28.056040
v 3.919018 -0.701551 29.124699
v 3.919018 -0.652284 28.056040
v 3.919018 -0.652284 29.124699
v 3.840115 1.365955 28.504524
v 3.840115 1.365955 28.439842
v 3.880961 1.365955 28.439842
v 3.880961 1.365955 28.504524
v 3.840115 1.365955 28.250473
v 3.840115 1.365955 28.185791
v 3.880961 1.365955 28.185791
v 3.880961 1.365955 28.250473
v 3.840115 1.365955 28.740894
v 3.840115 1.365955 28.676212
v 3.880961 1.365955 28.740894
v 3.880961 1.365955 28.676212
v 3.840115 1.365955 28.994946
v 3.840115 1.365955 28.930264
v 3.880961 1.365955 28.994946
v 3.880961 1.365955 28.930264
v 3.843765 -0.322067 28.056040
v 3.843765 -0.322067 29.124699
v 3.843765 -0.268944 28.056040
v 3.843765 -0.268944 29.124699
v 3.877311 -0.268944 28.056040
v 3.877311 -0.268944 29.124699
v 3.877311 -0.322067 28.056040
v 3.877311 -0.322067 29.124699
v 3.843765 0.393685 28.056038
v 3.843765 0.393685 29.124699
v 3.843765 0.446808 28.056038
v 3.843765 0.446808 29.124699
v 3.877311 0.446808 28.056040
v 3.877311 0.446808 29.124699
v 3.877311 0.393685 28.056040
v 3.877311 0.393685 29.124699
v 3.802058 -0.652284 28.097429
v 3.919018 -0.652284 28.097429
v 3.802058 -0.701551 29.083307
v 3.919018 -0.701551 29.083307
v 3.802058 -0.652284 29.083307
v 3.919018 -0.652284 29.083307
v 3.802058 -0.701551 28.097429
v 3.919018 -0.701551 28.097429
v 3.802058 1.338350 28.056038
v 3.919018 1.338350 28.056038
v 3.802058 1.338350 29.124697
v 3.919018 1.338350 29.124699
v 3.802058 1.338350 28.097429
v 3.919018 1.338350 28.097429
v 3.802058 1.338350 29.083307
v 3.919018 1.338350 29.083307
v 3.802058 1.372095 28.056038
v 3.919018 1.372095 28.056038
v 3.802058 1.372095 29.124697
v 3.919018 1.372095 29.124699
v 3.802058 1.372095 28.097429
v 3.919018 1.372095 28.097429
v 3.802058 1.372095 29.083307
v 3.919018 1.372095 29.083307
vn 1.0000 -0.0000 -0.0000
vn -1.0000 -0.0000 -0.0000
vn -0.0000 -1.0000 -0.0000
vn -0.0000 -0.9047 -0.4260
vn -0.0000 -0.0000 1.0000
vn -0.0000 -0.1929 0.9812
vn -0.0000 -0.6049 -0.7963
vn -0.0000 -0.0000 -1.0000
vn -0.0000 0.1929 0.9812
vn -0.0000 -0.6049 0.7963
vn -0.0000 -0.1929 -0.9812
vn -0.0000 1.0000 -0.0000
vn -0.0000 0.9047 -0.4260
vn -0.0000 -0.9047 0.4260
vn -0.0000 0.9047 0.4260
vn -0.0000 0.1929 -0.9812
vn -0.0000 0.6049 0.7963
vn -0.0000 0.6049 -0.7963
vt 0.302083 -0.410439
vt 0.302083 -0.448609
vt 0.934982 -0.448609
vt 0.927477 -0.410439
vt 0.302084 1.435675
vt -0.711928 1.435674
vt -0.750098 1.473845
vt 0.302083 1.473845
vt 1.376204 1.252109
vt 0.927476 1.435675
vt 0.934982 1.473845
vt 1.400103 1.283573
vt -0.711928 -0.410439
vt -0.750098 -0.448610
vt -0.750098 0.098635
vt -0.711928 0.098635
vt -0.711928 0.926601
vt -0.750098 0.926601
vt 1.622204 0.090161
vt 1.716757 0.512617
vt 1.755871 0.512617
vt 1.657590 0.073500
vt 1.622204 0.935075
vt 1.657590 0.951736
vt 1.376204 -0.226873
vt 1.400103 -0.258336
vt 0.450344 0.512617
vt 0.540961 0.512617
vt 0.540961 0.935075
vt 0.450344 0.935075
vt 0.450344 0.318505
vt 0.540961 0.318505
vt 0.540961 0.943898
vt 0.450344 0.943898
vt 0.450344 0.098635
vt 0.450344 -0.448610
vt 0.540961 -0.448610
vt 0.540961 0.098635
vt 0.540961 0.926601
vt 0.540961 1.473845
vt 0.450344 1.473845
vt 0.450344 0.926601
vt 0.540961 1.252109
vt 0.450344 1.252109
vt 0.450344 0.318505
vt 0.540961 0.318505
vt 0.540961 -0.695506
vt 0.450344 -0.695506
vt 0.540961 0.951403
vt 0.450344 0.951403
vt 0.540961 1.392625
vt 0.450344 1.392625
vt 0.540961 0.943898
vt 0.450344 0.943898
vt 0.540961 0.073500
vt 0.450344 0.073500
vt 0.450344 -0.226873
vt 0.540961 -0.226873
vt 0.540961 0.090161
vt 0.450344 0.090161
vt 0.450344 0.951736
vt 0.540961 0.951736
vt 0.450344 0.951404
vt 0.540961 0.951404
vt 0.540961 -0.410439
vt 0.450344 -0.410439
vt 0.450344 1.435674
vt 0.540961 1.435674
vt 0.450344 1.283573
vt 0.540961 1.283573
vt 0.450344 -0.733677
vt 0.540961 -0.733677
vt 0.450344 1.416524
vt 0.540961 1.416524
vt 0.540961 1.416524
vt 0.450344 1.416524
vt 0.540961 -0.258336
vt 0.450344 -0.258336
vt 1.701221 0.446109
vt 1.701221 0.395995
vt 0.851746 0.395995
vt 0.851746 0.446109
vt 0.479830 0.868168
vt 0.479830 1.717642
vt 0.511476 1.717642
vt 0.511476 0.868168
vt 1.669218 0.249277
vt 1.669218 0.199162
vt 0.851746 0.199162
vt 0.851746 0.249277
vt 0.479830 1.685640
vt 0.511476 1.685640
vt -0.728650 0.067932
vt 1.610333 0.067932
vt 1.610333 0.017818
vt -0.728650 0.017818
vt 0.479830 -0.712229
vt 0.479830 1.626754
vt 0.511476 1.626754
vt 0.511476 -0.712229
vt -0.728650 -0.160946
vt 1.428663 -0.160946
vt 1.428663 -0.211060
vt -0.728650 -0.211060
vt 0.479830 1.445084
vt 0.511476 1.445084
vt 0.851746 0.629241
vt 1.701221 0.629241
vt 1.701221 0.579127
vt 0.851746 0.579127
vt 0.851746 0.826073
vt 1.669218 0.826073
vt 1.669218 0.775959
vt 0.851746 0.775959
vt -0.728650 0.957304
vt -0.728650 1.007418
vt 1.610332 1.007418
vt 1.610332 0.957304
vt 0.479830 -0.712229
vt 0.511476 -0.712229
vt -0.728650 1.186181
vt -0.728650 1.236295
vt 1.428663 1.236295
vt 1.428663 1.186181
vt -0.414926 -0.438145
vt -0.456084 -0.438145
vt -0.456084 0.098635
vt -0.414927 0.098635
vt -0.456085 1.451051
vt -0.414927 1.451051
vt -0.414927 0.926601
vt -0.456085 0.926601
vt 0.508648 -0.438145
vt 0.482657 -0.438145
vt 0.482657 0.098635
vt 0.508648 0.098635
vt 0.482657 0.926601
vt 0.482657 1.451051
vt 0.508648 1.451051
vt 0.508648 0.926601
vt 0.098460 0.926601
vt 0.098460 1.451051
vt 0.139618 1.451051
vt 0.139618 0.926601
vt 0.139618 -0.438145
vt 0.098460 -0.438145
vt 0.098460 0.098635
vt 0.139618 0.098635
vt 0.865705 -0.438145
vt 0.865705 1.451051
vt 0.906863 1.451051
vt 0.906863 -0.438145
vt 0.508648 0.156039
vt 0.482657 0.156039
vt 0.482657 0.114881
vt 0.508648 0.114881
vt 0.508648 -0.398505
vt 0.482657 -0.398505
vt 0.482657 -0.439663
vt 0.508648 -0.439663
vt 0.540961 0.130702
vt 0.450344 0.130702
vt -0.711928 0.894534
vt -0.750098 0.894534
vt 0.508648 -0.439663
vt 0.482657 -0.439663
vt 0.479830 0.249277
vt 0.479830 0.199162
vt 0.511476 0.199162
vt 0.511476 0.249277
vt 0.479830 0.446109
vt 0.479830 0.395995
vt 0.511476 0.395995
vt 0.511476 0.446109
vt 0.479830 0.826073
vt 0.479830 0.775959
vt 0.511476 0.775959
vt 0.511476 0.826073
vt 0.479830 0.629241
vt 0.479830 0.579127
vt 0.511476 0.579127
vt 0.511476 0.629241
vt -0.750098 0.130702
vt -0.711928 0.130702
vt 0.540961 0.846781
vt 0.450344 0.846781
vt 0.830359 0.098635
vt 0.830359 0.130702
vt 0.450344 0.894534
vt 0.540961 0.894534
vt 0.830359 0.926601
vt 0.830359 0.894534
vt 0.856504 0.894534
vt 0.856504 0.926601
vt 0.540961 0.872925
vt 0.450344 0.872925
vt 0.856504 0.098635
vt 0.856504 0.130702
s 1
usemtl Metal.001
f 740/1101/366 751/1102/366 750/1103/366 739/1104/366
f 729/1101/367 728/1104/367 717/1103/367 718/1102/367
f 731/1105/367 730/1106/367 719/1107/367 720/1108/367
f 732/1109/367 733/1110/367 722/1111/367 725/1112/367
f 734/1113/367 729/1101/367 718/1102/367 721/1114/367
f 734/1113/367 721/1114/367 835/1115/367 833/1116/367
f 730/1106/367 834/1117/367 836/1118/367 719/1107/367
f 733/1110/367 731/1105/367 720/1108/367 722/1111/367
f 735/1119/367 736/1120/367 723/1121/367 727/1122/367
f 736/1120/367 737/1123/367 724/1124/367 723/1121/367
f 737/1123/367 732/1109/367 725/1112/367 724/1124/367
f 728/1104/367 738/1125/367 726/1126/367 717/1103/367
f 738/1125/367 735/1119/367 727/1122/367 726/1126/367
f 742/1105/366 753/1108/366 752/1107/366 741/1106/366
f 743/1109/366 754/1112/366 755/1111/366 744/1110/366
f 745/1113/366 756/1114/366 751/1102/366 740/1101/366
f 837/1115/366 756/1114/366 745/1113/366 839/1116/366
f 840/1117/366 741/1106/366 752/1107/366 838/1118/366
f 744/1110/366 755/1111/366 753/1108/366 742/1105/366
f 746/1119/366 757/1122/366 758/1121/366 747/1120/366
f 747/1120/366 758/1121/366 759/1124/366 748/1123/366
f 748/1123/366 759/1124/366 754/1112/366 743/1109/366
f 739/1104/366 750/1103/366 760/1126/366 749/1125/366
f 749/1125/366 760/1126/366 757/1122/366 746/1119/366
f 736/1127/368 747/1128/368 748/1129/369 737/1130/369
f 729/1131/370 740/1132/370 739/1133/371 728/1134/371
f 835/1135/368 721/1136/368 756/1137/368 837/1138/368
f 838/1139/368 752/1140/368 719/1141/368 836/1142/368
f 737/1130/369 748/1129/369 743/1143/372 732/1144/372
f 731/1145/373 742/1146/373 741/1147/373 730/1148/373
f 720/1131/370 753/1132/370 755/1149/374 722/1150/374
f 728/1134/371 739/1133/371 749/1151/375 738/1152/375
f 732/1152/372 743/1151/372 744/1153/376 733/1154/376
f 723/1127/377 758/1128/377 757/1155/378 727/1156/378
f 738/1157/375 749/1158/375 746/1159/379 735/1160/379
f 734/1148/370 745/1147/370 740/1132/370 729/1131/370
f 724/1161/380 759/1162/380 758/1128/377 723/1127/377
f 717/1163/381 750/1164/381 751/1132/373 718/1131/373
f 745/1165/377 734/1166/377 833/1135/377 839/1138/377
f 834/1142/377 730/1167/377 741/1168/377 840/1139/377
f 725/1169/382 754/1170/382 759/1162/380 724/1161/380
f 719/1171/370 752/1172/370 753/1132/370 720/1131/370
f 733/1154/376 744/1153/376 742/1146/373 731/1145/373
f 726/1173/383 760/1174/383 750/1164/381 717/1163/381
f 722/1150/374 755/1149/374 754/1175/382 725/1176/382
f 735/1160/379 746/1159/379 747/1128/368 736/1127/368
f 727/1156/378 757/1155/378 760/1177/383 726/1178/383
f 718/1131/373 751/1132/373 756/1172/373 721/1171/373
f 761/1179/367 762/1180/367 842/1181/367 841/1182/367
f 842/1183/373 762/1184/373 764/1185/373 843/1186/373
f 764/1180/366 763/1179/366 844/1182/366 843/1181/366
f 844/1186/370 763/1185/370 761/1184/370 841/1183/370
f 765/1187/367 766/1188/367 846/1189/367 845/1190/367
f 846/1183/373 766/1191/373 768/1192/373 847/1186/373
f 768/1188/366 767/1187/366 848/1190/366 847/1189/366
f 848/1186/370 767/1192/370 765/1191/370 845/1183/370
f 769/1193/367 770/1194/367 772/1195/367 771/1196/367
f 771/1197/373 772/1198/373 776/1199/373 775/1200/373
f 775/1196/366 776/1195/366 774/1194/366 773/1193/366
f 773/1200/370 774/1199/370 770/1198/370 769/1197/370
f 777/1201/367 778/1202/367 780/1203/367 779/1204/367
f 779/1197/373 780/1205/373 784/1206/373 783/1200/373
f 783/1204/366 784/1203/366 782/1202/366 781/1201/366
f 781/1200/370 782/1206/370 778/1205/370 777/1197/370
f 849/1207/367 786/1208/367 785/1209/367 850/1210/367
f 851/1186/370 788/1185/370 786/1184/370 849/1183/370
f 852/1210/366 787/1209/366 788/1208/366 851/1207/366
f 850/1183/373 785/1184/373 787/1185/373 852/1186/373
f 853/1211/367 790/1212/367 789/1213/367 854/1214/367
f 855/1186/370 792/1192/370 790/1191/370 853/1183/370
f 856/1214/366 791/1213/366 792/1212/366 855/1211/366
f 854/1183/373 789/1191/373 791/1192/373 856/1186/373
f 793/1215/367 795/1216/367 796/1217/367 794/1218/367
f 795/1219/370 799/1220/370 800/1199/370 796/1198/370
f 799/1216/366 797/1215/366 798/1218/366 800/1217/366
f 797/1220/373 793/1219/373 794/1198/373 798/1199/373
f 801/1221/367 803/1222/367 804/1223/367 802/1224/367
f 803/1219/370 807/1220/370 808/1206/370 804/1205/370
f 807/1222/366 805/1221/366 806/1224/366 808/1223/366
f 805/1220/373 801/1219/373 802/1205/373 806/1206/373
f 811/1225/367 809/1226/367 857/1227/367 859/1228/367
f 810/1229/367 812/1230/367 860/1231/367 858/1232/367
f 815/1233/377 811/1234/377 859/1235/377 861/1236/377
f 860/1237/377 812/1238/377 816/1239/377 862/1240/377
f 813/1226/366 815/1225/366 861/1228/366 863/1227/366
f 862/1231/366 816/1230/366 814/1229/366 864/1232/366
f 857/1235/368 809/1234/368 813/1233/368 863/1236/368
f 864/1240/368 814/1239/368 810/1238/368 858/1237/368
f 866/1241/367 818/1242/367 820/1243/367 868/1244/367
f 819/1245/367 817/1246/367 865/1247/367 867/1248/367
f 868/1237/377 820/1238/377 824/1239/377 870/1240/377
f 823/1233/377 819/1234/377 867/1235/377 869/1236/377
f 870/1244/366 824/1243/366 822/1242/366 872/1241/366
f 871/1247/366 821/1246/366 823/1245/366 869/1248/366
f 872/1240/368 822/1239/368 818/1238/368 866/1237/368
f 865/1235/368 817/1234/368 821/1233/368 871/1236/368
f 825/1249/367 826/1250/367 828/1251/367 827/1252/367
f 827/1234/377 828/1238/377 832/1239/377 831/1233/377
f 831/1252/366 832/1251/366 830/1250/366 829/1249/366
f 829/1233/368 830/1239/368 826/1238/368 825/1234/368
f 869/1253/370 867/1254/370 865/1255/370 871/1256/370
f 861/1257/370 859/1258/370 857/1259/370 863/1260/370
f 835/1135/368 837/1138/368 880/1261/368 879/1262/368
f 866/1255/373 868/1254/373 870/1253/373 872/1256/373
f 836/1118/367 834/1117/367 877/1263/367 875/1264/367
f 860/1258/373 862/1257/373 864/1265/373 858/1266/373
f 845/1267/368 846/1268/368 847/1269/368 848/1270/368
f 841/1271/368 842/1272/368 843/1273/368 844/1274/368
f 853/1275/368 854/1276/368 856/1277/368 855/1278/368
f 849/1279/368 850/1280/368 852/1281/368 851/1282/368
f 873/1148/370 879/1171/370 880/1172/370 874/1147/370
f 876/1172/373 875/1171/373 877/1148/373 878/1147/373
f 833/1116/367 835/1115/367 879/1283/367 873/1284/367
f 840/1117/366 838/1118/366 876/1264/366 878/1263/366
f 837/1115/366 839/1116/366 874/1284/366 880/1283/366
f 873/1148/370 874/1147/370 886/1285/370 885/1286/370
f 874/1284/366 839/1116/366 882/1287/366 886/1288/366
f 838/1139/368 836/1142/368 875/1289/368 876/1290/368
f 884/1291/366 888/1292/366 896/1293/366 892/1294/366
f 883/1286/370 884/1285/370 892/1295/370 891/1296/370
f 840/1117/366 878/1263/366 888/1292/366 884/1291/366
f 878/1147/373 877/1148/373 887/1286/373 888/1285/373
f 833/1116/367 873/1284/367 885/1288/367 881/1287/367
f 839/1147/373 833/1148/373 881/1286/373 882/1285/373
f 877/1263/367 834/1117/367 883/1291/367 887/1292/367
f 834/1148/370 840/1147/370 884/1285/370 883/1286/370
f 890/1138/377 889/1135/377 893/1262/377 894/1261/377
f 891/1142/377 892/1139/377 896/1290/377 895/1289/377
f 887/1292/367 883/1291/367 891/1294/367 895/1293/367
f 895/1289/377 896/1290/377 894/1261/377 893/1262/377
f 882/1285/373 881/1286/373 889/1296/373 890/1295/373
f 886/1288/366 882/1287/366 890/1297/366 894/1298/366
f 881/1287/367 885/1288/367 893/1298/367 889/1297/367
f 887/1292/367 895/1293/367 893/1298/367 885/1288/367
f 896/1293/366 888/1292/366 886/1288/366 894/1298/366
f 888/1290/368 887/1289/368 885/1262/368 886/1261/368
o SerwersP_013.001
v 3.865085 -0.669981 28.127382
v 2.895073 -0.669981 28.127380
v 3.865086 1.322058 28.127382
v 2.895073 1.322058 28.127380
v 3.833174 1.295088 28.127382
v 3.833174 -0.643011 28.127382
v 2.926985 -0.643011 28.127380
v 2.926985 1.295088 28.127380
v 3.833174 1.295088 28.078161
v 3.833174 -0.643011 28.078163
v 2.926985 -0.643011 28.078161
v 2.926985 1.295088 28.078161
v 3.865086 1.322058 28.078161
v 3.865086 -0.669981 28.078163
v 2.895073 -0.669981 28.078161
v 2.895073 1.322058 28.078161
v 2.903490 -0.455469 28.092134
v 2.903490 -0.423818 28.092134
v 3.856669 -0.455469 28.092136
v 3.856669 -0.423818 28.092136
v 2.903490 -0.455469 28.113203
v 2.903490 -0.423818 28.113203
v 3.856669 -0.455469 28.113203
v 3.856669 -0.423818 28.113203
v 2.903490 -0.195935 28.092134
v 2.903490 -0.164284 28.092134
v 3.856669 -0.195935 28.092136
v 3.856669 -0.164285 28.092136
v 2.903490 -0.195935 28.113203
v 2.903490 -0.164284 28.113203
v 3.856669 -0.195935 28.113203
v 3.856669 -0.164285 28.113203
v 2.903490 0.063599 28.092134
v 2.903490 0.095249 28.092134
v 3.856669 0.063599 28.092136
v 3.856669 0.095249 28.092136
v 2.903490 0.063599 28.113203
v 2.903490 0.095249 28.113203
v 3.856669 0.063599 28.113203
v 3.856669 0.095249 28.113203
v 2.903490 0.323133 28.092134
v 2.903490 0.354783 28.092134
v 3.856669 0.323133 28.092136
v 3.856669 0.354783 28.092136
v 2.903490 0.323133 28.113203
v 2.903490 0.354783 28.113203
v 3.856669 0.323133 28.113203
v 3.856669 0.354783 28.113203
v 2.903490 0.582667 28.092134
v 2.903490 0.614317 28.092134
v 3.856669 0.582667 28.092136
v 3.856669 0.614317 28.092136
v 2.903490 0.582667 28.113203
v 2.903490 0.614317 28.113203
v 3.856669 0.582667 28.113203
v 3.856669 0.614317 28.113203
v 2.903490 0.842201 28.092134
v 2.903490 0.873851 28.092134
v 3.856669 0.842200 28.092136
v 3.856669 0.873851 28.092136
v 2.903490 0.842201 28.113203
v 2.903490 0.873851 28.113203
v 3.856669 0.842200 28.113203
v 3.856669 0.873851 28.113203
v 2.903490 1.101734 28.092134
v 2.903490 1.133385 28.092134
v 3.856669 1.101734 28.092136
v 3.856669 1.133385 28.092136
v 2.903490 1.101734 28.113203
v 2.903490 1.133385 28.113203
v 3.856669 1.101734 28.113203
v 3.856669 1.133385 28.113203
v 3.647972 -0.645838 28.101467
v 3.616321 -0.645838 28.101467
v 3.647972 1.307698 28.101467
v 3.616321 1.307698 28.101467
v 3.647972 -0.645838 28.122534
v 3.616321 -0.645838 28.122534
v 3.647972 1.307698 28.122534
v 3.616321 1.307698 28.122534
v 3.388437 -0.645838 28.101467
v 3.356787 -0.645838 28.101467
v 3.388438 1.307698 28.101467
v 3.356787 1.307698 28.101467
v 3.388437 -0.645838 28.122534
v 3.356787 -0.645838 28.122534
v 3.388438 1.307698 28.122534
v 3.356787 1.307698 28.122534
v 3.128903 -0.645838 28.101467
v 3.097253 -0.645838 28.101467
v 3.128903 1.307698 28.101465
v 3.097253 1.307698 28.101465
v 3.128903 -0.645838 28.122534
v 3.097253 -0.645838 28.122534
v 3.128903 1.307698 28.122534
v 3.097253 1.307698 28.122534
v 2.913430 0.223298 28.083418
v 2.913430 0.367843 28.083418
v 3.103124 0.223298 28.083418
v 3.103124 0.367843 28.083418
v 2.913430 0.223298 28.123125
v 2.913430 0.367843 28.123125
v 3.103124 0.223298 28.123125
v 3.103124 0.367843 28.123125
v 3.863066 0.855941 28.101851
v 3.863066 0.951375 28.101851
v 3.868597 0.855941 28.096319
v 3.868597 0.951375 28.096319
v 3.868597 0.855941 28.107382
v 3.868597 0.951375 28.107382
v 3.874128 0.855941 28.101851
v 3.874128 0.951375 28.101851
v 3.863065 -0.090250 28.101851
v 3.863065 -0.185685 28.101851
v 3.868597 -0.090250 28.096319
v 3.868597 -0.185685 28.096319
v 3.868597 -0.090250 28.107382
v 3.868597 -0.185685 28.107382
v 3.874128 -0.090250 28.101851
v 3.874128 -0.185685 28.101851
vn -0.0000 -0.0000 1.0000
vn -0.0000 -0.0000 -1.0000
vn -0.0000 -1.0000 -0.0000
vn -1.0000 -0.0000 -0.0000
vn -0.0000 1.0000 -0.0000
vn 1.0000 -0.0000 -0.0000
vn -0.7071 -0.0000 -0.7071
vn 0.7071 -0.0000 -0.7071
vn 0.7071 -0.0000 0.7071
vn -0.7071 -0.0000 0.7071
vt -0.254602 0.149745
vt -0.275498 0.125019
vt 1.267960 0.125019
vt 1.247064 0.149745
vt 1.247064 0.851872
vt 1.267960 0.876598
vt -0.275498 0.876598
vt -0.254602 0.851872
vt 0.519623 0.149745
vt 0.519623 0.851872
vt 0.481488 0.851872
vt 0.481488 0.149745
vt 0.519623 -0.254602
vt 0.519623 1.247064
vt 0.481488 1.247064
vt 0.481488 -0.254602
vt 0.519623 0.125019
vt 0.519623 0.876598
vt 0.481488 0.876598
vt 0.481488 0.125019
vt 0.519623 -0.275498
vt 0.519623 1.267960
vt 0.481488 1.267960
vt 0.481488 -0.275498
vt -0.109291 0.870077
vt -0.084768 0.870077
vt -0.084768 0.131540
vt -0.109291 0.131540
vt 0.492315 0.131540
vt 0.508638 0.131540
vt 0.508638 0.870077
vt 0.492315 0.870077
vt 0.091799 0.870077
vt 0.116322 0.870077
vt 0.116322 0.131540
vt 0.091799 0.131540
vt 0.292889 0.870077
vt 0.317413 0.870077
vt 0.317413 0.131540
vt 0.292889 0.131540
vt 0.492315 0.131540
vt 0.508638 0.131540
vt 0.493980 0.870077
vt 0.518503 0.870077
vt 0.518503 0.131540
vt 0.493980 0.131540
vt 0.695070 0.870077
vt 0.719593 0.870077
vt 0.719593 0.131540
vt 0.695070 0.131540
vt 0.896160 0.870077
vt 0.920684 0.870077
vt 0.920684 0.131540
vt 0.896160 0.131540
vt 1.097251 0.870077
vt 1.121774 0.870077
vt 1.121774 0.131540
vt 1.097251 0.131540
vt -0.256792 0.293242
vt -0.256792 0.317765
vt 1.256834 0.317765
vt 1.256834 0.293242
vt 0.499544 1.256834
vt 0.515868 1.256834
vt 0.515868 -0.256792
vt 0.499544 -0.256792
vt -0.256792 0.494333
vt -0.256792 0.518856
vt 1.256834 0.518856
vt 1.256834 0.494333
vt -0.256792 0.695423
vt -0.256792 0.719946
vt 1.256834 0.719946
vt 1.256834 0.695423
vt 0.536441 0.741832
vt 0.536441 0.893909
vt 0.736019 0.893909
vt 0.736019 0.741832
vt 0.615341 0.741832
vt 0.615341 0.893909
vt 0.657119 0.893909
vt 0.657119 0.741832
vt 0.615341 0.917659
vt 0.657119 0.917659
vt 0.657119 0.718081
vt 0.615341 0.718081
vt 0.498021 0.800243
vt 0.498021 0.844894
vt 0.505838 0.844894
vt 0.505838 0.800243
vt 0.498020 0.800243
vt 0.498020 0.844894
vt 0.505837 0.844894
vt 0.505837 0.800243
vt 0.505838 0.800242
vt 0.505838 0.844893
vt 0.498022 0.844893
vt 0.498022 0.800242
vt 0.505836 0.800243
vt 0.505836 0.844894
vt 0.498020 0.844894
vt 0.498020 0.800243
vt 0.498020 0.505838
vt 0.505837 0.505838
vt 0.505837 0.498021
vt 0.498020 0.498022
vt 0.498020 0.505838
vt 0.498020 0.498022
vt 0.505837 0.498021
s 0
usemtl Metal.001
f 902/1299/384 897/1300/384 899/1301/384 901/1302/384
f 904/1303/384 900/1304/384 898/1305/384 903/1306/384
f 901/1302/384 899/1301/384 900/1304/384 904/1303/384
f 903/1306/384 898/1305/384 897/1300/384 902/1299/384
f 906/1299/385 905/1302/385 909/1301/385 910/1300/385
f 908/1303/385 907/1306/385 911/1305/385 912/1304/385
f 905/1302/385 908/1303/385 912/1304/385 909/1301/385
f 907/1306/385 906/1299/385 910/1300/385 911/1305/385
f 901/1307/386 904/1308/386 908/1309/386 905/1310/386
f 902/1311/387 901/1312/387 905/1313/387 906/1314/387
f 897/1315/386 898/1316/386 911/1317/386 910/1318/386
f 898/1319/387 900/1320/387 912/1321/387 911/1322/387
f 903/1308/388 902/1307/388 906/1310/388 907/1309/388
f 904/1312/389 903/1311/389 907/1314/389 908/1313/389
f 900/1316/388 899/1315/388 909/1318/388 912/1317/388
f 899/1320/389 897/1319/389 910/1322/389 909/1321/389
f 913/1323/385 914/1324/385 916/1325/385 915/1326/385
f 919/1326/384 920/1325/384 918/1324/384 917/1323/384
f 915/1327/386 919/1328/386 917/1329/386 913/1330/386
f 920/1328/388 916/1327/388 914/1330/388 918/1329/388
f 921/1331/385 922/1332/385 924/1333/385 923/1334/385
f 927/1334/384 928/1333/384 926/1332/384 925/1331/384
f 923/1327/386 927/1328/386 925/1329/386 921/1330/386
f 928/1328/388 924/1327/388 922/1330/388 926/1329/388
f 929/1335/385 930/1336/385 932/1337/385 931/1338/385
f 935/1338/384 936/1337/384 934/1336/384 933/1335/384
f 931/1339/386 935/1340/386 933/1329/386 929/1330/386
f 936/1340/388 932/1339/388 930/1330/388 934/1329/388
f 937/1341/385 938/1342/385 940/1343/385 939/1344/385
f 943/1344/384 944/1343/384 942/1342/384 941/1341/384
f 939/1339/386 943/1340/386 941/1329/386 937/1330/386
f 944/1340/388 940/1339/388 938/1330/388 942/1329/388
f 945/1345/385 946/1346/385 948/1347/385 947/1348/385
f 951/1348/384 952/1347/384 950/1346/384 949/1345/384
f 947/1339/386 951/1340/386 949/1329/386 945/1330/386
f 952/1340/388 948/1339/388 946/1330/388 950/1329/388
f 953/1349/385 954/1350/385 956/1351/385 955/1352/385
f 959/1352/384 960/1351/384 958/1350/384 957/1349/384
f 955/1339/386 959/1340/386 957/1329/386 953/1330/386
f 960/1340/388 956/1339/388 954/1330/388 958/1329/388
f 961/1353/385 962/1354/385 964/1355/385 963/1356/385
f 967/1356/384 968/1355/384 966/1354/384 965/1353/384
f 963/1339/386 967/1340/386 965/1329/386 961/1330/386
f 968/1340/388 964/1339/388 962/1330/388 966/1329/388
f 969/1357/385 970/1358/385 972/1359/385 971/1360/385
f 975/1360/384 976/1359/384 974/1358/384 973/1357/384
f 971/1361/389 975/1362/389 973/1363/389 969/1364/389
f 976/1362/387 972/1361/387 970/1364/387 974/1363/387
f 977/1365/385 978/1366/385 980/1367/385 979/1368/385
f 983/1368/384 984/1367/384 982/1366/384 981/1365/384
f 979/1361/389 983/1362/389 981/1363/389 977/1364/389
f 984/1362/387 980/1361/387 978/1364/387 982/1363/387
f 985/1369/385 986/1370/385 988/1371/385 987/1372/385
f 991/1372/384 992/1371/384 990/1370/384 989/1369/384
f 987/1361/389 991/1362/389 989/1363/389 985/1364/389
f 992/1362/387 988/1361/387 986/1364/387 990/1363/387
f 993/1373/385 994/1374/385 996/1375/385 995/1376/385
f 995/1377/389 996/1378/389 1000/1379/389 999/1380/389
f 999/1376/384 1000/1375/384 998/1374/384 997/1373/384
f 997/1380/387 998/1379/387 994/1378/387 993/1377/387
f 995/1381/386 999/1382/386 997/1383/386 993/1384/386
f 1000/1382/388 996/1381/388 994/1384/388 998/1383/388
f 1001/1385/390 1002/1386/390 1004/1387/390 1003/1388/390
f 1003/1389/391 1004/1390/391 1008/1391/391 1007/1392/391
f 1007/1393/392 1008/1394/392 1006/1395/392 1005/1396/392
f 1005/1397/393 1006/1398/393 1002/1399/393 1001/1400/393
f 1003/1401/386 1007/1402/386 1005/1403/386 1001/1404/386
f 1008/1402/388 1004/1405/388 1002/1406/388 1006/1407/388
f 1009/1385/390 1011/1388/390 1012/1387/390 1010/1386/390
f 1011/1389/391 1015/1392/391 1016/1391/391 1012/1390/391
f 1015/1393/392 1013/1396/392 1014/1395/392 1016/1394/392
f 1013/1397/393 1009/1400/393 1010/1399/393 1014/1398/393
f 1011/1401/388 1009/1404/388 1013/1403/388 1015/1402/388
f 1016/1402/386 1014/1407/386 1010/1406/386 1012/1405/386
o SerwersP.003_mesh.003
v 3.845755 1.670940 28.056253
v 3.845755 0.656504 28.056253
v 3.845754 -0.701550 29.124485
v 3.845754 0.656504 29.124485
v 3.845755 -0.701550 28.056253
v 3.845754 1.670939 29.124485
v 3.845755 1.473388 27.349709
v 3.845755 0.656503 27.349709
v 3.845754 -0.701550 29.831026
v 3.845754 0.656504 29.831026
v 3.845755 -0.701550 27.349709
v 3.845754 1.473388 29.831026
v 3.845755 2.532912 28.590366
v 3.845754 2.406060 29.157139
v 3.845754 2.073721 29.585442
v 3.845755 2.073720 27.595295
v 3.845755 2.406060 28.023596
v -0.340965 1.473388 27.349707
v -0.340965 0.656503 27.349707
v -0.340966 -0.701550 29.831024
v -0.340966 0.656504 29.831024
v -0.340965 -0.701550 27.349707
v -0.340966 1.473388 29.831024
v -0.340966 2.532912 28.590364
v -0.340966 2.406060 29.157135
v -0.340966 2.073721 29.585438
v -0.340965 2.073720 27.595291
v -0.340966 2.406060 28.023594
vn -1.0000 -0.0000 -0.0000
vn -0.0000 -0.1929 0.9812
vn -0.0000 -0.6049 0.7963
vn -0.0000 -0.1929 -0.9812
vn -0.0000 -0.0000 -1.0000
vn -0.0000 -0.9047 0.4260
vn -0.0000 -1.0000 -0.0000
vn -0.0000 -0.6049 -0.7963
vn -0.0000 -0.9047 -0.4260
vn -0.0000 -0.0000 1.0000
vn -0.0000 1.0000 -0.0000
vt 0.470261 0.507944
vt 0.470261 0.194310
vt 0.251820 0.194310
vt 0.251820 0.446866
vt 0.090364 0.009287
vt 0.090364 0.997811
vt -0.423927 0.997811
vt -0.423928 0.009287
vt 0.800527 0.507944
vt 0.327748 0.632472
vt 0.460166 0.735221
vt 0.635395 0.774440
vt 0.810624 0.735221
vt 0.943042 0.632472
vt 1.018970 0.446867
vt 0.867928 0.997811
vt 0.867928 0.009287
vt 1.382217 0.009287
vt 1.382217 0.997811
vt 0.800527 0.194310
vt 1.018970 0.194310
vt 0.686815 0.597886
vt 0.686815 0.783491
vt -0.607595 0.783491
vt -0.607595 0.597886
vt 0.686815 0.597886
vt 0.686815 0.345330
vt -0.607595 0.345330
vt -0.607595 0.597886
vt 0.686815 0.324771
vt 0.686815 0.500000
vt -0.607595 0.500000
vt -0.607595 0.324771
vt 0.686815 0.783491
vt -0.607595 0.783491
vt 0.686815 0.192353
vt -0.607595 0.324771
vt -0.607595 0.192353
vt 0.686815 0.675229
vt -0.607595 0.675229
vt -0.607595 0.500000
vt 1.280762 0.009138
vt 1.280762 0.997661
vt -1.766741 0.997661
vt -1.766741 0.009137
vt -0.607595 0.345330
vt 0.686815 0.807647
vt -0.607595 0.807647
vt -0.607595 0.675229
vt 0.997824 0.994752
vt 0.997824 0.005248
vt -0.671763 0.005248
vt -0.671763 0.994752
vt -1.766741 0.009138
vt -1.766741 0.997661
s 1
usemtl brick_modern.001
f 1022/1408/394 1020/1409/394 1026/1410/394 1028/1411/394
f 1017/1416/394 1022/1408/394 1028/1411/394 1031/1417/394 1030/1418/394 1029/1419/394 1033/1420/394 1032/1421/394 1023/1422/394
f 1018/1427/394 1017/1416/394 1023/1422/394 1024/1428/394
f 1023/1429/395 1032/1430/396 1043/1431/396 1034/1432/395
f 1028/1433/397 1026/1434/398 1037/1435/398 1039/1436/397
f 1033/1437/399 1029/1438/400 1040/1439/400 1044/1440/399
f 1031/1441/401 1028/1433/397 1039/1432/397 1042/1442/401
f 1032/1443/396 1033/1437/399 1044/1444/399 1043/1445/396
f 1029/1438/400 1030/1446/402 1041/1447/402 1040/1448/400
f 1024/1434/403 1023/1429/395 1034/1432/395 1035/1453/403
f 1030/1446/402 1031/1454/401 1042/1455/401 1041/1456/402
usemtl concrete_bare_01.001
f 1021/1412/394 1018/1413/394 1024/1414/394 1027/1415/394
f 1020/1423/394 1019/1424/394 1025/1425/394 1026/1426/394
f 1027/1449/403 1024/1450/403 1035/1451/403 1038/1452/403
f 1026/1450/398 1025/1449/398 1036/1461/398 1037/1462/398
usemtl brick_pavement.001
f 1025/1457/404 1027/1458/404 1038/1459/404 1036/1460/404
o SerwersP_010.mesh.002
v -0.543709 0.656503 28.056250
v -0.543709 0.656503 29.124483
v -0.543708 1.473387 27.349705
v -0.543708 0.656503 27.349705
v -0.543709 -0.701551 29.831022
v -0.543709 0.656503 29.831024
v -0.543708 -0.701551 27.349705
v -0.543709 1.473387 29.831024
v -0.543709 2.532911 28.590364
v -0.543709 2.406060 29.157135
v -0.543709 2.073720 29.585438
v -0.543708 2.073720 27.595291
v -0.543709 2.406060 28.023594
v -0.247640 0.656503 28.056250
v -0.247640 0.656503 29.124483
v -0.247640 1.473387 27.349707
v -0.247640 0.656503 27.349705
v -0.247641 -0.701551 29.831024
v -0.247641 0.656503 29.831024
v -0.247641 2.073720 29.585438
v -0.247641 1.473387 29.831024
v -0.247640 -0.701551 27.349705
v -0.247640 2.406060 28.023594
v -0.247640 2.532911 28.590364
v -0.247640 2.406060 29.157135
v -0.247640 2.073720 27.595291
vn -1.0000 -0.0000 -0.0000
vn 1.0000 -0.0000 -0.0000
vn -0.0000 -0.0000 1.0000
vn -0.0000 0.1929 0.9812
vn -0.0000 0.6049 0.7963
vn -0.0000 -0.0000 -1.0000
vn -0.0000 1.0000 -0.0000
vn -0.0000 0.9047 -0.4260
vn -0.0000 0.9047 0.4260
vn -0.0000 -1.0000 -0.0000
vn -0.0000 0.6049 -0.7963
vn -0.0000 0.1929 -0.9812
vt 0.470261 0.194310
vt 0.251820 0.194310
vt 0.251820 0.446866
vt -0.423928 0.009287
vt 1.382217 0.009287
vt 1.382217 0.997811
vt 0.867928 0.997811
vt 0.090364 0.997811
vt -0.423927 0.997811
vt 0.800527 0.194310
vt 1.018970 0.446867
vt 0.943042 0.632472
vt 0.810624 0.735221
vt 0.635395 0.774440
vt 0.460166 0.735221
vt 0.327748 0.632472
vt 1.018970 0.194310
vt 0.392489 0.006852
vt 0.607511 0.006852
vt 0.607511 0.993148
vt 0.392489 0.993148
vt 0.454232 0.603908
vt 0.545768 0.603908
vt 0.545768 0.789513
vt 0.454232 0.789513
vt 0.454232 0.500000
vt 0.545768 0.500000
vt 0.545768 0.324771
vt 0.454232 0.324771
vt 0.454232 0.351352
vt 0.545768 0.351352
vt 0.454232 0.675229
vt 0.545768 0.675229
vt 0.454232 0.116425
vt 0.545768 0.116425
vt 0.545768 0.883575
vt 0.454232 0.883575
vt 0.454232 0.807647
vt 0.545768 0.807647
vt 0.454232 0.789513
vt 0.545768 0.789513
vt 0.545768 0.603908
vt 0.454232 0.603908
vt 0.545768 0.192353
vt 0.454232 0.192353
s 1
usemtl brick_modern.003
f 1046/1463/405 1050/1464/405 1052/1465/405
f 1059/1463/406 1058/1472/406 1060/1473/406 1070/1474/406 1067/1475/406 1068/1476/406 1069/1477/406 1064/1478/406 1065/1465/406
f 1045/1472/405 1047/1473/405 1048/1479/405
f 1059/1463/406 1065/1465/406 1063/1464/406
f 1058/1472/406 1061/1479/406 1060/1473/406
f 1052/1484/408 1065/1485/408 1064/1486/409 1055/1487/409
f 1053/1488/411 1068/1489/411 1067/1490/412 1057/1491/412
f 1050/1492/407 1063/1493/407 1065/1485/408 1052/1484/408
f 1054/1494/413 1069/1495/413 1068/1489/411 1053/1488/411
f 1055/1500/409 1064/1501/409 1069/1495/413 1054/1494/413
f 1056/1502/415 1070/1503/415 1060/1504/416 1047/1505/416
f 1047/1505/416 1060/1504/416 1061/1493/410 1048/1492/410
f 1057/1491/412 1067/1490/412 1070/1506/415 1056/1507/415
f 1046/1463/405 1052/1465/405 1055/1478/405 1054/1477/405 1053/1476/405 1057/1475/405 1056/1474/405 1047/1473/405 1045/1472/405
usemtl concrete_bare_01.003
f 1051/1466/405 1049/1467/405 1050/1468/405 1046/1469/405 1045/1470/405 1048/1471/405
f 1058/1470/406 1059/1469/406 1063/1468/406 1062/1467/406 1066/1466/406 1061/1471/406
f 1049/1480/407 1062/1481/407 1063/1482/407 1050/1483/407
f 1048/1483/410 1061/1482/410 1066/1481/410 1051/1480/410
f 1051/1496/414 1066/1497/414 1062/1498/414 1049/1499/414
o Serwers.002.mesh.004
v 19.560539 4.797097 25.977310
v 15.173612 4.797096 21.590376
v 15.173612 -1.472444 21.590376
v 19.560539 -1.472444 25.977310
v 15.173613 -1.472444 20.610884
v 18.581047 -1.472444 25.977310
v 15.173613 -0.701551 20.433054
v 18.403215 -0.701551 25.977310
v 16.912531 -0.701551 25.977308
v 15.173614 -0.701551 18.942368
v 16.258526 0.656503 25.977308
v 15.173615 0.656503 18.288364
v 16.258526 2.163829 25.977308
v 15.173615 2.163829 18.288364
v 16.912531 3.521883 25.977308
v 15.173614 3.521882 18.942368
v 15.173613 4.461685 20.120842
v 18.091005 4.461685 25.977310
v 15.173611 -1.472444 22.569868
v 15.173611 -0.701551 22.747700
v 15.173610 -0.701551 24.238386
v 15.173609 0.656503 24.892389
v 15.173609 2.163829 24.892389
v 15.173610 3.521883 24.238384
v 15.173611 4.461685 23.059910
v 18.403221 -0.701551 20.433056
v 16.912535 -0.701551 20.433054
v 18.581051 -1.472444 20.610888
v 19.560543 -1.472444 20.610888
v 16.912537 -0.701551 18.942369
v 18.403221 -0.701551 18.942369
v 19.560543 4.797096 21.590380
v 18.581049 -1.472444 22.569872
v 19.560543 -1.472444 22.569872
v 18.929163 -1.472444 22.569872
v 18.403219 -0.701551 22.747702
v 16.912533 -0.701551 22.747702
v 16.258526 0.656503 24.892391
v 16.912531 -0.701551 24.238386
v 18.403217 -0.701551 24.238388
v 16.258526 2.163829 24.892391
v 16.912531 3.521883 24.238386
v 18.091007 4.461685 23.059912
v 18.581051 -1.472444 21.590380
v 18.581049 -1.472444 22.221758
v 19.560543 -1.472444 21.100634
v 19.560543 -1.472444 21.590380
v 18.988008 -1.472444 22.162912
v 20.540033 -1.472444 25.977310
v 20.717863 -0.701551 25.977310
v 22.208549 -0.701551 25.977312
v 22.862553 0.656503 25.977312
v 22.862553 2.163829 25.977312
v 22.208549 3.521883 25.977312
v 21.030075 4.461685 25.977310
v 20.717869 -0.701551 20.433058
v 22.208553 -0.701551 20.433060
v 20.540037 -1.472444 20.610889
v 22.208555 -0.701551 18.942373
v 20.717869 -0.701551 18.942371
v 22.862560 0.656503 18.288368
v 22.862560 2.163829 18.288368
v 22.208555 3.521883 18.942373
v 21.030079 4.461685 20.120846
v 20.540035 -1.472444 22.569872
v 20.191923 -1.472444 22.569872
v 20.717867 -0.701551 22.747704
v 22.208551 -0.701551 22.747705
v 22.208551 -0.701551 24.238390
v 20.717865 -0.701551 24.238390
v 20.540035 -1.472444 21.590380
v 20.540035 -1.472444 22.221760
v 20.133078 -1.472444 22.162914
vn -0.0000 1.0000 -0.0000
vn -0.0000 0.2248 0.9744
vn -0.0000 -0.2225 0.9749
vn -0.0000 0.2225 0.9749
vn -0.0000 0.1891 0.9820
vn -0.0000 -0.1891 0.9820
vn -0.0000 -0.6235 0.7818
vn -0.0000 -0.5552 0.8317
vn -0.0000 -0.9010 0.4339
vn -0.2847 -0.9154 0.2847
vn -0.0560 -0.9969 0.0560
vn -0.0000 -1.0000 -0.0000
vn -0.9820 -0.1891 -0.0000
vn -0.9820 0.1891 -0.0000
vn -0.9749 0.2225 -0.0000
vn -0.9749 -0.2225 -0.0000
vn -0.0000 0.2248 -0.9744
vn -0.0000 0.2481 -0.9687
vn -0.0000 0.4339 -0.9010
vn -0.0000 0.2225 -0.9749
vn -0.0000 -0.2481 -0.9687
vn -0.0000 -0.2225 -0.9749
vn -0.0000 -0.6781 -0.7350
vn -0.0000 -0.6235 -0.7818
vn -0.0000 -0.9010 -0.4339
vn 0.1758 -0.9686 -0.1758
vn 0.9744 0.2248 -0.0000
vn 0.9010 0.4339 -0.0000
vn 0.9687 0.2481 -0.0000
vn 0.9749 0.2225 -0.0000
vn 0.9687 -0.2481 -0.0000
vn 0.9749 -0.2225 -0.0000
vn 0.7350 -0.6781 -0.0000
vn 0.7818 -0.6235 -0.0000
vn 0.4339 -0.9010 -0.0000
vn -0.4339 -0.9010 -0.0000
vn -0.9010 0.4339 -0.0000
vn -0.7818 -0.6235 -0.0000
vn -0.8317 -0.5552 -0.0000
vn -0.9744 0.2248 -0.0000
vn -0.0000 0.4339 0.9010
vt 0.308444 1.237606
vt 0.308444 1.006753
vt -0.494644 1.006753
vt -0.494644 1.237606
vt 0.539298 1.237606
vt 0.266532 0.195233
vt -0.084803 0.195233
vt -0.494644 0.195233
vt -0.494644 0.013544
vt 0.308444 0.013544
vt -0.084803 0.997347
vt -0.084803 0.646012
vt -0.494644 0.646012
vt -0.494644 0.997347
vt 0.286431 0.993740
vt 0.286431 0.678370
vt -0.028939 0.678370
vt -0.328315 0.504334
vt -0.329814 0.241734
vt 1.011581 0.241734
vt 1.026375 0.504334
vt -0.329818 0.740930
vt -0.328349 0.504335
vt 0.897642 0.740930
vt -0.413602 0.699787
vt -0.413602 0.475675
vt 0.924238 0.475675
vt 0.700127 0.699787
vt 0.436316 0.994861
vt -0.327959 0.994862
vt -0.327959 0.738845
vt 0.692333 0.738845
vt -0.031817 0.462353
vt -0.031817 0.222667
vt 1.190830 0.222667
vt 1.190830 0.462353
vt 0.308444 1.088799
vt -0.494644 1.237606
vt 0.404359 1.102668
vt 0.390490 1.006753
vt -0.084803 0.195233
vt 0.266532 0.195233
vt -0.494644 0.013544
vt -0.494644 0.195233
vt -0.084803 0.646012
vt -0.084803 0.997347
vt -0.494644 0.997347
vt -0.040246 0.691459
vt -0.040246 0.995588
vt 0.263883 0.995588
vt -0.138949 0.241734
vt -0.025010 0.005138
vt -0.327959 0.005138
vt -0.327959 0.241734
vt -0.138949 0.504335
vt -0.327960 0.241734
vt -0.327959 0.504334
vt -0.025010 0.740930
vt -0.327959 0.504335
vt -0.327959 0.740930
vt -0.327959 0.738845
vt 0.180299 0.738845
vt -0.025010 0.533535
vt -0.327959 0.533535
vt -0.327959 0.994862
vt -0.327959 0.738845
vt -0.494644 1.006753
vt -0.494644 1.237606
vt -0.494644 0.195233
vt -0.494644 0.013544
vt -0.084803 0.684337
vt -0.499574 0.684337
vt -0.499574 0.997347
vt -0.084803 0.997347
vt -0.327959 0.005138
vt -0.025010 0.005138
vt -0.327959 0.241734
vt 0.917886 0.240812
vt 0.917886 0.502913
vt 1.106537 0.502913
vt 1.106537 0.240812
vt -0.327959 0.504335
vt -0.025010 0.740930
vt -0.327959 0.740930
vt -0.327959 0.738845
vt -0.327959 0.533535
vt -0.025010 0.533535
vt -0.327959 0.994861
vt -0.327959 0.738845
vt 0.266532 0.997347
vt 0.002985 0.647853
vt 0.002985 0.999616
vt 0.354747 0.999616
vt 0.540353 0.267298
vt 0.540353 0.138265
vt 0.540353 0.009232
vt 0.282287 0.009232
vt 0.307067 0.009087
vt 0.066198 0.009087
vt 0.307067 0.249956
vt 0.776119 0.993740
vt 1.091489 0.678370
vt 0.776119 0.678370
vt 0.462331 0.009087
vt 0.447860 0.109163
vt -0.327959 0.994862
vt -0.327959 0.738845
vt -0.327959 0.005138
vt -0.327959 0.241734
vt 0.897642 0.005138
vt -0.328349 0.504335
vt -0.329818 0.740930
vt 1.042421 0.706819
vt -0.071308 0.706819
vt -0.295420 0.482708
vt 1.042421 0.482708
vt -0.494644 1.237607
vt -0.494644 1.006753
vt 0.277052 0.012437
vt 0.522747 0.012437
vt 0.768441 0.012437
vt 0.813048 0.205807
vt 0.232445 0.205807
vt -0.494644 0.013544
vt 0.718527 0.992064
vt 1.000000 0.710591
vt 0.718527 0.710591
vt 0.000000 0.710591
vt 0.281473 0.992064
vt 0.281473 0.710591
vt 0.547936 0.009087
vt 0.547936 0.249956
vt 0.547936 0.094692
vt 0.798419 0.009232
vt -0.327959 0.241734
vt -0.327959 0.005138
vt -0.025010 0.005138
vt 0.278401 0.012236
vt 0.524096 0.012236
vt 0.682470 0.012236
vt 0.769790 0.012236
vt 0.814397 0.205606
vt 0.233794 0.205606
s 1
usemtl concrete_base.003
f 1114/1508/417 1098/1509/417 1075/1510/417 1073/1511/417
f 1114/1508/417 1117/1512/417 1098/1509/417
f 1096/1513/418 1097/1514/418 1077/1515/418 1075/1516/418 1098/1517/418
f 1097/1518/417 1100/1519/417 1080/1520/417 1077/1521/417
f 1096/1522/417 1101/1523/417 1100/1524/417
f 1103/1509/417 1115/1544/417 1114/1508/417 1073/1545/417 1089/1510/417
f 1115/1544/417 1118/1546/417 1117/1512/417 1114/1508/417
f 1105/1547/428 1103/1509/428 1118/1546/428
f 1107/1548/433 1106/1549/433 1103/1517/433 1089/1550/433 1090/1551/433
f 1109/1552/417 1107/1553/417 1090/1554/417 1091/1520/417
f 1109/1555/417 1110/1556/417 1106/1557/417
f 1105/1544/417 1103/1509/417 1076/1574/417 1074/1575/417 1104/1508/417
f 1106/1549/443 1110/1548/443 1078/1576/443 1076/1577/443 1103/1517/443
f 1109/1578/417 1079/1579/417 1078/1580/417 1110/1581/417
f 1106/1597/417 1107/1553/417 1109/1578/417
f 1100/1598/417 1097/1599/417 1096/1600/417
f 1118/1546/428 1103/1509/428 1115/1547/428
f 1118/1546/417 1105/1544/417 1104/1508/417 1117/1512/417
f 1117/1601/417 1116/1602/417 1099/1603/417 1098/1604/417
f 1141/1605/417 1128/1606/417 1117/1607/417
f 1126/1608/417 1129/1609/417 1130/1610/417
f 1142/1611/417 1141/1605/417 1117/1607/417 1143/1612/417
f 1136/1547/428 1143/1546/428 1135/1509/428
f 1139/1555/417 1137/1557/417 1140/1556/417
f 1136/1544/417 1104/1508/417 1074/1624/417 1119/1625/417 1135/1509/417
f 1098/1626/418 1099/1627/418 1128/1628/418 1126/1629/418 1096/1630/418
f 1137/1549/456 1135/1517/456 1119/1631/456 1120/1576/456 1140/1548/456
f 1139/1578/417 1140/1581/417 1120/1580/417 1121/1579/417
f 1137/1632/417 1139/1633/417 1138/1634/417
f 1129/1635/417 1126/1636/417 1127/1637/417
f 1143/1612/417 1135/1638/417 1142/1611/417
f 1143/1612/417 1117/1607/417 1104/1639/417 1136/1640/417
f 1117/1601/417 1128/1641/417 1099/1603/417 1116/1602/417
f 1127/1637/417 1126/1636/417 1137/1632/417 1138/1634/417
f 1128/1645/456 1141/1646/456 1142/1647/456 1135/1648/456 1137/1649/456 1126/1650/456
f 1101/1523/417 1096/1522/417 1126/1608/417 1130/1610/417
usemtl brick_modern_01.003
f 1084/1525/419 1082/1526/420 1131/1527/421 1132/1528/422
f 1086/1529/423 1084/1530/419 1132/1528/422 1133/1531/424
f 1087/1532/425 1086/1533/423 1133/1534/424 1134/1535/426
f 1102/1536/427 1072/1537/428 1087/1538/425 1134/1539/426
f 1132/1540/429 1131/1541/430 1122/1542/431 1123/1543/432
f 1108/1558/434 1109/1559/435 1091/1560/435 1092/1561/436
f 1111/1562/437 1108/1558/434 1092/1563/436 1093/1564/438
f 1112/1565/439 1111/1562/437 1093/1566/438 1094/1567/440
f 1095/1568/441 1113/1569/442 1112/1570/439 1094/1571/440
f 1072/1572/428 1102/1536/427 1113/1569/442 1095/1573/441
f 1079/1582/444 1109/1583/444 1108/1558/445 1081/1584/446
f 1108/1585/445 1111/1586/447 1083/1587/448 1081/1588/446
f 1083/1589/448 1111/1562/447 1112/1590/449 1085/1591/450
f 1088/1592/451 1085/1593/450 1112/1594/449 1113/1569/442
f 1071/1595/428 1088/1596/451 1113/1569/442 1102/1536/427
f 1071/1613/428 1102/1536/427 1134/1539/426 1125/1614/452
f 1121/1615/453 1122/1616/431 1131/1527/430 1129/1617/453 1139/1583/453
f 1123/1618/432 1124/1619/454 1133/1531/455 1132/1528/429
f 1125/1620/452 1134/1621/426 1133/1622/455 1124/1623/454
f 1082/1642/420 1080/1643/457 1100/1644/457 1129/1617/457 1131/1527/421
o Serwers_008.mesh.003
v 19.560541 4.797096 25.522985
v 19.560539 4.797097 28.987469
v 19.560539 -1.472444 28.987469
v 19.560541 -1.472444 25.522985
v 18.581049 -1.472444 25.522985
v 18.581047 -1.472444 28.987469
v 18.403217 -0.701551 28.987469
v 18.403217 -0.701551 25.522985
v 16.912533 -0.701551 25.522985
v 16.912531 -0.701551 28.987469
v 16.258528 0.656503 25.522984
v 16.258526 0.656503 28.987467
v 16.258528 2.163829 25.522984
v 16.258526 2.163829 28.987467
v 16.912533 3.521883 25.522984
v 16.912531 3.521883 28.987467
v 18.091007 4.461685 25.522985
v 18.091005 4.461685 28.987469
v 20.540033 -1.472444 25.522985
v 20.540031 -1.472444 28.987469
v 20.717863 -0.701551 28.987469
v 20.717865 -0.701551 25.522985
v 22.208549 -0.701551 25.522987
v 22.208549 -0.701551 28.987471
v 22.862555 0.656503 25.522987
v 22.862553 0.656503 28.987471
v 22.862555 2.163829 25.522987
v 22.862553 2.163829 28.987471
v 22.208549 3.521883 25.522987
v 22.208549 3.521883 28.987469
v 21.030075 4.461685 25.522985
v 21.030073 4.461685 28.987469
vn -0.0000 1.0000 -0.0000
vn 0.9744 0.2248 -0.0000
vn 0.9010 0.4339 -0.0000
vn 0.9749 0.2225 -0.0000
vn 0.9749 -0.2225 -0.0000
vn 0.7818 -0.6235 -0.0000
vn 0.4339 -0.9010 -0.0000
vn -0.0000 -1.0000 -0.0000
vn -0.9744 0.2248 -0.0000
vn -0.9010 0.4339 -0.0000
vn -0.9749 0.2225 -0.0000
vn -0.9749 -0.2225 -0.0000
vn -0.7818 -0.6235 -0.0000
vn -0.4339 -0.9010 -0.0000
vt -0.258957 1.006753
vt -0.258957 1.237606
vt 0.557576 1.237606
vt 0.557576 1.006753
vt -0.258957 0.195233
vt -0.258957 0.013544
vt 0.557576 0.013544
vt 0.557576 0.195233
vt -0.258957 0.646012
vt -0.258957 0.997347
vt 0.557576 0.997347
vt 0.557576 0.646012
vt 0.449827 0.005138
vt 0.449827 0.241734
vt -0.153743 0.241734
vt -0.153743 0.005138
vt 0.449827 0.241734
vt 0.449827 0.504334
vt -0.153743 0.504335
vt 0.449827 0.504334
vt 0.449827 0.740930
vt -0.153743 0.740930
vt 0.449827 0.533535
vt 0.449827 0.738845
vt -0.153743 0.738845
vt -0.153743 0.533535
vt 0.449827 0.738845
vt 0.449827 0.994861
vt -0.153743 0.994861
s 1
usemtl concrete_base.005
f 1149/1651/458 1146/1652/458 1147/1653/458 1148/1654/458
f 1150/1655/459 1149/1656/459 1148/1657/459 1151/1658/459
f 1153/1659/458 1150/1660/458 1151/1661/458 1152/1662/458
f 1163/1651/458 1162/1654/458 1147/1653/458 1146/1652/458
f 1164/1655/466 1165/1658/466 1162/1657/466 1163/1656/466
f 1167/1659/458 1166/1662/458 1165/1661/458 1164/1660/458
usemtl brick_modern_01.005
f 1152/1663/460 1154/1664/461 1155/1665/461 1153/1666/460
f 1154/1667/461 1156/1668/462 1157/1669/462 1155/1665/461
f 1156/1670/462 1158/1671/463 1159/1672/463 1157/1669/462
f 1158/1673/463 1160/1674/464 1161/1675/464 1159/1676/463
f 1160/1677/464 1144/1678/465 1145/1679/465 1161/1675/464
f 1166/1663/467 1167/1666/467 1169/1665/468 1168/1664/468
f 1168/1667/468 1169/1665/468 1171/1669/469 1170/1668/469
f 1170/1670/469 1171/1669/469 1173/1672/470 1172/1671/470
f 1172/1673/470 1173/1676/470 1175/1675/471 1174/1674/471
f 1174/1677/471 1175/1675/471 1145/1679/465 1144/1678/465
o Serwers.002.mesh.006
v 11.560538 4.797097 31.203444
v 15.947467 4.797096 35.590378
v 15.947467 -1.472444 35.590378
v 11.560538 -1.472444 31.203444
v 15.947466 -1.472444 36.569870
v 12.540031 -1.472444 31.203444
v 15.947466 -0.701551 36.747700
v 12.717862 -0.701551 31.203445
v 14.208548 -0.701551 31.203445
v 15.947465 -0.701551 38.238384
v 14.862553 0.656503 31.203445
v 15.947464 0.656503 38.892391
v 14.862553 2.163829 31.203445
v 15.947464 2.163829 38.892391
v 14.208548 3.521883 31.203445
v 15.947465 3.521882 38.238384
v 15.947466 4.461685 37.059910
v 13.030073 4.461685 31.203445
v 15.947468 -1.472444 34.610886
v 15.947468 -0.701551 34.433052
v 15.947469 -0.701551 32.942368
v 15.947470 0.656503 32.288364
v 15.947470 2.163829 32.288364
v 15.947469 3.521883 32.942368
v 15.947468 4.461685 34.120842
v 12.717858 -0.701551 36.747696
v 14.208544 -0.701551 36.747700
v 12.540028 -1.472444 36.569866
v 11.560534 -1.472444 36.569866
v 14.208543 -0.701551 38.238384
v 12.717857 -0.701551 38.238384
v 11.560535 4.797096 35.590374
v 12.540029 -1.472444 34.610882
v 11.560536 -1.472444 34.610882
v 12.191916 -1.472444 34.610882
v 12.717860 -0.701551 34.433052
v 14.208546 -0.701551 34.433052
v 14.862552 0.656503 32.288364
v 14.208547 -0.701551 32.942368
v 12.717861 -0.701551 32.942368
v 14.862552 2.163829 32.288364
v 14.208547 3.521883 32.942368
v 13.030071 4.461685 34.120842
v 12.540029 -1.472444 35.590374
v 12.540029 -1.472444 34.958996
v 11.560535 -1.472444 36.080120
v 11.560535 -1.472444 35.590374
v 12.133070 -1.472444 35.017841
v 10.581045 -1.472444 31.203444
v 10.403214 -0.701551 31.203442
v 8.912529 -0.701551 31.203442
v 8.258524 0.656503 31.203442
v 8.258524 2.163829 31.203442
v 8.912529 3.521883 31.203442
v 10.091003 4.461685 31.203442
v 10.403211 -0.701551 36.747696
v 8.912525 -0.701551 36.747696
v 10.581041 -1.472444 36.569866
v 8.912524 -0.701551 38.238380
v 10.403210 -0.701551 38.238380
v 8.258519 0.656503 38.892384
v 8.258519 2.163829 38.892384
v 8.912524 3.521883 38.238380
v 10.091000 4.461685 37.059906
v 10.581043 -1.472444 34.610882
v 10.929155 -1.472444 34.610882
v 10.403213 -0.701551 34.433048
v 8.912527 -0.701551 34.433048
v 8.912527 -0.701551 32.942364
v 10.403214 -0.701551 32.942364
v 10.581042 -1.472444 35.590374
v 10.581043 -1.472444 34.958992
v 10.988001 -1.472444 35.017841
vn -0.0000 1.0000 -0.0000
vn -0.0000 0.2248 -0.9744
vn -0.0000 -0.2225 -0.9749
vn -0.0000 0.2225 -0.9749
vn -0.0000 0.1891 -0.9820
vn -0.0000 -0.1891 -0.9820
vn -0.0000 -0.6235 -0.7818
vn -0.0000 -0.5552 -0.8317
vn -0.0000 -0.9010 -0.4339
vn 0.2847 -0.9154 -0.2847
vn 0.0560 -0.9969 -0.0560
vn -0.0000 -1.0000 -0.0000
vn 0.9820 -0.1891 -0.0000
vn 0.9820 0.1891 -0.0000
vn 0.9749 0.2225 -0.0000
vn 0.9749 -0.2225 -0.0000
vn -0.0000 0.2248 0.9744
vn -0.0000 0.2481 0.9687
vn -0.0000 0.4339 0.9010
vn -0.0000 0.2225 0.9749
vn -0.0000 -0.2481 0.9687
vn -0.0000 -0.2225 0.9749
vn -0.0000 -0.6781 0.7350
vn -0.0000 -0.6235 0.7818
vn -0.0000 -0.9010 0.4339
vn -0.1758 -0.9686 0.1758
vn -0.9744 0.2248 -0.0000
vn -0.9010 0.4339 -0.0000
vn -0.9687 0.2481 -0.0000
vn -0.9749 0.2225 -0.0000
vn -0.9687 -0.2481 -0.0000
vn -0.9749 -0.2225 -0.0000
vn -0.7350 -0.6781 -0.0000
vn -0.7818 -0.6235 -0.0000
vn -0.4339 -0.9010 -0.0000
vn 0.4339 -0.9010 -0.0000
vn 0.9010 0.4339 -0.0000
vn 0.7818 -0.6235 -0.0000
vn 0.8317 -0.5552 -0.0000
vn 0.9744 0.2248 -0.0000
vn -0.0000 0.4339 -0.9010
vt 0.308444 1.237606
vt 0.308444 1.006753
vt -0.494644 1.006753
vt -0.494644 1.237606
vt 0.539298 1.237606
vt 0.266532 0.195233
vt -0.084803 0.195233
vt -0.494644 0.195233
vt -0.494644 0.013544
vt 0.308444 0.013544
vt -0.084803 0.997347
vt -0.084803 0.646012
vt -0.494644 0.646012
vt -0.494644 0.997347
vt 0.286431 0.993740
vt 0.286431 0.678370
vt -0.028939 0.678370
vt -0.328315 0.504334
vt -0.329814 0.241734
vt 1.011581 0.241734
vt 1.026375 0.504334
vt -0.329818 0.740930
vt -0.328349 0.504335
vt 0.897642 0.740930
vt -0.413602 0.699787
vt -0.413602 0.475675
vt 0.924238 0.475675
vt 0.700127 0.699787
vt 0.436316 0.994861
vt -0.327959 0.994862
vt -0.327959 0.738845
vt 0.692333 0.738845
vt -0.031817 0.462353
vt -0.031817 0.222667
vt 1.190830 0.222667
vt 1.190830 0.462353
vt 0.308444 1.088799
vt -0.494644 1.237606
vt 0.404359 1.102668
vt 0.390490 1.006753
vt -0.084803 0.195233
vt 0.266532 0.195233
vt -0.494644 0.013544
vt -0.494644 0.195233
vt -0.084803 0.646012
vt -0.084803 0.997347
vt -0.494644 0.997347
vt -0.040246 0.691459
vt -0.040246 0.995588
vt 0.263883 0.995588
vt -0.138949 0.241734
vt -0.025010 0.005138
vt -0.327959 0.005138
vt -0.327959 0.241734
vt -0.138949 0.504335
vt -0.327960 0.241734
vt -0.327959 0.504334
vt -0.025010 0.740930
vt -0.327959 0.504335
vt -0.327959 0.740930
vt -0.327959 0.738845
vt 0.180299 0.738845
vt -0.025010 0.533535
vt -0.327959 0.533535
vt -0.327959 0.994862
vt -0.327959 0.738845
vt -0.494644 1.006753
vt -0.494644 1.237606
vt -0.494644 0.195233
vt -0.494644 0.013544
vt -0.084803 0.684337
vt -0.499574 0.684337
vt -0.499574 0.997347
vt -0.084803 0.997347
vt -0.327959 0.005138
vt -0.025010 0.005138
vt -0.327959 0.241734
vt 0.917886 0.240812
vt 0.917886 0.502913
vt 1.106537 0.502913
vt 1.106537 0.240812
vt -0.327959 0.504335
vt -0.025010 0.740930
vt -0.327959 0.740930
vt -0.327959 0.738845
vt -0.327959 0.533535
vt -0.025010 0.533535
vt -0.327959 0.994861
vt -0.327959 0.738845
vt 0.266532 0.997347
vt 0.002985 0.647853
vt 0.002985 0.999616
vt 0.354747 0.999616
vt 0.540353 0.267298
vt 0.540353 0.138265
vt 0.540353 0.009232
vt 0.282287 0.009232
vt 0.307067 0.009087
vt 0.066198 0.009087
vt 0.307067 0.249956
vt 0.776119 0.993740
vt 1.091489 0.678370
vt 0.776119 0.678370
vt 0.462331 0.009087
vt 0.447860 0.109163
vt -0.327959 0.994862
vt -0.327959 0.738845
vt -0.327959 0.005138
vt -0.327959 0.241734
vt 0.897642 0.005138
vt -0.328349 0.504335
vt -0.329818 0.740930
vt 1.042421 0.706819
vt -0.071308 0.706819
vt -0.295420 0.482708
vt 1.042421 0.482708
vt -0.494644 1.237607
vt -0.494644 1.006753
vt 0.277052 0.012437
vt 0.522747 0.012437
vt 0.768441 0.012437
vt 0.813048 0.205807
vt 0.232445 0.205807
vt -0.494644 0.013544
vt 0.718527 0.992064
vt 1.000000 0.710591
vt 0.718527 0.710591
vt 0.000000 0.710591
vt 0.281473 0.992064
vt 0.281473 0.710591
vt 0.547936 0.009087
vt 0.547936 0.249956
vt 0.547936 0.094692
vt 0.798419 0.009232
vt -0.327959 0.241734
vt -0.327959 0.005138
vt -0.025010 0.005138
vt 0.278401 0.012236
vt 0.524096 0.012236
vt 0.682470 0.012236
vt 0.769790 0.012236
vt 0.814397 0.205606
vt 0.233794 0.205606
s 1
usemtl concrete_base.003
f 1219/1680/472 1203/1681/472 1180/1682/472 1178/1683/472
f 1219/1680/472 1222/1684/472 1203/1681/472
f 1201/1685/473 1202/1686/473 1182/1687/473 1180/1688/473 1203/1689/473
f 1202/1690/472 1205/1691/472 1185/1692/472 1182/1693/472
f 1201/1694/472 1206/1695/472 1205/1696/472
f 1208/1681/472 1220/1716/472 1219/1680/472 1178/1717/472 1194/1682/472
f 1220/1716/472 1223/1718/472 1222/1684/472 1219/1680/472
f 1210/1719/483 1208/1681/483 1223/1718/483
f 1212/1720/488 1211/1721/488 1208/1689/488 1194/1722/488 1195/1723/488
f 1214/1724/472 1212/1725/472 1195/1726/472 1196/1692/472
f 1214/1727/472 1215/1728/472 1211/1729/472
f 1210/1716/472 1208/1681/472 1181/1746/472 1179/1747/472 1209/1680/472
f 1211/1721/498 1215/1720/498 1183/1748/498 1181/1749/498 1208/1689/498
f 1214/1750/472 1184/1751/472 1183/1752/472 1215/1753/472
f 1211/1769/472 1212/1725/472 1214/1750/472
f 1205/1770/472 1202/1771/472 1201/1772/472
f 1223/1718/483 1208/1681/483 1220/1719/483
f 1223/1718/472 1210/1716/472 1209/1680/472 1222/1684/472
f 1222/1773/472 1221/1774/472 1204/1775/472 1203/1776/472
f 1246/1777/472 1233/1778/472 1222/1779/472
f 1231/1780/472 1234/1781/472 1235/1782/472
f 1247/1783/472 1246/1777/472 1222/1779/472 1248/1784/472
f 1241/1719/483 1248/1718/483 1240/1681/483
f 1244/1727/472 1242/1729/472 1245/1728/472
f 1241/1716/472 1209/1680/472 1179/1796/472 1224/1797/472 1240/1681/472
f 1203/1798/473 1204/1799/473 1233/1800/473 1231/1801/473 1201/1802/473
f 1242/1721/511 1240/1689/511 1224/1803/511 1225/1748/511 1245/1720/511
f 1244/1750/472 1245/1753/472 1225/1752/472 1226/1751/472
f 1242/1804/472 1244/1805/472 1243/1806/472
f 1234/1807/472 1231/1808/472 1232/1809/472
f 1248/1784/472 1240/1810/472 1247/1783/472
f 1248/1784/472 1222/1779/472 1209/1811/472 1241/1812/472
f 1222/1773/472 1233/1813/472 1204/1775/472 1221/1774/472
f 1232/1809/472 1231/1808/472 1242/1804/472 1243/1806/472
f 1233/1817/511 1246/1818/511 1247/1819/511 1240/1820/511 1242/1821/511 1231/1822/511
f 1206/1695/472 1201/1694/472 1231/1780/472 1235/1782/472
usemtl brick_modern_01.003
f 1189/1697/474 1187/1698/475 1236/1699/476 1237/1700/477
f 1191/1701/478 1189/1702/474 1237/1700/477 1238/1703/479
f 1192/1704/480 1191/1705/478 1238/1706/479 1239/1707/481
f 1207/1708/482 1177/1709/483 1192/1710/480 1239/1711/481
f 1237/1712/484 1236/1713/485 1227/1714/486 1228/1715/487
f 1213/1730/489 1214/1731/490 1196/1732/490 1197/1733/491
f 1216/1734/492 1213/1730/489 1197/1735/491 1198/1736/493
f 1217/1737/494 1216/1734/492 1198/1738/493 1199/1739/495
f 1200/1740/496 1218/1741/497 1217/1742/494 1199/1743/495
f 1177/1744/483 1207/1708/482 1218/1741/497 1200/1745/496
f 1184/1754/499 1214/1755/499 1213/1730/500 1186/1756/501
f 1213/1757/500 1216/1758/502 1188/1759/503 1186/1760/501
f 1188/1761/503 1216/1734/502 1217/1762/504 1190/1763/505
f 1193/1764/506 1190/1765/505 1217/1766/504 1218/1741/497
f 1176/1767/483 1193/1768/506 1218/1741/497 1207/1708/482
f 1176/1785/483 1207/1708/482 1239/1711/481 1230/1786/507
f 1226/1787/508 1227/1788/486 1236/1699/485 1234/1789/508 1244/1755/508
f 1228/1790/487 1229/1791/509 1238/1703/510 1237/1700/484
f 1230/1792/507 1239/1793/481 1238/1794/510 1229/1795/509
f 1187/1814/475 1185/1815/512 1205/1816/512 1234/1789/512 1236/1699/476
o Serwers.002.mesh.007
v 15.173605 4.797097 35.590378
v 19.560541 4.797096 31.203449
v 19.560541 -1.472444 31.203449
v 15.173605 -1.472444 35.590378
v 20.540033 -1.472444 31.203451
v 15.173606 -1.472444 34.610886
v 20.717863 -0.701551 31.203451
v 15.173607 -0.701551 34.433052
v 15.173608 -0.701551 32.942368
v 22.208549 -0.701551 31.203453
v 15.173609 0.656503 32.288364
v 22.862553 0.656503 31.203453
v 15.173609 2.163829 32.288364
v 22.862553 2.163829 31.203453
v 15.173608 3.521883 32.942368
v 22.208549 3.521882 31.203453
v 21.030075 4.461685 31.203451
v 15.173607 4.461685 34.120842
v 18.581049 -1.472444 31.203449
v 18.403217 -0.701551 31.203449
v 16.912531 -0.701551 31.203447
v 16.258528 0.656503 31.203445
v 16.258528 2.163829 31.203445
v 16.912533 3.521883 31.203447
v 18.091007 4.461685 31.203449
v 20.717859 -0.701551 34.433060
v 20.717861 -0.701551 32.942375
v 20.540028 -1.472444 34.610889
v 20.540028 -1.472444 35.590382
v 22.208548 -0.701551 32.942375
v 22.208546 -0.701551 34.433060
v 19.560535 4.797096 35.590382
v 18.581045 -1.472444 34.610889
v 18.581043 -1.472444 35.590382
v 18.581043 -1.472444 34.959000
v 18.403214 -0.701551 34.433056
v 18.403215 -0.701551 32.942371
v 16.258526 0.656503 32.288364
v 16.912529 -0.701551 32.942368
v 16.912527 -0.701551 34.433056
v 16.258526 2.163829 32.288364
v 16.912529 3.521883 32.942368
v 18.091003 4.461685 34.120846
v 19.560537 -1.472444 34.610889
v 18.929157 -1.472444 34.610889
v 20.050282 -1.472444 35.590382
v 19.560535 -1.472444 35.590382
v 18.988003 -1.472444 35.017845
v 15.173604 -1.472444 36.569870
v 15.173603 -0.701551 36.747700
v 15.173602 -0.701551 38.238388
v 15.173601 0.656503 38.892391
v 15.173601 2.163829 38.892391
v 15.173602 3.521883 38.238384
v 15.173603 4.461685 37.059910
v 20.717857 -0.701551 36.747707
v 20.717855 -0.701551 38.238392
v 20.540026 -1.472444 36.569878
v 22.208542 -0.701551 38.238396
v 22.208542 -0.701551 36.747707
v 22.862545 0.656503 38.892399
v 22.862545 2.163829 38.892399
v 22.208542 3.521883 38.238396
v 21.030067 4.461685 37.059917
v 18.581041 -1.472444 36.569874
v 18.581043 -1.472444 36.221760
v 18.403212 -0.701551 36.747704
v 18.403210 -0.701551 38.238388
v 16.912523 -0.701551 38.238388
v 16.912525 -0.701551 36.747704
v 19.560534 -1.472444 36.569874
v 18.929155 -1.472444 36.569874
v 18.988001 -1.472444 36.162914
vn -0.0000 1.0000 -0.0000
vn -0.9744 0.2248 -0.0000
vn -0.9749 -0.2225 -0.0000
vn -0.9749 0.2225 -0.0000
vn -0.9820 0.1891 -0.0000
vn -0.9820 -0.1891 -0.0000
vn -0.7818 -0.6235 -0.0000
vn -0.8317 -0.5552 -0.0000
vn -0.4339 -0.9010 -0.0000
vn -0.2847 -0.9154 -0.2847
vn -0.0560 -0.9969 -0.0560
vn -0.0000 -1.0000 -0.0000
vn -0.0000 -0.1891 -0.9820
vn -0.0000 0.1891 -0.9820
vn -0.0000 0.2225 -0.9749
vn -0.0000 -0.2225 -0.9749
vn 0.9744 0.2248 -0.0000
vn 0.9687 0.2481 -0.0000
vn 0.9010 0.4339 -0.0000
vn 0.9749 0.2225 -0.0000
vn 0.9687 -0.2481 -0.0000
vn 0.9749 -0.2225 -0.0000
vn 0.7350 -0.6781 -0.0000
vn 0.7818 -0.6235 -0.0000
vn 0.4339 -0.9010 -0.0000
vn 0.1758 -0.9686 0.1758
vn -0.0000 0.2248 0.9744
vn -0.0000 0.4339 0.9010
vn -0.0000 0.2481 0.9687
vn -0.0000 0.2225 0.9749
vn -0.0000 -0.2481 0.9687
vn -0.0000 -0.2225 0.9749
vn -0.0000 -0.6781 0.7350
vn -0.0000 -0.6235 0.7818
vn -0.0000 -0.9010 0.4339
vn -0.0000 -0.9010 -0.4339
vn -0.0000 0.4339 -0.9010
vn -0.0000 -0.6235 -0.7818
vn -0.0000 -0.5552 -0.8317
vn -0.0000 0.2248 -0.9744
vn -0.9010 0.4339 -0.0000
vt 0.308444 1.237606
vt 0.308444 1.006753
vt -0.494644 1.006753
vt -0.494644 1.237606
vt 0.539298 1.237606
vt 0.266532 0.195233
vt -0.084803 0.195233
vt -0.494644 0.195233
vt -0.494644 0.013544
vt 0.308444 0.013544
vt -0.084803 0.997347
vt -0.084803 0.646012
vt -0.494644 0.646012
vt -0.494644 0.997347
vt 0.286431 0.993740
vt 0.286431 0.678370
vt -0.028939 0.678370
vt -0.328315 0.504334
vt -0.329814 0.241734
vt 1.011581 0.241734
vt 1.026375 0.504334
vt -0.329818 0.740930
vt -0.328349 0.504335
vt 0.897642 0.740930
vt -0.413602 0.699787
vt -0.413602 0.475675
vt 0.924238 0.475675
vt 0.700127 0.699787
vt 0.436316 0.994861
vt -0.327959 0.994862
vt -0.327959 0.738845
vt 0.692333 0.738845
vt -0.031817 0.462353
vt -0.031817 0.222667
vt 1.190830 0.222667
vt 1.190830 0.462353
vt 0.308444 1.088799
vt -0.494644 1.237606
vt 0.404359 1.102668
vt 0.390490 1.006753
vt -0.084803 0.195233
vt 0.266532 0.195233
vt -0.494644 0.013544
vt -0.494644 0.195233
vt -0.084803 0.646012
vt -0.084803 0.997347
vt -0.494644 0.997347
vt -0.040246 0.691459
vt -0.040246 0.995588
vt 0.263883 0.995588
vt -0.138949 0.241734
vt -0.025010 0.005138
vt -0.327959 0.005138
vt -0.327959 0.241734
vt -0.138949 0.504335
vt -0.327960 0.241734
vt -0.327959 0.504334
vt -0.025010 0.740930
vt -0.327959 0.504335
vt -0.327959 0.740930
vt -0.327959 0.738845
vt 0.180299 0.738845
vt -0.025010 0.533535
vt -0.327959 0.533535
vt -0.327959 0.994862
vt -0.327959 0.738845
vt -0.494644 1.006753
vt -0.494644 1.237606
vt -0.494644 0.195233
vt -0.494644 0.013544
vt -0.084803 0.684337
vt -0.499574 0.684337
vt -0.499574 0.997347
vt -0.084803 0.997347
vt -0.327959 0.005138
vt -0.025010 0.005138
vt -0.327959 0.241734
vt 0.917886 0.240812
vt 0.917886 0.502913
vt 1.106537 0.502913
vt 1.106537 0.240812
vt -0.327959 0.504335
vt -0.025010 0.740930
vt -0.327959 0.740930
vt -0.327959 0.738845
vt -0.327959 0.533535
vt -0.025010 0.533535
vt -0.327959 0.994861
vt -0.327959 0.738845
vt 0.266532 0.997347
vt 0.002985 0.647853
vt 0.002985 0.999616
vt 0.354747 0.999616
vt 0.540353 0.267298
vt 0.540353 0.138265
vt 0.540353 0.009232
vt 0.282287 0.009232
vt 0.307067 0.009087
vt 0.066198 0.009087
vt 0.307067 0.249956
vt 0.776119 0.993740
vt 1.091489 0.678370
vt 0.776119 0.678370
vt 0.462331 0.009087
vt 0.447860 0.109163
vt -0.327959 0.994862
vt -0.327959 0.738845
vt -0.327959 0.005138
vt -0.327959 0.241734
vt 0.897642 0.005138
vt -0.328349 0.504335
vt -0.329818 0.740930
vt 1.042421 0.706819
vt -0.071308 0.706819
vt -0.295420 0.482708
vt 1.042421 0.482708
vt -0.494644 1.237607
vt -0.494644 1.006753
vt 0.277052 0.012437
vt 0.522747 0.012437
vt 0.768441 0.012437
vt 0.813048 0.205807
vt 0.232445 0.205807
vt -0.494644 0.013544
vt 0.718527 0.992064
vt 1.000000 0.710591
vt 0.718527 0.710591
vt 0.000000 0.710591
vt 0.281473 0.992064
vt 0.281473 0.710591
vt 0.547936 0.009087
vt 0.547936 0.249956
vt 0.547936 0.094692
vt 0.798419 0.009232
vt -0.327959 0.241734
vt -0.327959 0.005138
vt -0.025010 0.005138
vt 0.278401 0.012236
vt 0.524096 0.012236
vt 0.682470 0.012236
vt 0.769790 0.012236
vt 0.814397 0.205606
vt 0.233794 0.205606
s 1
usemtl concrete_base.003
f 1292/1823/513 1276/1824/513 1253/1825/513 1251/1826/513
f 1292/1823/513 1295/1827/513 1276/1824/513
f 1274/1828/514 1275/1829/514 1255/1830/514 1253/1831/514 1276/1832/514
f 1275/1833/513 1278/1834/513 1258/1835/513 1255/1836/513
f 1274/1837/513 1279/1838/513 1278/1839/513
f 1281/1824/513 1293/1859/513 1292/1823/513 1251/1860/513 1267/1825/513
f 1293/1859/513 1296/1861/513 1295/1827/513 1292/1823/513
f 1283/1862/524 1281/1824/524 1296/1861/524
f 1285/1863/529 1284/1864/529 1281/1832/529 1267/1865/529 1268/1866/529
f 1287/1867/513 1285/1868/513 1268/1869/513 1269/1835/513
f 1287/1870/513 1288/1871/513 1284/1872/513
f 1283/1859/513 1281/1824/513 1254/1889/513 1252/1890/513 1282/1823/513
f 1284/1864/539 1288/1863/539 1256/1891/539 1254/1892/539 1281/1832/539
f 1287/1893/513 1257/1894/513 1256/1895/513 1288/1896/513
f 1284/1912/513 1285/1868/513 1287/1893/513
f 1278/1913/513 1275/1914/513 1274/1915/513
f 1296/1861/524 1281/1824/524 1293/1862/524
f 1296/1861/513 1283/1859/513 1282/1823/513 1295/1827/513
f 1295/1916/513 1294/1917/513 1277/1918/513 1276/1919/513
f 1319/1920/513 1306/1921/513 1295/1922/513
f 1304/1923/513 1307/1924/513 1308/1925/513
f 1320/1926/513 1319/1920/513 1295/1922/513 1321/1927/513
f 1314/1862/524 1321/1861/524 1313/1824/524
f 1317/1870/513 1315/1872/513 1318/1871/513
f 1314/1859/513 1282/1823/513 1252/1939/513 1297/1940/513 1313/1824/513
f 1276/1941/514 1277/1942/514 1306/1943/514 1304/1944/514 1274/1945/514
f 1315/1864/552 1313/1832/552 1297/1946/552 1298/1891/552 1318/1863/552
f 1317/1893/513 1318/1896/513 1298/1895/513 1299/1894/513
f 1315/1947/513 1317/1948/513 1316/1949/513
f 1307/1950/513 1304/1951/513 1305/1952/513
f 1321/1927/513 1313/1953/513 1320/1926/513
f 1321/1927/513 1295/1922/513 1282/1954/513 1314/1955/513
f 1295/1916/513 1306/1956/513 1277/1918/513 1294/1917/513
f 1305/1952/513 1304/1951/513 1315/1947/513 1316/1949/513
f 1306/1960/552 1319/1961/552 1320/1962/552 1313/1963/552 1315/1964/552 1304/1965/552
f 1279/1838/513 1274/1837/513 1304/1923/513 1308/1925/513
usemtl brick_modern_01.003
f 1262/1840/515 1260/1841/516 1309/1842/517 1310/1843/518
f 1264/1844/519 1262/1845/515 1310/1843/518 1311/1846/520
f 1265/1847/521 1264/1848/519 1311/1849/520 1312/1850/522
f 1280/1851/523 1250/1852/524 1265/1853/521 1312/1854/522
f 1310/1855/525 1309/1856/526 1300/1857/527 1301/1858/528
f 1286/1873/530 1287/1874/531 1269/1875/531 1270/1876/532
f 1289/1877/533 1286/1873/530 1270/1878/532 1271/1879/534
f 1290/1880/535 1289/1877/533 1271/1881/534 1272/1882/536
f 1273/1883/537 1291/1884/538 1290/1885/535 1272/1886/536
f 1250/1887/524 1280/1851/523 1291/1884/538 1273/1888/537
f 1257/1897/540 1287/1898/540 1286/1873/541 1259/1899/542
f 1286/1900/541 1289/1901/543 1261/1902/544 1259/1903/542
f 1261/1904/544 1289/1877/543 1290/1905/545 1263/1906/546
f 1266/1907/547 1263/1908/546 1290/1909/545 1291/1884/538
f 1249/1910/524 1266/1911/547 1291/1884/538 1280/1851/523
f 1249/1928/524 1280/1851/523 1312/1854/522 1303/1929/548
f 1299/1930/549 1300/1931/527 1309/1842/526 1307/1932/549 1317/1898/549
f 1301/1933/528 1302/1934/550 1311/1846/551 1310/1843/525
f 1303/1935/548 1312/1936/522 1311/1937/551 1302/1938/550
f 1260/1957/516 1258/1958/553 1278/1959/553 1307/1932/553 1309/1842/517
o Serwers_008.mesh.004
v 19.560545 4.797096 27.962444
v 19.560539 4.797097 31.426928
v 19.560539 -1.472444 31.426928
v 19.560545 -1.472444 27.962444
v 18.581053 -1.472444 27.962442
v 18.581047 -1.472444 31.426926
v 18.403217 -0.701551 31.426926
v 18.403221 -0.701551 27.962442
v 16.912537 -0.701551 27.962440
v 16.912531 -0.701551 31.426924
v 16.258532 0.656503 27.962439
v 16.258526 0.656503 31.426922
v 16.258532 2.163829 27.962439
v 16.258526 2.163829 31.426922
v 16.912537 3.521883 27.962440
v 16.912531 3.521883 31.426924
v 18.091011 4.461685 27.962442
v 18.091005 4.461685 31.426926
v 20.540037 -1.472444 27.962446
v 20.540031 -1.472444 31.426929
v 20.717863 -0.701551 31.426929
v 20.717869 -0.701551 27.962446
v 22.208553 -0.701551 27.962448
v 22.208548 -0.701551 31.426931
v 22.862558 0.656503 27.962450
v 22.862553 0.656503 31.426933
v 22.862558 2.163829 27.962450
v 22.862553 2.163829 31.426933
v 22.208553 3.521883 27.962448
v 22.208548 3.521883 31.426931
v 21.030079 4.461685 27.962446
v 21.030073 4.461685 31.426929
vn -0.0000 1.0000 -0.0000
vn 0.9744 0.2248 -0.0000
vn 0.9010 0.4339 -0.0000
vn 0.9749 0.2225 -0.0000
vn 0.9749 -0.2225 -0.0000
vn 0.7818 -0.6235 -0.0000
vn 0.4339 -0.9010 -0.0000
vn -0.0000 -1.0000 -0.0000
vn -0.9744 0.2248 -0.0000
vn -0.9010 0.4339 -0.0000
vn -0.9749 0.2225 -0.0000
vn -0.9749 -0.2225 -0.0000
vn -0.7818 -0.6235 -0.0000
vn -0.4339 -0.9010 -0.0000
vt -0.258957 1.006753
vt -0.258957 1.237606
vt 0.557576 1.237606
vt 0.557576 1.006753
vt -0.258957 0.195233
vt -0.258957 0.013544
vt 0.557576 0.013544
vt 0.557576 0.195233
vt -0.258957 0.646012
vt -0.258957 0.997347
vt 0.557576 0.997347
vt 0.557576 0.646012
vt 0.449827 0.005138
vt 0.449827 0.241734
vt -0.153743 0.241734
vt -0.153743 0.005138
vt 0.449827 0.241734
vt 0.449827 0.504334
vt -0.153743 0.504335
vt 0.449827 0.504334
vt 0.449827 0.740930
vt -0.153743 0.740930
vt 0.449827 0.533535
vt 0.449827 0.738845
vt -0.153743 0.738845
vt -0.153743 0.533535
vt 0.449827 0.738845
vt 0.449827 0.994861
vt -0.153743 0.994861
s 1
usemtl concrete_base.005
f 1327/1966/554 1324/1967/554 1325/1968/554 1326/1969/554
f 1328/1970/555 1327/1971/555 1326/1972/555 1329/1973/555
f 1331/1974/554 1328/1975/554 1329/1976/554 1330/1977/554
f 1341/1966/554 1340/1969/554 1325/1968/554 1324/1967/554
f 1342/1970/562 1343/1973/562 1340/1972/562 1341/1971/562
f 1345/1974/554 1344/1977/554 1343/1976/554 1342/1975/554
usemtl brick_modern_01.005
f 1330/1978/556 1332/1979/557 1333/1980/557 1331/1981/556
f 1332/1982/557 1334/1983/558 1335/1984/558 1333/1980/557
f 1334/1985/558 1336/1986/559 1337/1987/559 1335/1984/558
f 1336/1988/559 1338/1989/560 1339/1990/560 1337/1991/559
f 1338/1992/560 1322/1993/561 1323/1994/561 1339/1990/560
f 1344/1978/563 1345/1981/563 1347/1980/564 1346/1979/564
f 1346/1982/564 1347/1980/564 1349/1984/565 1348/1983/565
f 1348/1985/565 1349/1984/565 1351/1987/566 1350/1986/566
f 1350/1988/566 1351/1991/566 1353/1990/567 1352/1989/567
f 1352/1992/567 1353/1990/567 1323/1994/561 1322/1993/561
o Serwers_007.mesh.003
v 29.430624 4.797096 -11.867315
v 36.204483 4.797097 -11.867311
v 36.204483 -1.472444 -11.867311
v 29.430624 -1.472444 -11.867315
v 29.430622 -1.472444 -10.887823
v 36.204483 -1.472444 -10.887819
v 36.204483 -0.701551 -10.709988
v 29.430622 -0.701551 -10.709992
v 29.430622 -0.701551 -9.219307
v 36.204483 -0.701551 -9.219302
v 29.430622 0.656503 -8.565303
v 36.204483 0.656503 -8.565298
v 29.430622 2.163829 -8.565303
v 36.204483 2.163829 -8.565298
v 29.430622 3.521883 -9.219307
v 36.204483 3.521883 -9.219302
v 29.430622 4.461685 -10.397781
v 36.204483 4.461685 -10.397777
v 29.430624 -1.472444 -12.846807
v 36.204487 -1.472444 -12.846804
v 36.204487 -0.701551 -13.024634
v 29.430624 -0.701551 -13.024639
v 29.430626 -0.701551 -14.515325
v 36.204487 -0.701551 -14.515320
v 29.430626 0.656503 -15.169329
v 36.204487 0.656503 -15.169324
v 29.430626 2.163829 -15.169329
v 36.204487 2.163829 -15.169324
v 29.430626 3.521883 -14.515325
v 36.204487 3.521883 -14.515320
v 29.430624 4.461685 -13.336850
v 36.204487 4.461685 -13.336845
v 32.283436 0.656503 -8.565301
v 33.351669 0.656503 -8.565300
v 32.283436 -0.701551 -9.219305
v 33.351669 -0.701551 -9.219304
v 32.283436 1.670939 -8.565301
v 33.351669 1.670939 -8.565300
v 32.283436 1.670939 -7.516810
v 32.283436 0.656503 -7.516810
v 33.351669 -0.701551 -7.516809
v 33.351665 0.656503 -7.516809
v 32.283436 -0.701551 -7.516810
v 33.351665 1.670939 -7.516809
vn -0.0000 1.0000 -0.0000
vn -0.0000 0.2248 -0.9744
vn 1.0000 -0.0000 -0.0000
vn -0.0000 0.4339 -0.9010
vn -0.0000 0.2225 -0.9749
vn -0.0000 -0.0000 -1.0000
vn -0.0000 -0.2225 -0.9749
vn -0.0000 -0.6235 -0.7818
vn -0.0000 -0.9010 -0.4339
vn -0.0000 -1.0000 -0.0000
vn -0.0000 0.2248 0.9744
vn -0.0000 0.4339 0.9010
vn -0.0000 0.2225 0.9749
vn -0.0000 -0.2225 0.9749
vn -0.0000 -0.6235 0.7818
vn -0.0000 -0.9010 0.4339
vn -1.0000 -0.0000 -0.0000
vt -0.258957 1.006753
vt -0.258957 1.237606
vt 1.337553 1.237606
vt 1.337553 1.006753
vt -0.258957 0.195233
vt -0.258957 0.013544
vt 1.337553 0.013544
vt 1.337553 0.195233
vt 0.421097 0.411837
vt 0.610039 0.411837
vt 0.610039 0.594642
vt 0.421097 0.594642
vt 0.529368 0.005138
vt 1.026375 0.005138
vt 1.026375 0.241734
vt 0.529368 0.241734
vt 0.343264 0.241734
vt -0.153743 0.241734
vt -0.153743 0.005138
vt 0.343264 0.005138
vt 0.529368 0.418465
vt 1.026375 0.504334
vt -0.153743 0.504335
vt 0.343264 0.418465
vt 1.026375 0.740930
vt -0.153743 0.740930
vt 1.026375 0.533535
vt 1.026375 0.738845
vt -0.153743 0.738845
vt -0.153743 0.533535
vt 1.026375 0.994861
vt -0.153743 0.994861
vt -0.258957 0.646012
vt 1.337553 0.646012
vt 1.337553 0.997347
vt -0.258957 0.997347
vt 0.727893 0.167111
vt 0.421097 0.167111
vt 0.413414 0.646012
vt 0.665182 0.646012
vt 0.421097 0.339764
vt 0.610039 0.339764
vt 0.610039 0.532263
vt 0.421097 0.532263
vt 0.413414 0.244756
vt 0.665182 0.244756
vt 0.421097 0.411837
s 1
usemtl concrete_base.001
f 1359/1995/568 1356/1996/568 1357/1997/568 1358/1998/568
f 1360/1999/569 1359/2000/569 1358/2001/569 1361/2002/569
f 1373/1995/568 1372/1998/568 1357/1997/568 1356/1996/568
f 1374/1999/578 1375/2002/578 1372/2001/578 1373/2000/578
f 1377/2027/568 1376/2028/568 1375/2029/568 1374/2030/568
f 1389/2033/568 1363/2027/568 1360/2030/568 1361/2029/568 1362/2028/568 1388/2034/568
f 1394/2039/568 1389/2033/568 1388/2034/568 1396/2040/568
usemtl brick_modern_01.001
f 1393/2003/570 1386/2004/570 1390/2005/570 1392/2006/570
f 1388/2007/571 1362/2008/571 1364/2009/572 1386/2010/572
f 1387/2011/572 1365/2012/572 1363/2013/571 1389/2014/571
f 1390/2015/573 1386/2010/572 1364/2009/572 1366/2016/574 1367/2017/574 1365/2012/572 1387/2011/572 1391/2018/573
f 1366/2016/574 1368/2019/575 1369/2020/575 1367/2017/574
f 1368/2021/575 1370/2022/576 1371/2023/576 1369/2024/575
f 1370/2022/576 1354/2025/577 1355/2026/577 1371/2023/576
f 1376/2008/579 1377/2013/579 1379/2012/580 1378/2009/580
f 1378/2009/580 1379/2012/580 1381/2017/581 1380/2016/581
f 1380/2016/581 1381/2017/581 1383/2020/582 1382/2019/582
f 1382/2021/582 1383/2024/582 1385/2023/583 1384/2022/583
f 1384/2022/583 1385/2023/583 1355/2026/577 1354/2025/577
f 1395/2003/584 1387/2004/584 1389/2031/584 1394/2032/584
f 1388/2031/570 1386/2004/570 1393/2003/570 1396/2032/570
f 1392/2035/577 1390/2036/577 1391/2037/577 1397/2038/577
f 1397/2006/584 1391/2005/584 1387/2004/584 1395/2041/584
o SerwersP.003_mesh.004
v 32.283436 1.670940 -7.852530
v 32.283436 0.656504 -7.852530
v 33.351665 -0.701550 -7.852530
v 33.351665 0.656504 -7.852530
v 32.283436 -0.701550 -7.852530
v 33.351665 1.670939 -7.852530
v 31.576891 1.473388 -7.852531
v 31.576891 0.656503 -7.852531
v 34.058208 -0.701550 -7.852529
v 34.058208 0.656504 -7.852529
v 31.576889 -0.701550 -7.852531
v 34.058208 1.473388 -7.852529
v 32.817547 2.532912 -7.852530
v 33.384319 2.406060 -7.852530
v 33.812622 2.073721 -7.852529
v 31.822475 2.073720 -7.852531
v 32.250778 2.406060 -7.852530
v 31.576885 1.473388 -3.665811
v 31.576885 0.656503 -3.665811
v 34.058205 -0.701550 -3.665808
v 34.058205 0.656504 -3.665808
v 31.576885 -0.701550 -3.665811
v 34.058205 1.473388 -3.665808
v 32.817543 2.532912 -3.665810
v 33.384315 2.406060 -3.665809
v 33.812618 2.073721 -3.665809
v 31.822472 2.073720 -3.665811
v 32.250774 2.406060 -3.665810
vn -0.0000 -0.0000 1.0000
vn 0.9812 -0.1929 -0.0000
vn 0.7963 -0.6049 -0.0000
vn -0.9812 -0.1929 -0.0000
vn -1.0000 -0.0000 -0.0000
vn 0.4260 -0.9047 -0.0000
vn -0.0000 -1.0000 -0.0000
vn -0.7963 -0.6049 -0.0000
vn -0.4260 -0.9047 -0.0000
vn 1.0000 -0.0000 -0.0000
vn -0.0000 1.0000 -0.0000
vt 0.470261 0.507944
vt 0.470261 0.194310
vt 0.251820 0.194310
vt 0.251820 0.446866
vt 0.090364 0.009287
vt 0.090364 0.997811
vt -0.423927 0.997811
vt -0.423928 0.009287
vt 0.800527 0.507944
vt 0.327748 0.632472
vt 0.460166 0.735221
vt 0.635395 0.774440
vt 0.810624 0.735221
vt 0.943042 0.632472
vt 1.018970 0.446867
vt 0.867928 0.997811
vt 0.867928 0.009287
vt 1.382217 0.009287
vt 1.382217 0.997811
vt 0.800527 0.194310
vt 1.018970 0.194310
vt 0.686815 0.597886
vt 0.686815 0.783491
vt -0.607595 0.783491
vt -0.607595 0.597886
vt 0.686815 0.597886
vt 0.686815 0.345330
vt -0.607595 0.345330
vt -0.607595 0.597886
vt 0.686815 0.324771
vt 0.686815 0.500000
vt -0.607595 0.500000
vt -0.607595 0.324771
vt 0.686815 0.783491
vt -0.607595 0.783491
vt 0.686815 0.192353
vt -0.607595 0.324771
vt -0.607595 0.192353
vt 0.686815 0.675229
vt -0.607595 0.675229
vt -0.607595 0.500000
vt 1.280762 0.009138
vt 1.280762 0.997661
vt -1.766741 0.997661
vt -1.766741 0.009137
vt -0.607595 0.345330
vt 0.686815 0.807647
vt -0.607595 0.807647
vt -0.607595 0.675229
vt 0.997824 0.994752
vt 0.997824 0.005248
vt -0.671763 0.005248
vt -0.671763 0.994752
vt -1.766741 0.009138
vt -1.766741 0.997661
s 1
usemtl brick_modern.001
f 1403/2042/585 1401/2043/585 1407/2044/585 1409/2045/585
f 1398/2050/585 1403/2042/585 1409/2045/585 1412/2051/585 1411/2052/585 1410/2053/585 1414/2054/585 1413/2055/585 1404/2056/585
f 1399/2061/585 1398/2050/585 1404/2056/585 1405/2062/585
f 1404/2063/586 1413/2064/587 1424/2065/587 1415/2066/586
f 1409/2067/588 1407/2068/589 1418/2069/589 1420/2070/588
f 1414/2071/590 1410/2072/591 1421/2073/591 1425/2074/590
f 1412/2075/592 1409/2067/588 1420/2066/588 1423/2076/592
f 1413/2077/587 1414/2071/590 1425/2078/590 1424/2079/587
f 1410/2072/591 1411/2080/593 1422/2081/593 1421/2082/591
f 1405/2068/594 1404/2063/586 1415/2066/586 1416/2087/594
f 1411/2080/593 1412/2088/592 1423/2089/592 1422/2090/593
usemtl concrete_bare_01.001
f 1402/2046/585 1399/2047/585 1405/2048/585 1408/2049/585
f 1401/2057/585 1400/2058/585 1406/2059/585 1407/2060/585
f 1408/2083/594 1405/2084/594 1416/2085/594 1419/2086/594
f 1407/2084/589 1406/2083/589 1417/2095/589 1418/2096/589
usemtl brick_pavement.001
f 1406/2091/595 1408/2092/595 1419/2093/595 1417/2094/595
o SerwersP.003_mesh.005
v 33.351650 1.670940 0.480587
v 33.351650 0.656504 0.480587
v 32.283421 -0.701550 0.480586
v 32.283421 0.656504 0.480586
v 33.351650 -0.701550 0.480587
v 32.283421 1.670939 0.480586
v 34.058197 1.473388 0.480588
v 34.058197 0.656503 0.480588
v 31.576878 -0.701550 0.480585
v 31.576878 0.656504 0.480585
v 34.058197 -0.701550 0.480588
v 31.576878 1.473388 0.480585
v 32.817539 2.532912 0.480587
v 32.250767 2.406060 0.480586
v 31.822464 2.073721 0.480586
v 33.812611 2.073720 0.480588
v 33.384308 2.406060 0.480587
v 34.058201 1.473388 -3.706132
v 34.058201 0.656503 -3.706132
v 31.576883 -0.701550 -3.706135
v 31.576883 0.656504 -3.706135
v 34.058201 -0.701550 -3.706132
v 31.576883 1.473388 -3.706135
v 32.817543 2.532912 -3.706134
v 32.250771 2.406060 -3.706134
v 31.822468 2.073721 -3.706135
v 33.812614 2.073720 -3.706132
v 33.384312 2.406060 -3.706133
vn -0.0000 -0.0000 -1.0000
vn -0.9812 -0.1929 -0.0000
vn -0.7963 -0.6049 -0.0000
vn 0.9812 -0.1929 -0.0000
vn 1.0000 -0.0000 -0.0000
vn -0.4260 -0.9047 -0.0000
vn -0.0000 -1.0000 -0.0000
vn 0.7963 -0.6049 -0.0000
vn 0.4260 -0.9047 -0.0000
vn -1.0000 -0.0000 -0.0000
vn -0.0000 1.0000 -0.0000
vt 0.470261 0.507944
vt 0.470261 0.194310
vt 0.251820 0.194310
vt 0.251820 0.446866
vt 0.090364 0.009287
vt 0.090364 0.997811
vt -0.423927 0.997811
vt -0.423928 0.009287
vt 0.800527 0.507944
vt 0.327748 0.632472
vt 0.460166 0.735221
vt 0.635395 0.774440
vt 0.810624 0.735221
vt 0.943042 0.632472
vt 1.018970 0.446867
vt 0.867928 0.997811
vt 0.867928 0.009287
vt 1.382217 0.009287
vt 1.382217 0.997811
vt 0.800527 0.194310
vt 1.018970 0.194310
vt 0.686815 0.597886
vt 0.686815 0.783491
vt -0.607595 0.783491
vt -0.607595 0.597886
vt 0.686815 0.597886
vt 0.686815 0.345330
vt -0.607595 0.345330
vt -0.607595 0.597886
vt 0.686815 0.324771
vt 0.686815 0.500000
vt -0.607595 0.500000
vt -0.607595 0.324771
vt 0.686815 0.783491
vt -0.607595 0.783491
vt 0.686815 0.192353
vt -0.607595 0.324771
vt -0.607595 0.192353
vt 0.686815 0.675229
vt -0.607595 0.675229
vt -0.607595 0.500000
vt 1.280762 0.009138
vt 1.280762 0.997661
vt -1.766741 0.997661
vt -1.766741 0.009137
vt -0.607595 0.345330
vt 0.686815 0.807647
vt -0.607595 0.807647
vt -0.607595 0.675229
vt 0.997824 0.994752
vt 0.997824 0.005248
vt -0.671763 0.005248
vt -0.671763 0.994752
vt -1.766741 0.009138
vt -1.766741 0.997661
s 1
usemtl brick_modern.001
f 1431/2097/596 1429/2098/596 1435/2099/596 1437/2100/596
f 1426/2105/596 1431/2097/596 1437/2100/596 1440/2106/596 1439/2107/596 1438/2108/596 1442/2109/596 1441/2110/596 1432/2111/596
f 1427/2116/596 1426/2105/596 1432/2111/596 1433/2117/596
f 1432/2118/597 1441/2119/598 1452/2120/598 1443/2121/597
f 1437/2122/599 1435/2123/600 1446/2124/600 1448/2125/599
f 1442/2126/601 1438/2127/602 1449/2128/602 1453/2129/601
f 1440/2130/603 1437/2122/599 1448/2121/599 1451/2131/603
f 1441/2132/598 1442/2126/601 1453/2133/601 1452/2134/598
f 1438/2127/602 1439/2135/604 1450/2136/604 1449/2137/602
f 1433/2123/605 1432/2118/597 1443/2121/597 1444/2142/605
f 1439/2135/604 1440/2143/603 1451/2144/603 1450/2145/604
usemtl concrete_bare_01.001
f 1430/2101/596 1427/2102/596 1433/2103/596 1436/2104/596
f 1429/2112/596 1428/2113/596 1434/2114/596 1435/2115/596
f 1436/2138/605 1433/2139/605 1444/2140/605 1447/2141/605
f 1435/2139/600 1434/2138/600 1445/2150/600 1446/2151/600
usemtl brick_pavement.001
f 1434/2146/606 1436/2147/606 1447/2148/606 1445/2149/606
o Serwers_011.mesh.002
v 29.031612 4.797096 0.000013
v 25.567129 4.797097 0.000010
v 25.567129 -1.472444 0.000010
v 29.031612 -1.472444 0.000013
v 29.031612 -1.472444 -0.979479
v 25.567131 -1.472444 -0.979482
v 25.567131 -0.701551 -1.157313
v 29.031614 -0.701551 -1.157310
v 29.031614 -0.701551 -2.647995
v 25.567131 -0.701551 -2.647999
v 29.031616 0.656503 -3.302000
v 25.567133 0.656503 -3.302003
v 29.031616 2.163829 -3.302000
v 25.567133 2.163829 -3.302003
v 29.031616 3.521883 -2.647995
v 25.567133 3.521883 -2.647999
v 29.031614 4.461685 -1.469521
v 25.567131 4.461685 -1.469525
v 30.600428 -0.701551 0.000015
v 30.600430 -0.701551 -1.157308
v 30.600431 -0.701551 -2.647994
v 30.600431 0.656503 -3.301998
v 30.600431 2.163829 -3.301998
v 30.600431 3.521883 -2.647994
v 30.600430 4.461685 -1.469519
v 30.600428 4.797096 0.000015
v 29.031612 -0.701551 0.000013
v 29.031610 -1.472444 0.979506
v 25.567127 -1.472444 0.979502
v 25.567127 -0.701551 1.157333
v 29.031610 -0.701551 1.157337
v 29.031609 -0.701551 2.648022
v 25.567125 -0.701551 2.648018
v 29.031609 0.656503 3.302026
v 25.567125 0.656503 3.302022
v 29.031609 2.163829 3.302026
v 25.567125 2.163829 3.302022
v 29.031609 3.521883 2.648022
v 25.567127 3.521883 2.648018
v 29.031610 4.461685 1.469548
v 25.567127 4.461685 1.469544
v 30.600426 -0.701551 1.157338
v 30.600426 -0.701551 2.648024
v 30.600424 0.656503 3.302028
v 30.600424 2.163829 3.302028
v 30.600426 3.521883 2.648024
v 30.600426 4.461685 1.469549
vn -0.0000 1.0000 -0.0000
vn -0.0000 0.2248 0.9744
vn -0.0000 0.4339 0.9010
vn -0.0000 0.2225 0.9749
vn -0.0000 -0.2225 0.9749
vn -0.0000 -0.6235 0.7818
vn -0.0000 -0.9010 0.4339
vn -0.0000 -1.0000 -0.0000
vn -1.0000 -0.0000 -0.0000
vn -0.0000 0.2248 -0.9744
vn -0.0000 0.4339 -0.9010
vn -0.0000 0.2225 -0.9749
vn -0.0000 -0.2225 -0.9749
vn -0.0000 -0.6235 -0.7818
vn -0.0000 -0.9010 -0.4339
vt -0.258957 1.006753
vt -0.258957 1.237606
vt 0.557576 1.237606
vt 0.557576 1.006753
vt -0.258957 0.195233
vt -0.258957 0.013544
vt 0.557576 0.013544
vt 0.557576 0.195233
vt -0.258957 0.646012
vt -0.258957 0.997347
vt 0.557576 0.997347
vt 0.557576 0.646012
vt 0.449827 0.005138
vt 0.449827 0.241734
vt -0.153743 0.241734
vt -0.153743 0.005138
vt 0.449827 0.241734
vt 0.449827 0.504334
vt -0.153743 0.504335
vt 0.449827 0.504334
vt 0.449827 0.740930
vt -0.153743 0.740930
vt 0.449827 0.533535
vt 0.449827 0.738845
vt -0.153743 0.738845
vt -0.153743 0.533535
vt 0.449827 0.738845
vt 0.449827 0.994861
vt -0.153743 0.994861
vt 0.723140 0.005138
vt 0.723140 0.241734
vt 0.774810 0.187630
vt 0.774810 1.065713
vt 0.540417 1.012215
vt 0.352449 0.862315
vt 0.248135 0.645704
vt 0.248135 0.405283
vt 0.352449 0.188672
vt 0.590215 0.188672
vt 0.723141 0.738845
vt 0.723141 0.994861
vt 0.723141 0.533535
vt 0.723141 0.738845
vt 0.723141 0.504334
vt 0.723140 0.740930
vt 0.927325 0.646012
vt 0.723141 0.241734
vt 0.723140 0.504334
vt 0.513563 0.642117
vt 0.513563 0.997997
vt 0.776097 0.997997
vt 0.776097 0.642117
vt 0.555361 0.005290
vt 0.555361 0.202338
vt 0.259536 0.202338
vt 0.304992 0.005290
vt 0.175407 0.642117
s 1
usemtl concrete_base.004
f 1459/2152/607 1456/2153/607 1457/2154/607 1458/2155/607
f 1460/2156/608 1459/2157/608 1458/2158/608 1461/2159/608
f 1463/2160/607 1460/2161/607 1461/2162/607 1462/2163/607
f 1462/2163/607 1461/2162/607 1474/2197/607
f 1473/2200/607 1461/2201/607 1480/2202/607 1472/2203/607
f 1457/2204/615 1480/2205/615 1461/2206/615 1458/2207/615
f 1474/2208/607 1461/2201/607 1473/2200/607
f 1482/2152/607 1481/2155/607 1457/2154/607 1456/2153/607
f 1483/2156/616 1484/2159/616 1481/2158/616 1482/2157/616
f 1486/2160/607 1485/2163/607 1484/2162/607 1483/2161/607
f 1485/2163/607 1496/2197/607 1484/2162/607
f 1495/2200/607 1472/2203/607 1480/2202/607 1484/2201/607
f 1457/2204/615 1481/2207/615 1484/2206/615 1480/2205/615
f 1496/2208/607 1495/2200/607 1484/2201/607
usemtl brick_modern_01.004
f 1462/2164/609 1464/2165/610 1465/2166/610 1463/2167/609
f 1464/2168/610 1466/2169/611 1467/2170/611 1465/2166/610
f 1466/2171/611 1468/2172/612 1469/2173/612 1467/2170/611
f 1468/2174/612 1470/2175/613 1471/2176/613 1469/2177/612
f 1470/2178/613 1454/2179/614 1455/2180/614 1471/2176/613
f 1464/2165/610 1462/2164/609 1474/2181/609 1475/2182/610
f 1472/2183/615 1479/2184/615 1478/2185/615 1477/2186/615 1476/2187/615 1475/2188/615 1474/2189/615 1473/2190/615
f 1454/2179/614 1470/2178/613 1478/2191/613 1479/2192/614
f 1470/2175/613 1468/2174/612 1477/2193/612 1478/2194/613
f 1468/2172/612 1466/2171/611 1476/2195/611 1477/2196/612
f 1466/2169/611 1464/2168/610 1475/2198/610 1476/2199/611
f 1485/2164/617 1486/2167/617 1488/2166/618 1487/2165/618
f 1487/2168/618 1488/2166/618 1490/2170/619 1489/2169/619
f 1489/2171/619 1490/2170/619 1492/2173/620 1491/2172/620
f 1491/2174/620 1492/2177/620 1494/2176/621 1493/2175/621
f 1493/2178/621 1494/2176/621 1455/2180/614 1454/2179/614
f 1487/2165/618 1497/2182/618 1496/2181/617 1485/2164/617
f 1472/2183/615 1495/2190/615 1496/2189/615 1497/2188/615 1498/2187/615 1499/2186/615 1500/2185/615 1479/2184/615
f 1454/2179/614 1479/2192/614 1500/2191/621 1493/2178/621
f 1493/2175/621 1500/2194/621 1499/2193/620 1491/2174/620
f 1491/2172/620 1499/2196/620 1498/2195/619 1489/2171/619
f 1489/2169/619 1498/2199/619 1497/2198/618 1487/2168/618
o SerwersMx_001.mesh.002
v -4.386930 4.797096 -8.120438
v 4.386931 4.797096 -8.120438
v 0.000000 4.797096 -3.733507
v 0.000001 -1.472445 -3.733507
v 4.386931 -1.472444 -8.120438
v -4.386930 -1.472445 -8.120438
v -4.386930 -1.472445 -7.140945
v -0.979491 -1.472445 -3.733507
v 4.386931 -1.472444 -7.140945
v -1.157322 -0.701552 -3.733507
v 4.386931 -0.701551 -6.963114
v -4.386930 -0.701552 -6.963114
v -4.386930 -0.701552 -5.472428
v 4.386931 -0.701551 -5.472428
v -2.648008 -0.701552 -3.733507
v -4.386930 0.656502 -4.818424
v 4.386931 0.656503 -4.818424
v -3.302012 0.656502 -3.733507
v -4.386930 2.163828 -4.818424
v 4.386931 2.163829 -4.818424
v -3.302012 2.163828 -3.733507
v -4.386930 3.521882 -5.472428
v 4.386931 3.521883 -5.472428
v -2.648008 3.521882 -3.733507
v -4.386930 4.461684 -6.650903
v -1.469534 4.461684 -3.733507
v 4.386931 4.461685 -6.650903
v 0.979493 -1.472445 -3.733507
v 1.157324 -0.701552 -3.733507
v 2.648010 -0.701551 -3.733507
v 3.302014 0.656502 -3.733507
v 3.302014 2.163828 -3.733507
v 2.648009 3.521882 -3.733507
v 1.469535 4.461684 -3.733507
v -1.157322 -0.701551 -6.963114
v -1.157322 -0.701551 -5.472428
v -0.979491 -1.472445 -7.140945
v -0.979491 -1.472445 -8.120438
v -2.648008 -0.701552 -5.472428
v -2.648008 -0.701552 -6.963114
v -3.302012 0.656502 -4.818424
v -3.302012 2.163828 -4.818424
v -2.648008 3.521882 -5.472428
v -1.469534 4.461684 -6.650903
v 0.000000 4.797096 -8.120438
v 0.979493 -1.472445 -7.140945
v 0.979493 -1.472445 -8.120438
v 0.979493 -1.472445 -7.489058
v 1.157324 -0.701551 -6.963114
v 1.157324 -0.701551 -5.472428
v 3.302014 0.656502 -4.818424
v 2.648010 -0.701551 -5.472428
v 2.648010 -0.701551 -6.963114
v 3.302014 2.163828 -4.818424
v 2.648009 3.521883 -5.472428
v 1.469535 4.461684 -6.650903
v 0.000001 -1.472445 -7.140945
v 0.631380 -1.472445 -7.140945
v -0.489745 -1.472445 -8.120438
v 0.000001 -1.472445 -8.120438
v 0.572535 -1.472445 -7.547903
v 4.386931 4.797097 -8.120437
v -4.387215 4.797096 -8.120439
v -4.386930 -1.472445 -8.120439
v 4.386931 -1.472444 -8.120437
v 4.386931 -1.472444 -9.099929
v -4.386930 -1.472445 -9.099931
v -4.387214 -0.701551 -9.277761
v 4.386931 -0.701550 -9.277760
v 4.386931 -0.701550 -10.768446
v -4.387214 -0.701551 -10.768447
v 4.386931 0.656503 -11.422450
v -4.387214 0.656503 -11.422451
v 4.386931 2.163829 -11.422450
v -4.387214 2.163829 -11.422451
v 4.386931 3.521883 -10.768446
v -4.387214 3.521882 -10.768447
v 4.386931 4.461685 -9.589972
v -4.387215 4.461684 -9.589972
v 0.534114 0.656503 -11.422451
v -0.534118 0.656503 -11.422451
v 0.534114 -0.701551 -10.768446
v -0.534118 -0.701551 -10.768446
v 0.534114 1.670939 -11.422451
v -0.534118 1.670939 -11.422451
v 0.534114 1.670939 -12.470942
v 0.534114 0.656503 -12.470942
v -0.534119 -0.701551 -12.470942
v -0.534118 0.656503 -12.470942
v 0.534114 -0.701551 -12.470942
v -0.534118 1.670939 -12.470942
vn -0.0000 1.0000 -0.0000
vn 0.9744 0.2248 -0.0000
vn 0.9010 0.4339 -0.0000
vn 0.9687 0.2481 -0.0000
vn 0.9749 0.2225 -0.0000
vn 0.9687 -0.2481 -0.0000
vn 0.9749 -0.2225 -0.0000
vn 0.7350 -0.6781 -0.0000
vn 0.7818 -0.6235 -0.0000
vn 0.1758 -0.9686 -0.1758
vn 0.4339 -0.9010 -0.0000
vn -0.0000 -0.9936 -0.1134
vn -0.0000 -1.0000 -0.0000
vn -0.9744 0.2248 -0.0000
vn -0.9687 0.2481 -0.0000
vn -0.9010 0.4339 -0.0000
vn -0.9749 0.2225 -0.0000
vn -0.9687 -0.2481 -0.0000
vn -0.9749 -0.2225 -0.0000
vn -0.7350 -0.6781 -0.0000
vn -0.7818 -0.6235 -0.0000
vn -0.4339 -0.9010 -0.0000
vn -0.1758 -0.9686 -0.1758
vn -0.0000 0.2248 -0.9744
vn -0.0000 0.2481 -0.9687
vn -0.0000 0.4339 -0.9010
vn -0.0000 0.2225 -0.9749
vn -0.0000 -0.2225 -0.9749
vn -0.0000 -0.2481 -0.9687
vn -0.0000 -0.6235 -0.7818
vn -0.0000 -0.6781 -0.7350
vn -0.0000 -0.9010 -0.4339
vn -0.0000 -0.9749 -0.2225
vn -0.0000 0.2248 0.9744
vn -1.0000 -0.0000 -0.0000
vn -0.0000 0.4339 0.9010
vn -0.0000 0.2225 0.9749
vn -0.0000 -0.0000 1.0000
vn -0.0000 -0.2225 0.9749
vn -0.0000 -0.6235 0.7818
vn -0.0000 -0.9010 0.4339
vn -0.0000 -0.9749 0.2225
vn 1.0000 -0.0000 -0.0000
vt 0.308444 1.237606
vt 0.308444 1.006753
vt -0.494644 1.006753
vt -0.494644 1.237606
vt 0.539298 1.237606
vt 0.266532 0.195233
vt -0.084803 0.195233
vt -0.494644 0.195233
vt -0.494644 0.013544
vt 0.308444 0.013544
vt -0.084803 0.997347
vt -0.084803 0.646012
vt -0.494644 0.646012
vt -0.494644 0.997347
vt 0.736117 0.995588
vt 1.040246 0.995588
vt 1.040246 0.691459
vt -0.327959 0.005138
vt -0.025010 0.005138
vt -0.138949 0.241734
vt -0.327959 0.241734
vt -0.327959 0.241734
vt -0.138949 0.504335
vt -0.327959 0.504334
vt -0.327959 0.504335
vt -0.025010 0.740930
vt -0.327959 0.740930
vt -0.327959 0.533535
vt -0.025010 0.533535
vt 0.180299 0.738845
vt -0.327959 0.738845
vt -0.327959 0.738845
vt 0.436316 0.994861
vt -0.327959 0.994861
vt 0.308444 1.088799
vt -0.494644 1.237607
vt -0.494644 1.006753
vt 0.404359 1.102668
vt 0.390490 1.006753
vt -0.084803 0.195233
vt 0.266532 0.195233
vt -0.494644 0.013544
vt -0.494644 0.195233
vt -0.084803 0.646012
vt -0.084803 0.997347
vt -0.040246 0.691459
vt -0.040246 0.995588
vt 0.263883 0.995588
vt -0.138949 0.241734
vt -0.025010 0.005138
vt -0.327959 0.241734
vt -0.327959 0.241734
vt -0.327959 0.504334
vt -0.025010 0.740930
vt -0.327959 0.504335
vt -0.327959 0.740930
vt -0.327959 0.738845
vt 0.180299 0.738845
vt -0.025010 0.533535
vt -0.327959 0.533535
vt -0.327959 0.994861
vt -0.327959 0.738845
vt 0.770151 1.236073
vt 1.573239 1.237779
vt 1.573239 1.007217
vt 0.770151 1.006753
vt -0.494644 1.006753
vt -0.494644 1.237606
vt 1.573239 0.195233
vt 1.163398 0.195233
vt 0.812064 0.195233
vt 0.770151 0.013544
vt 1.573240 0.013544
vt -0.494644 0.013544
vt 1.163399 0.646012
vt 1.163399 0.997347
vt 1.573240 0.997347
vt 1.573240 0.646012
vt -0.084803 0.684337
vt -0.499574 0.684337
vt -0.499574 0.997347
vt -0.084803 0.997347
vt 1.011581 0.241734
vt 0.897642 0.005138
vt 1.200591 0.005138
vt 1.200591 0.241734
vt -0.327959 0.005138
vt -0.025010 0.005138
vt -0.327959 0.241734
vt 0.921226 0.502913
vt 1.109877 0.502913
vt 1.109877 0.240812
vt 0.921226 0.240812
vt 0.920944 0.240812
vt 0.920944 0.502913
vt 1.109596 0.502913
vt 1.109596 0.240812
vt 1.200591 0.740930
vt 0.897642 0.740930
vt 1.011581 0.504334
vt 1.200592 0.504334
vt -0.327959 0.504335
vt -0.025010 0.740930
vt -0.327959 0.740930
vt 0.692333 0.738845
vt 0.897642 0.533535
vt 1.200591 0.533535
vt 1.200591 0.738845
vt -0.327959 0.738845
vt -0.327959 0.533535
vt -0.025010 0.533535
vt 1.200591 0.738845
vt 1.200591 0.994862
vt -0.327959 0.994861
vt -0.327959 0.738845
vt 0.266532 0.997347
vt 0.002985 0.647853
vt 0.002985 0.999616
vt 0.354747 0.999616
vt 0.654724 1.237606
vt -0.258957 1.006753
vt -0.258957 1.237606
vt 1.337553 1.237606
vt 1.337553 1.006753
vt -0.258957 0.195233
vt -0.258957 0.013544
vt 1.337553 0.013544
vt 1.337553 0.195233
vt 0.421097 0.411837
vt 0.610039 0.411837
vt 0.610039 0.594642
vt 0.421097 0.594642
vt 0.529368 0.005138
vt 1.026375 0.005138
vt 1.026375 0.241734
vt 0.529368 0.241734
vt 0.343264 0.241734
vt -0.153743 0.241734
vt -0.153743 0.005138
vt 0.343264 0.005138
vt 0.529368 0.418465
vt 1.026375 0.504334
vt -0.153743 0.504335
vt 0.343264 0.418465
vt 1.026375 0.740930
vt -0.153743 0.740930
vt 1.026375 0.533535
vt 1.026375 0.738845
vt -0.153743 0.738845
vt -0.153743 0.533535
vt 1.026375 0.994861
vt -0.153743 0.994861
vt 0.727893 0.167111
vt 0.421097 0.167111
vt 0.413414 0.646012
vt -0.258957 0.646012
vt -0.258957 0.997347
vt 1.337553 0.997347
vt 1.337553 0.646012
vt 0.665182 0.646012
vt 0.421097 0.339764
vt 0.610039 0.339764
vt 0.610039 0.532263
vt 0.421097 0.532263
vt 0.413414 0.244756
vt 0.665182 0.244756
vt 0.421097 0.411837
s 1
usemtl concrete_base.002
f 1557/2209/622 1537/2210/622 1508/2211/622 1504/2212/622
f 1557/2209/622 1560/2213/622 1537/2210/622
f 1535/2214/623 1536/2215/623 1510/2216/623 1508/2217/623 1537/2218/623
f 1536/2219/622 1539/2220/622 1515/2221/622 1510/2222/622
f 1535/2223/622 1540/2224/622 1539/2225/622
f 1546/2210/622 1558/2243/622 1557/2209/622 1504/2244/622 1528/2245/622
f 1558/2243/622 1561/2246/622 1560/2213/622 1557/2209/622
f 1548/2247/622 1561/2246/622 1546/2210/622
f 1550/2248/635 1549/2249/635 1546/2218/635 1528/2250/635 1529/2251/635
f 1552/2252/622 1550/2253/622 1529/2222/622 1530/2221/622
f 1552/2254/622 1553/2255/622 1549/2256/622
f 1538/2271/622 1506/2272/622 1507/2273/622 1537/2274/622
f 1548/2243/622 1546/2210/622 1509/2275/622 1505/2276/622 1547/2209/622
f 1512/2277/645 1540/2278/645 1535/2279/645 1537/2280/645 1507/2281/645
f 1549/2249/645 1553/2248/645 1511/2251/645 1509/2282/645 1546/2218/645
f 1539/2283/622 1540/2284/622 1512/2285/622 1513/2286/622
f 1552/2287/622 1514/2288/622 1511/2289/622 1553/2290/622
f 1549/2324/622 1550/2253/622 1552/2287/622
f 1539/2325/622 1536/2326/622 1535/2327/622
f 1561/2246/622 1558/2247/622 1546/2210/622
f 1561/2246/622 1548/2243/622 1547/2209/622 1560/2213/622
f 1560/2213/622 1559/2328/622 1538/2271/622 1537/2274/622
f 1567/2329/622 1564/2330/622 1565/2331/622 1566/2332/622
f 1568/2333/655 1567/2334/655 1566/2335/655 1569/2336/655
f 1583/2363/622 1571/2364/622 1568/2365/622 1569/2366/622 1570/2367/622 1582/2368/622
f 1588/2373/622 1583/2363/622 1582/2368/622 1590/2374/622
usemtl brick_modern_01.002
f 1515/2226/624 1539/2227/624 1541/2228/625 1518/2229/626
f 1518/2230/626 1541/2228/625 1542/2231/627 1521/2232/628
f 1521/2233/628 1542/2231/627 1543/2234/629 1524/2235/630
f 1524/2236/630 1543/2237/629 1544/2238/631 1526/2239/632
f 1526/2240/632 1544/2238/631 1545/2241/633 1503/2242/634
f 1551/2257/636 1552/2258/637 1530/2226/637 1531/2259/638
f 1554/2231/639 1551/2257/636 1531/2260/638 1532/2261/640
f 1555/2262/641 1554/2231/639 1532/2263/640 1533/2264/642
f 1534/2265/643 1556/2266/644 1555/2267/641 1533/2268/642
f 1503/2269/634 1545/2241/633 1556/2266/644 1534/2270/643
f 1541/2291/646 1539/2292/647 1513/2293/647 1516/2294/648
f 1514/2295/647 1552/2296/647 1551/2257/646 1517/2297/648
f 1519/2298/649 1542/2299/650 1541/2300/646 1516/2301/648
f 1551/2302/646 1554/2303/650 1520/2304/649 1517/2305/648
f 1522/2306/651 1543/2307/652 1542/2308/650 1519/2309/649
f 1520/2310/649 1554/2231/650 1555/2311/652 1523/2312/651
f 1544/2313/631 1543/2314/652 1522/2315/651 1525/2316/653
f 1527/2317/653 1523/2318/651 1555/2319/652 1556/2266/644
f 1545/2241/633 1544/2313/631 1525/2320/653 1501/2321/654
f 1502/2322/654 1527/2323/653 1556/2266/644 1545/2241/633
f 1587/2337/656 1580/2338/656 1584/2339/656 1586/2340/656
f 1582/2341/657 1570/2342/657 1572/2343/658 1580/2344/658
f 1581/2345/658 1573/2346/658 1571/2347/657 1583/2348/657
f 1584/2349/659 1580/2344/658 1572/2343/658 1574/2350/660 1575/2351/660 1573/2346/658 1581/2345/658 1585/2352/659
f 1574/2350/660 1576/2353/661 1577/2354/661 1575/2351/660
f 1576/2355/661 1578/2356/662 1579/2357/662 1577/2358/661
f 1578/2356/662 1562/2359/663 1563/2360/663 1579/2357/662
f 1589/2337/664 1581/2338/664 1583/2361/664 1588/2362/664
f 1582/2361/656 1580/2338/656 1587/2337/656 1590/2362/656
f 1586/2369/634 1584/2370/634 1585/2371/634 1591/2372/634
f 1591/2340/664 1585/2339/664 1581/2338/664 1589/2375/664
o Serwers_011.mesh.004
v 7.388483 4.797096 -8.120435
v 3.924000 4.797097 -8.120437
v 3.923999 -1.472444 -8.120437
v 7.388482 -1.472444 -8.120435
v 7.388483 -1.472444 -9.099927
v 3.924000 -1.472444 -9.099929
v 3.924000 -0.701551 -9.277760
v 7.388483 -0.701551 -9.277758
v 7.388484 -0.701551 -10.768444
v 3.924001 -0.701551 -10.768446
v 7.388484 0.656503 -11.422447
v 3.924001 0.656503 -11.422450
v 7.388484 2.163829 -11.422447
v 3.924001 2.163829 -11.422450
v 7.388484 3.521883 -10.768444
v 3.924001 3.521883 -10.768446
v 7.388484 4.461685 -9.589969
v 3.924001 4.461685 -9.589972
v 8.957298 -0.701551 -8.120434
v 8.957298 -0.701551 -9.277757
v 8.957300 -0.701551 -10.768442
v 8.957300 0.656503 -11.422447
v 8.957300 2.163829 -11.422447
v 8.957300 3.521883 -10.768442
v 8.957299 4.461685 -9.589968
v 8.957298 4.797096 -8.120434
v 7.388482 -0.701551 -8.120435
v 7.388482 -1.472444 -7.140943
v 3.923998 -1.472444 -7.140945
v 3.923998 -0.701551 -6.963114
v 7.388482 -0.701551 -6.963112
v 7.388481 -0.701551 -5.472426
v 3.923997 -0.701551 -5.472428
v 7.388480 0.656503 -4.818422
v 3.923997 0.656503 -4.818424
v 7.388480 2.163829 -4.818422
v 3.923997 2.163829 -4.818424
v 7.388481 3.521883 -5.472426
v 3.923998 3.521883 -5.472428
v 7.388482 4.461685 -6.650901
v 3.923999 4.461685 -6.650903
v 8.957297 -0.701551 -6.963110
v 8.957296 -0.701551 -5.472425
v 8.957296 0.656503 -4.818421
v 8.957296 2.163829 -4.818421
v 8.957296 3.521883 -5.472425
v 8.957297 4.461685 -6.650899
vn -0.0000 1.0000 -0.0000
vn -0.0000 0.2248 0.9744
vn -0.0000 0.4339 0.9010
vn -0.0000 0.2225 0.9749
vn -0.0000 -0.2225 0.9749
vn -0.0000 -0.6235 0.7818
vn -0.0000 -0.9010 0.4339
vn -0.0000 -1.0000 -0.0000
vn -1.0000 -0.0000 -0.0000
vn -0.0000 0.2248 -0.9744
vn -0.0000 0.4339 -0.9010
vn -0.0000 0.2225 -0.9749
vn -0.0000 -0.2225 -0.9749
vn -0.0000 -0.6235 -0.7818
vn -0.0000 -0.9010 -0.4339
vt -0.258957 1.006753
vt -0.258957 1.237606
vt 0.557576 1.237606
vt 0.557576 1.006753
vt -0.258957 0.195233
vt -0.258957 0.013544
vt 0.557576 0.013544
vt 0.557576 0.195233
vt -0.258957 0.646012
vt -0.258957 0.997347
vt 0.557576 0.997347
vt 0.557576 0.646012
vt 0.449827 0.005138
vt 0.449827 0.241734
vt -0.153743 0.241734
vt -0.153743 0.005138
vt 0.449827 0.241734
vt 0.449827 0.504334
vt -0.153743 0.504335
vt 0.449827 0.504334
vt 0.449827 0.740930
vt -0.153743 0.740930
vt 0.449827 0.533535
vt 0.449827 0.738845
vt -0.153743 0.738845
vt -0.153743 0.533535
vt 0.449827 0.738845
vt 0.449827 0.994861
vt -0.153743 0.994861
vt 0.723140 0.005138
vt 0.723140 0.241734
vt 0.774810 0.187630
vt 0.774810 1.065713
vt 0.540417 1.012215
vt 0.352449 0.862315
vt 0.248135 0.645704
vt 0.248135 0.405283
vt 0.352449 0.188672
vt 0.590215 0.188672
vt 0.723141 0.738845
vt 0.723141 0.994861
vt 0.723141 0.533535
vt 0.723141 0.738845
vt 0.723141 0.504334
vt 0.723140 0.740930
vt 0.927325 0.646012
vt 0.723141 0.241734
vt 0.723140 0.504334
vt 0.513563 0.642117
vt 0.513563 0.997997
vt 0.776097 0.997997
vt 0.776097 0.642117
vt 0.555361 0.005290
vt 0.555361 0.202338
vt 0.259536 0.202338
vt 0.304992 0.005290
vt 0.175407 0.642117
s 1
usemtl concrete_base.004
f 1597/2376/665 1594/2377/665 1595/2378/665 1596/2379/665
f 1598/2380/666 1597/2381/666 1596/2382/666 1599/2383/666
f 1601/2384/665 1598/2385/665 1599/2386/665 1600/2387/665
f 1600/2387/665 1599/2386/665 1612/2421/665
f 1611/2424/665 1599/2425/665 1618/2426/665 1610/2427/665
f 1595/2428/673 1618/2429/673 1599/2430/673 1596/2431/673
f 1612/2432/665 1599/2425/665 1611/2424/665
f 1620/2376/665 1619/2379/665 1595/2378/665 1594/2377/665
f 1621/2380/674 1622/2383/674 1619/2382/674 1620/2381/674
f 1624/2384/665 1623/2387/665 1622/2386/665 1621/2385/665
f 1623/2387/665 1634/2421/665 1622/2386/665
f 1633/2424/665 1610/2427/665 1618/2426/665 1622/2425/665
f 1595/2428/673 1619/2431/673 1622/2430/673 1618/2429/673
f 1634/2432/665 1633/2424/665 1622/2425/665
usemtl brick_modern_01.004
f 1600/2388/667 1602/2389/668 1603/2390/668 1601/2391/667
f 1602/2392/668 1604/2393/669 1605/2394/669 1603/2390/668
f 1604/2395/669 1606/2396/670 1607/2397/670 1605/2394/669
f 1606/2398/670 1608/2399/671 1609/2400/671 1607/2401/670
f 1608/2402/671 1592/2403/672 1593/2404/672 1609/2400/671
f 1602/2389/668 1600/2388/667 1612/2405/667 1613/2406/668
f 1610/2407/673 1617/2408/673 1616/2409/673 1615/2410/673 1614/2411/673 1613/2412/673 1612/2413/673 1611/2414/673
f 1592/2403/672 1608/2402/671 1616/2415/671 1617/2416/672
f 1608/2399/671 1606/2398/670 1615/2417/670 1616/2418/671
f 1606/2396/670 1604/2395/669 1614/2419/669 1615/2420/670
f 1604/2393/669 1602/2392/668 1613/2422/668 1614/2423/669
f 1623/2388/675 1624/2391/675 1626/2390/676 1625/2389/676
f 1625/2392/676 1626/2390/676 1628/2394/677 1627/2393/677
f 1627/2395/677 1628/2394/677 1630/2397/678 1629/2396/678
f 1629/2398/678 1630/2401/678 1632/2400/679 1631/2399/679
f 1631/2402/679 1632/2400/679 1593/2404/672 1592/2403/672
f 1625/2389/676 1635/2406/676 1634/2405/675 1623/2388/675
f 1610/2407/673 1633/2414/673 1634/2413/673 1635/2412/673 1636/2411/673 1637/2410/673 1638/2409/673 1617/2408/673
f 1592/2403/672 1617/2416/672 1638/2415/679 1631/2402/679
f 1631/2399/679 1638/2418/679 1637/2417/678 1629/2398/678
f 1629/2396/678 1637/2420/678 1636/2419/677 1627/2395/677
f 1627/2393/677 1636/2423/677 1635/2422/676 1625/2392/676
o Serwers_011.mesh.005
v -7.464482 4.797096 -8.120440
v -3.999999 4.797097 -8.120439
v -3.999999 -1.472444 -8.120439
v -7.464482 -1.472444 -8.120440
v -7.464482 -1.472444 -7.140947
v -3.999999 -1.472444 -7.140946
v -3.999999 -0.701551 -6.963115
v -7.464482 -0.701551 -6.963117
v -7.464483 -0.701551 -5.472431
v -4.000000 -0.701551 -5.472430
v -7.464483 0.656503 -4.818427
v -4.000000 0.656503 -4.818426
v -7.464483 2.163829 -4.818427
v -4.000000 2.163829 -4.818426
v -7.464483 3.521883 -5.472431
v -4.000000 3.521883 -5.472430
v -7.464483 4.461685 -6.650906
v -4.000000 4.461685 -6.650904
v -9.033298 -0.701551 -8.120440
v -9.033298 -0.701551 -6.963117
v -9.033298 -0.701551 -5.472431
v -9.033298 0.656503 -4.818427
v -9.033298 2.163829 -4.818427
v -9.033298 3.521883 -5.472431
v -9.033298 4.461685 -6.650906
v -9.033298 4.797096 -8.120440
v -7.464482 -0.701551 -8.120440
v -7.464482 -1.472444 -9.099932
v -3.999999 -1.472444 -9.099931
v -3.999999 -0.701551 -9.277761
v -7.464482 -0.701551 -9.277762
v -7.464481 -0.701551 -10.768448
v -3.999998 -0.701551 -10.768448
v -7.464481 0.656503 -11.422453
v -3.999998 0.656503 -11.422451
v -7.464481 2.163829 -11.422453
v -3.999998 2.163829 -11.422451
v -7.464481 3.521883 -10.768448
v -3.999998 3.521883 -10.768448
v -7.464482 4.461685 -9.589973
v -3.999999 4.461685 -9.589972
v -9.033298 -0.701551 -9.277763
v -9.033297 -0.701551 -10.768449
v -9.033297 0.656503 -11.422453
v -9.033297 2.163829 -11.422453
v -9.033298 3.521883 -10.768449
v -9.033298 4.461685 -9.589974
vn -0.0000 1.0000 -0.0000
vn -0.0000 0.2248 -0.9744
vn -0.0000 0.4339 -0.9010
vn -0.0000 0.2225 -0.9749
vn -0.0000 -0.2225 -0.9749
vn -0.0000 -0.6235 -0.7818
vn -0.0000 -0.9010 -0.4339
vn -0.0000 -1.0000 -0.0000
vn 1.0000 -0.0000 -0.0000
vn -0.0000 0.2248 0.9744
vn -0.0000 0.4339 0.9010
vn -0.0000 0.2225 0.9749
vn -0.0000 -0.2225 0.9749
vn -0.0000 -0.6235 0.7818
vn -0.0000 -0.9010 0.4339
vt -0.258957 1.006753
vt -0.258957 1.237606
vt 0.557576 1.237606
vt 0.557576 1.006753
vt -0.258957 0.195233
vt -0.258957 0.013544
vt 0.557576 0.013544
vt 0.557576 0.195233
vt -0.258957 0.646012
vt -0.258957 0.997347
vt 0.557576 0.997347
vt 0.557576 0.646012
vt 0.449827 0.005138
vt 0.449827 0.241734
vt -0.153743 0.241734
vt -0.153743 0.005138
vt 0.449827 0.241734
vt 0.449827 0.504334
vt -0.153743 0.504335
vt 0.449827 0.504334
vt 0.449827 0.740930
vt -0.153743 0.740930
vt 0.449827 0.533535
vt 0.449827 0.738845
vt -0.153743 0.738845
vt -0.153743 0.533535
vt 0.449827 0.738845
vt 0.449827 0.994861
vt -0.153743 0.994861
vt 0.723140 0.005138
vt 0.723140 0.241734
vt 0.774810 0.187630
vt 0.774810 1.065713
vt 0.540417 1.012215
vt 0.352449 0.862315
vt 0.248135 0.645704
vt 0.248135 0.405283
vt 0.352449 0.188672
vt 0.590215 0.188672
vt 0.723141 0.738845
vt 0.723141 0.994861
vt 0.723141 0.533535
vt 0.723141 0.738845
vt 0.723141 0.504334
vt 0.723140 0.740930
vt 0.927325 0.646012
vt 0.723141 0.241734
vt 0.723140 0.504334
vt 0.513563 0.642117
vt 0.513563 0.997997
vt 0.776097 0.997997
vt 0.776097 0.642117
vt 0.555361 0.005290
vt 0.555361 0.202338
vt 0.259536 0.202338
vt 0.304992 0.005290
vt 0.175407 0.642117
s 1
usemtl concrete_base.004
f 1644/2433/680 1641/2434/680 1642/2435/680 1643/2436/680
f 1645/2437/681 1644/2438/681 1643/2439/681 1646/2440/681
f 1648/2441/680 1645/2442/680 1646/2443/680 1647/2444/680
f 1647/2444/680 1646/2443/680 1659/2478/680
f 1658/2481/680 1646/2482/680 1665/2483/680 1657/2484/680
f 1642/2485/688 1665/2486/688 1646/2487/688 1643/2488/688
f 1659/2489/680 1646/2482/680 1658/2481/680
f 1667/2433/680 1666/2436/680 1642/2435/680 1641/2434/680
f 1668/2437/689 1669/2440/689 1666/2439/689 1667/2438/689
f 1671/2441/680 1670/2444/680 1669/2443/680 1668/2442/680
f 1670/2444/680 1681/2478/680 1669/2443/680
f 1680/2481/680 1657/2484/680 1665/2483/680 1669/2482/680
f 1642/2485/688 1666/2488/688 1669/2487/688 1665/2486/688
f 1681/2489/680 1680/2481/680 1669/2482/680
usemtl brick_modern_01.004
f 1647/2445/682 1649/2446/683 1650/2447/683 1648/2448/682
f 1649/2449/683 1651/2450/684 1652/2451/684 1650/2447/683
f 1651/2452/684 1653/2453/685 1654/2454/685 1652/2451/684
f 1653/2455/685 1655/2456/686 1656/2457/686 1654/2458/685
f 1655/2459/686 1639/2460/687 1640/2461/687 1656/2457/686
f 1649/2446/683 1647/2445/682 1659/2462/682 1660/2463/683
f 1657/2464/688 1664/2465/688 1663/2466/688 1662/2467/688 1661/2468/688 1660/2469/688 1659/2470/688 1658/2471/688
f 1639/2460/687 1655/2459/686 1663/2472/686 1664/2473/687
f 1655/2456/686 1653/2455/685 1662/2474/685 1663/2475/686
f 1653/2453/685 1651/2452/684 1661/2476/684 1662/2477/685
f 1651/2450/684 1649/2449/683 1660/2479/683 1661/2480/684
f 1670/2445/690 1671/2448/690 1673/2447/691 1672/2446/691
f 1672/2449/691 1673/2447/691 1675/2451/692 1674/2450/692
f 1674/2452/692 1675/2451/692 1677/2454/693 1676/2453/693
f 1676/2455/693 1677/2458/693 1679/2457/694 1678/2456/694
f 1678/2459/694 1679/2457/694 1640/2461/687 1639/2460/687
f 1672/2446/691 1682/2463/691 1681/2462/690 1670/2445/690
f 1657/2464/688 1680/2471/688 1681/2470/688 1682/2469/688 1683/2468/688 1684/2467/688 1685/2466/688 1664/2465/688
f 1639/2460/687 1664/2473/687 1685/2472/694 1678/2459/694
f 1678/2456/694 1685/2475/694 1684/2474/693 1676/2455/693
f 1676/2453/693 1684/2477/693 1683/2476/692 1674/2452/692
f 1674/2450/692 1683/2480/692 1682/2479/691 1672/2449/691
o SerwersP.003_mesh.006
v 0.534116 1.670940 -12.485724
v 0.534116 0.656504 -12.485724
v -0.534117 -0.701550 -12.485724
v -0.534117 0.656504 -12.485724
v 0.534116 -0.701550 -12.485724
v -0.534117 1.670939 -12.485724
v 1.240660 1.473388 -12.485724
v 1.240660 0.656503 -12.485724
v -1.240657 -0.701550 -12.485724
v -1.240658 0.656504 -12.485724
v 1.240661 -0.701550 -12.485724
v -1.240658 1.473388 -12.485724
v 0.000002 2.532912 -12.485724
v -0.566769 2.406060 -12.485724
v -0.995072 2.073721 -12.485724
v 0.995075 2.073720 -12.485724
v 0.566773 2.406060 -12.485724
v 1.240661 1.473388 -16.672445
v 1.240661 0.656503 -16.672445
v -1.240656 -0.701550 -16.672445
v -1.240656 0.656504 -16.672445
v 1.240662 -0.701550 -16.672445
v -1.240656 1.473388 -16.672445
v 0.000003 2.532912 -16.672445
v -0.566768 2.406060 -16.672445
v -0.995071 2.073721 -16.672445
v 0.995076 2.073720 -16.672445
v 0.566774 2.406060 -16.672445
vn -0.0000 -0.0000 -1.0000
vn -0.9812 -0.1929 -0.0000
vn -0.7963 -0.6049 -0.0000
vn 0.9812 -0.1929 -0.0000
vn 1.0000 -0.0000 -0.0000
vn -0.4260 -0.9047 -0.0000
vn -0.0000 -1.0000 -0.0000
vn 0.7963 -0.6049 -0.0000
vn 0.4260 -0.9047 -0.0000
vn -1.0000 -0.0000 -0.0000
vn -0.0000 1.0000 -0.0000
vt 0.470261 0.507944
vt 0.470261 0.194310
vt 0.251820 0.194310
vt 0.251820 0.446866
vt 0.090364 0.009287
vt 0.090364 0.997811
vt -0.423927 0.997811
vt -0.423928 0.009287
vt 0.800527 0.507944
vt 0.327748 0.632472
vt 0.460166 0.735221
vt 0.635395 0.774440
vt 0.810624 0.735221
vt 0.943042 0.632472
vt 1.018970 0.446867
vt 0.867928 0.997811
vt 0.867928 0.009287
vt 1.382217 0.009287
vt 1.382217 0.997811
vt 0.800527 0.194310
vt 1.018970 0.194310
vt 0.686815 0.597886
vt 0.686815 0.783491
vt -0.607595 0.783491
vt -0.607595 0.597886
vt 0.686815 0.597886
vt 0.686815 0.345330
vt -0.607595 0.345330
vt -0.607595 0.597886
vt 0.686815 0.324771
vt 0.686815 0.500000
vt -0.607595 0.500000
vt -0.607595 0.324771
vt 0.686815 0.783491
vt -0.607595 0.783491
vt 0.686815 0.192353
vt -0.607595 0.324771
vt -0.607595 0.192353
vt 0.686815 0.675229
vt -0.607595 0.675229
vt -0.607595 0.500000
vt 1.280762 0.009138
vt 1.280762 0.997661
vt -1.766741 0.997661
vt -1.766741 0.009137
vt -0.607595 0.345330
vt 0.686815 0.807647
vt -0.607595 0.807647
vt -0.607595 0.675229
vt 0.997824 0.994752
vt 0.997824 0.005248
vt -0.671763 0.005248
vt -0.671763 0.994752
vt -1.766741 0.009138
vt -1.766741 0.997661
s 1
usemtl brick_modern.001
f 1691/2490/695 1689/2491/695 1695/2492/695 1697/2493/695
f 1686/2498/695 1691/2490/695 1697/2493/695 1700/2499/695 1699/2500/695 1698/2501/695 1702/2502/695 1701/2503/695 1692/2504/695
f 1687/2509/695 1686/2498/695 1692/2504/695 1693/2510/695
f 1692/2511/696 1701/2512/697 1712/2513/697 1703/2514/696
f 1697/2515/698 1695/2516/699 1706/2517/699 1708/2518/698
f 1702/2519/700 1698/2520/701 1709/2521/701 1713/2522/700
f 1700/2523/702 1697/2515/698 1708/2514/698 1711/2524/702
f 1701/2525/697 1702/2519/700 1713/2526/700 1712/2527/697
f 1698/2520/701 1699/2528/703 1710/2529/703 1709/2530/701
f 1693/2516/704 1692/2511/696 1703/2514/696 1704/2535/704
f 1699/2528/703 1700/2536/702 1711/2537/702 1710/2538/703
usemtl concrete_bare_01.001
f 1690/2494/695 1687/2495/695 1693/2496/695 1696/2497/695
f 1689/2505/695 1688/2506/695 1694/2507/695 1695/2508/695
f 1696/2531/704 1693/2532/704 1704/2533/704 1707/2534/704
f 1695/2532/699 1694/2531/699 1705/2543/699 1706/2544/699
usemtl brick_pavement.001
f 1694/2539/705 1696/2540/705 1707/2541/705 1705/2542/705
o SerwersP_012.mesh.003
v 1.240660 1.473387 -12.529421
v 1.240660 0.656503 -12.529421
v -1.240657 -0.701551 -12.529422
v -1.240657 0.656503 -12.529422
v 1.240661 -0.701551 -12.529421
v -1.240658 1.473387 -12.529422
v 0.000002 2.532911 -12.529422
v -0.566769 2.406060 -12.529422
v -0.995072 2.073720 -12.529422
v 0.995075 2.073720 -12.529421
v 0.566773 2.406060 -12.529421
v 1.191394 1.463700 -12.529421
v 1.191394 0.656503 -12.529421
v -1.191391 -0.652284 -12.529422
v -1.191391 0.656503 -12.529422
v -0.954462 2.042873 -12.529422
v -1.191391 1.463700 -12.529422
v 1.191394 -0.652284 -12.529421
v 0.545269 2.360387 -12.529421
v 0.000002 2.482426 -12.529422
v -0.545265 2.360387 -12.529422
v 0.954464 2.042873 -12.529421
v 1.191393 1.463700 -12.412461
v 1.191394 0.656503 -12.412461
v -1.191391 -0.652284 -12.412462
v -1.191391 0.656503 -12.412462
v -0.954462 2.042873 -12.412462
v -1.191391 1.463700 -12.412462
v 1.191394 -0.652284 -12.412461
v 0.545269 2.360387 -12.412461
v 0.000002 2.482426 -12.412461
v -0.545265 2.360387 -12.412462
v 0.954464 2.042873 -12.412461
v 1.240660 1.473387 -12.412461
v 1.240660 0.656503 -12.412461
v -1.240657 -0.701551 -12.412462
v -1.240657 0.656503 -12.412462
v -0.995072 2.073720 -12.412462
v -1.240658 1.473387 -12.412462
v 1.240661 -0.701551 -12.412461
v 0.566773 2.406060 -12.412461
v 0.000002 2.532911 -12.412461
v -0.566769 2.406060 -12.412462
v 0.995075 2.073720 -12.412461
v 0.085845 2.462373 -12.491364
v 0.150528 2.462373 -12.491364
v 0.085845 2.462373 -12.450519
v 0.150528 2.462373 -12.450519
v 0.339897 2.421068 -12.491364
v 0.404580 2.421068 -12.491364
v 0.339897 2.421068 -12.450519
v 0.404580 2.421068 -12.450519
v 0.573959 -0.673868 -12.491364
v 0.573959 2.345064 -12.491364
v 0.638641 -0.673868 -12.491364
v 0.638642 2.345064 -12.491364
v 0.573959 -0.673868 -12.450519
v 0.573959 2.345064 -12.450519
v 0.638641 -0.673868 -12.450519
v 0.638642 2.345064 -12.450519
v 0.869372 -0.673868 -12.491364
v 0.869372 2.110582 -12.491364
v 0.934054 -0.673868 -12.491364
v 0.934055 2.110582 -12.491364
v 0.869372 -0.673868 -12.450519
v 0.869372 2.110582 -12.450519
v 0.934054 -0.673868 -12.450519
v 0.934055 2.110582 -12.450519
v -0.085842 2.462373 -12.491364
v -0.150525 2.462373 -12.491364
v -0.085842 2.462373 -12.450519
v -0.150525 2.462373 -12.450519
v -0.339894 2.421068 -12.491364
v -0.404577 2.421068 -12.491364
v -0.339894 2.421068 -12.450519
v -0.404577 2.421068 -12.450519
v -0.573956 -0.673868 -12.491364
v -0.573956 2.345064 -12.491364
v -0.638639 -0.673868 -12.491364
v -0.638639 2.345064 -12.491364
v -0.573956 -0.673868 -12.450519
v -0.573956 2.345064 -12.450519
v -0.638639 -0.673868 -12.450519
v -0.638639 2.345064 -12.450519
v -0.869369 -0.673868 -12.491364
v -0.869369 2.110582 -12.491364
v -0.934052 -0.673868 -12.491364
v -0.934052 2.110582 -12.491364
v -0.869369 -0.673868 -12.450519
v -0.869369 2.110582 -12.450519
v -0.934052 -0.673868 -12.450519
v -0.934052 2.110582 -12.450519
v 1.227154 -0.322067 -12.487714
v -1.211237 -0.322067 -12.487715
v 1.227154 -0.268944 -12.487714
v -1.211237 -0.268944 -12.487715
v 1.227154 -0.322067 -12.454168
v -1.211237 -0.322067 -12.454169
v 1.227154 -0.268944 -12.454168
v -1.211237 -0.268944 -12.454169
v 1.227154 0.393685 -12.487714
v -1.211236 0.393685 -12.487715
v 1.227154 0.446808 -12.487714
v -1.211236 0.446808 -12.487715
v 1.227154 0.393685 -12.454168
v -1.211236 0.393685 -12.454169
v 1.227154 0.446808 -12.454168
v -1.211236 0.446808 -12.454169
v 1.227154 1.383971 -12.487714
v -1.211236 1.383971 -12.487715
v 1.227154 1.437093 -12.487714
v -1.211236 1.437094 -12.487715
v 1.227154 1.383971 -12.454168
v -1.211236 1.383971 -12.454169
v 1.227154 1.437093 -12.454168
v -1.211236 1.437094 -12.454169
v 0.534331 -0.652284 -12.529421
v -0.534328 -0.652284 -12.529422
v 0.534331 -0.701551 -12.529421
v -0.534328 -0.701551 -12.529422
v 0.534331 -0.701551 -12.412461
v -0.534328 -0.701551 -12.412462
v 0.534331 -0.652284 -12.412461
v -0.534328 -0.652284 -12.412462
v 0.085845 1.365955 -12.491364
v 0.150528 1.365955 -12.491364
v 0.150528 1.365955 -12.450519
v 0.085845 1.365955 -12.450519
v 0.339897 1.365955 -12.491364
v 0.404579 1.365955 -12.491364
v 0.404579 1.365955 -12.450519
v 0.339897 1.365955 -12.450519
v -0.150525 1.365955 -12.491364
v -0.085842 1.365955 -12.491364
v -0.150525 1.365955 -12.450519
v -0.085842 1.365955 -12.450519
v -0.404577 1.365955 -12.491364
v -0.339894 1.365955 -12.491364
v -0.404577 1.365955 -12.450519
v -0.339894 1.365955 -12.450519
v 0.534331 -0.322067 -12.487715
v -0.534328 -0.322067 -12.487715
v 0.534331 -0.268944 -12.487715
v -0.534328 -0.268944 -12.487715
v 0.534331 -0.268944 -12.454168
v -0.534328 -0.268944 -12.454168
v 0.534331 -0.322067 -12.454168
v -0.534328 -0.322067 -12.454168
v 0.534331 0.393685 -12.487715
v -0.534328 0.393685 -12.487715
v 0.534331 0.446808 -12.487715
v -0.534328 0.446808 -12.487715
v 0.534331 0.446808 -12.454168
v -0.534328 0.446808 -12.454168
v 0.534331 0.393685 -12.454168
v -0.534328 0.393685 -12.454168
v 0.492941 -0.652284 -12.529421
v 0.492941 -0.652284 -12.412461
v -0.492938 -0.701551 -12.529422
v -0.492938 -0.701551 -12.412462
v -0.492938 -0.652284 -12.529422
v -0.492938 -0.652284 -12.412462
v 0.492941 -0.701551 -12.529421
v 0.492941 -0.701551 -12.412461
v 0.534331 1.338350 -12.529421
v 0.534331 1.338350 -12.412461
v -0.534328 1.338350 -12.529422
v -0.534328 1.338350 -12.412462
v 0.492941 1.338350 -12.529421
v 0.492941 1.338350 -12.412461
v -0.492938 1.338350 -12.529422
v -0.492938 1.338350 -12.412462
v 0.534331 1.372095 -12.529421
v 0.534331 1.372095 -12.412461
v -0.534328 1.372095 -12.529422
v -0.534328 1.372095 -12.412462
v 0.492941 1.372095 -12.529421
v 0.492941 1.372095 -12.412461
v -0.492938 1.372095 -12.529422
v -0.492938 1.372095 -12.412462
vn -0.0000 -0.0000 1.0000
vn -0.0000 -0.0000 -1.0000
vn -0.0000 -1.0000 -0.0000
vn 0.4260 -0.9047 -0.0000
vn -1.0000 -0.0000 -0.0000
vn -0.9812 -0.1929 -0.0000
vn 0.7963 -0.6049 -0.0000
vn 1.0000 -0.0000 -0.0000
vn -0.9812 0.1929 -0.0000
vn -0.7963 -0.6049 -0.0000
vn 0.9812 -0.1929 -0.0000
vn -0.0000 1.0000 -0.0000
vn 0.4260 0.9047 -0.0000
vn -0.4260 -0.9047 -0.0000
vn -0.4260 0.9047 -0.0000
vn 0.9812 0.1929 -0.0000
vn -0.7963 0.6049 -0.0000
vn 0.7963 0.6049 -0.0000
vt 0.302083 -0.410439
vt 0.302083 -0.448609
vt 0.934982 -0.448609
vt 0.927477 -0.410439
vt 0.302084 1.435675
vt -0.711928 1.435674
vt -0.750098 1.473845
vt 0.302083 1.473845
vt 1.376204 1.252109
vt 0.927476 1.435675
vt 0.934982 1.473845
vt 1.400103 1.283573
vt -0.711928 -0.410439
vt -0.750098 -0.448610
vt -0.750098 0.098635
vt -0.711928 0.098635
vt -0.711928 0.926601
vt -0.750098 0.926601
vt 1.622204 0.090161
vt 1.716757 0.512617
vt 1.755871 0.512617
vt 1.657590 0.073500
vt 1.622204 0.935075
vt 1.657590 0.951736
vt 1.376204 -0.226873
vt 1.400103 -0.258336
vt 0.450344 0.512617
vt 0.540961 0.512617
vt 0.540961 0.935075
vt 0.450344 0.935075
vt 0.450344 0.318505
vt 0.540961 0.318505
vt 0.540961 0.943898
vt 0.450344 0.943898
vt 0.450344 0.098635
vt 0.450344 -0.448610
vt 0.540961 -0.448610
vt 0.540961 0.098635
vt 0.540961 0.926601
vt 0.540961 1.473845
vt 0.450344 1.473845
vt 0.450344 0.926601
vt 0.540961 1.252109
vt 0.450344 1.252109
vt 0.450344 0.318505
vt 0.540961 0.318505
vt 0.540961 -0.695506
vt 0.450344 -0.695506
vt 0.540961 0.951403
vt 0.450344 0.951403
vt 0.540961 1.392625
vt 0.450344 1.392625
vt 0.540961 0.943898
vt 0.450344 0.943898
vt 0.540961 0.073500
vt 0.450344 0.073500
vt 0.450344 -0.226873
vt 0.540961 -0.226873
vt 0.540961 0.090161
vt 0.450344 0.090161
vt 0.450344 0.951736
vt 0.540961 0.951736
vt 0.450344 0.951404
vt 0.540961 0.951404
vt 0.540961 -0.410439
vt 0.450344 -0.410439
vt 0.450344 1.435674
vt 0.540961 1.435674
vt 0.450344 1.283573
vt 0.540961 1.283573
vt 0.450344 -0.733677
vt 0.540961 -0.733677
vt 0.450344 1.416524
vt 0.540961 1.416524
vt 0.540961 1.416524
vt 0.450344 1.416524
vt 0.540961 -0.258336
vt 0.450344 -0.258336
vt 1.701221 0.446109
vt 1.701221 0.395995
vt 0.851746 0.395995
vt 0.851746 0.446109
vt 0.479830 0.868168
vt 0.479830 1.717642
vt 0.511476 1.717642
vt 0.511476 0.868168
vt 1.669218 0.249277
vt 1.669218 0.199162
vt 0.851746 0.199162
vt 0.851746 0.249277
vt 0.479830 1.685640
vt 0.511476 1.685640
vt -0.728650 0.067932
vt 1.610333 0.067932
vt 1.610333 0.017818
vt -0.728650 0.017818
vt 0.479830 -0.712229
vt 0.479830 1.626754
vt 0.511476 1.626754
vt 0.511476 -0.712229
vt -0.728650 -0.160946
vt 1.428663 -0.160946
vt 1.428663 -0.211060
vt -0.728650 -0.211060
vt 0.479830 1.445084
vt 0.511476 1.445084
vt 0.851746 0.629241
vt 1.701221 0.629241
vt 1.701221 0.579127
vt 0.851746 0.579127
vt 0.851746 0.826073
vt 1.669218 0.826073
vt 1.669218 0.775959
vt 0.851746 0.775959
vt -0.728650 0.957304
vt -0.728650 1.007418
vt 1.610332 1.007418
vt 1.610332 0.957304
vt 0.479830 -0.712229
vt 0.511476 -0.712229
vt -0.728650 1.186181
vt -0.728650 1.236295
vt 1.428663 1.236295
vt 1.428663 1.186181
vt -0.414926 -0.438145
vt -0.456084 -0.438145
vt -0.456084 0.098635
vt -0.414927 0.098635
vt -0.456085 1.451051
vt -0.414927 1.451051
vt -0.414927 0.926601
vt -0.456085 0.926601
vt 0.508648 -0.438145
vt 0.482657 -0.438145
vt 0.482657 0.098635
vt 0.508648 0.098635
vt 0.482657 0.926601
vt 0.482657 1.451051
vt 0.508648 1.451051
vt 0.508648 0.926601
vt 0.098460 0.926601
vt 0.098460 1.451051
vt 0.139618 1.451051
vt 0.139618 0.926601
vt 0.139618 -0.438145
vt 0.098460 -0.438145
vt 0.098460 0.098635
vt 0.139618 0.098635
vt 0.865705 -0.438145
vt 0.865705 1.451051
vt 0.906863 1.451051
vt 0.906863 -0.438145
vt 0.508648 0.156039
vt 0.482657 0.156039
vt 0.482657 0.114881
vt 0.508648 0.114881
vt 0.508648 -0.398505
vt 0.482657 -0.398505
vt 0.482657 -0.439663
vt 0.508648 -0.439663
vt 0.540961 0.130702
vt 0.450344 0.130702
vt -0.711928 0.894534
vt -0.750098 0.894534
vt 0.508648 -0.439663
vt 0.482657 -0.439663
vt 0.479830 0.249277
vt 0.479830 0.199162
vt 0.511476 0.199162
vt 0.511476 0.249277
vt 0.479830 0.446109
vt 0.479830 0.395995
vt 0.511476 0.395995
vt 0.511476 0.446109
vt 0.479830 0.826073
vt 0.479830 0.775959
vt 0.511476 0.775959
vt 0.511476 0.826073
vt 0.479830 0.629241
vt 0.479830 0.579127
vt 0.511476 0.579127
vt 0.511476 0.629241
vt -0.750098 0.130702
vt -0.711928 0.130702
vt 0.540961 0.846781
vt 0.450344 0.846781
vt 0.830359 0.098635
vt 0.830359 0.130702
vt 0.450344 0.894534
vt 0.540961 0.894534
vt 0.830359 0.926601
vt 0.830359 0.894534
vt 0.856504 0.894534
vt 0.856504 0.926601
vt 0.540961 0.872925
vt 0.450344 0.872925
vt 0.856504 0.098635
vt 0.856504 0.130702
s 1
usemtl Metal.001
f 1737/2545/706 1748/2546/706 1747/2547/706 1736/2548/706
f 1726/2545/707 1725/2548/707 1714/2547/707 1715/2546/707
f 1728/2549/707 1727/2550/707 1716/2551/707 1717/2552/707
f 1729/2553/707 1730/2554/707 1719/2555/707 1722/2556/707
f 1731/2557/707 1726/2545/707 1715/2546/707 1718/2558/707
f 1731/2557/707 1718/2558/707 1832/2559/707 1830/2560/707
f 1727/2550/707 1831/2561/707 1833/2562/707 1716/2551/707
f 1730/2554/707 1728/2549/707 1717/2552/707 1719/2555/707
f 1732/2563/707 1733/2564/707 1720/2565/707 1724/2566/707
f 1733/2564/707 1734/2567/707 1721/2568/707 1720/2565/707
f 1734/2567/707 1729/2553/707 1722/2556/707 1721/2568/707
f 1725/2548/707 1735/2569/707 1723/2570/707 1714/2547/707
f 1735/2569/707 1732/2563/707 1724/2566/707 1723/2570/707
f 1739/2549/706 1750/2552/706 1749/2551/706 1738/2550/706
f 1740/2553/706 1751/2556/706 1752/2555/706 1741/2554/706
f 1742/2557/706 1753/2558/706 1748/2546/706 1737/2545/706
f 1834/2559/706 1753/2558/706 1742/2557/706 1836/2560/706
f 1837/2561/706 1738/2550/706 1749/2551/706 1835/2562/706
f 1741/2554/706 1752/2555/706 1750/2552/706 1739/2549/706
f 1743/2563/706 1754/2566/706 1755/2565/706 1744/2564/706
f 1744/2564/706 1755/2565/706 1756/2568/706 1745/2567/706
f 1745/2567/706 1756/2568/706 1751/2556/706 1740/2553/706
f 1736/2548/706 1747/2547/706 1757/2570/706 1746/2569/706
f 1746/2569/706 1757/2570/706 1754/2566/706 1743/2563/706
f 1733/2571/708 1744/2572/708 1745/2573/709 1734/2574/709
f 1726/2575/710 1737/2576/710 1736/2577/711 1725/2578/711
f 1832/2579/708 1718/2580/708 1753/2581/708 1834/2582/708
f 1835/2583/708 1749/2584/708 1716/2585/708 1833/2586/708
f 1734/2574/709 1745/2573/709 1740/2587/712 1729/2588/712
f 1728/2589/713 1739/2590/713 1738/2591/713 1727/2592/713
f 1717/2575/710 1750/2576/710 1752/2593/714 1719/2594/714
f 1725/2578/711 1736/2577/711 1746/2595/715 1735/2596/715
f 1729/2596/712 1740/2595/712 1741/2597/716 1730/2598/716
f 1720/2571/717 1755/2572/717 1754/2599/718 1724/2600/718
f 1735/2601/715 1746/2602/715 1743/2603/719 1732/2604/719
f 1731/2592/710 1742/2591/710 1737/2576/710 1726/2575/710
f 1721/2605/720 1756/2606/720 1755/2572/717 1720/2571/717
f 1714/2607/721 1747/2608/721 1748/2576/713 1715/2575/713
f 1742/2609/717 1731/2610/717 1830/2579/717 1836/2582/717
f 1831/2586/717 1727/2611/717 1738/2612/717 1837/2583/717
f 1722/2613/722 1751/2614/722 1756/2606/720 1721/2605/720
f 1716/2615/710 1749/2616/710 1750/2576/710 1717/2575/710
f 1730/2598/716 1741/2597/716 1739/2590/713 1728/2589/713
f 1723/2617/723 1757/2618/723 1747/2608/721 1714/2607/721
f 1719/2594/714 1752/2593/714 1751/2619/722 1722/2620/722
f 1732/2604/719 1743/2603/719 1744/2572/708 1733/2571/708
f 1724/2600/718 1754/2599/718 1757/2621/723 1723/2622/723
f 1715/2575/713 1748/2576/713 1753/2616/713 1718/2615/713
f 1758/2623/707 1759/2624/707 1839/2625/707 1838/2626/707
f 1839/2627/713 1759/2628/713 1761/2629/713 1840/2630/713
f 1761/2624/706 1760/2623/706 1841/2626/706 1840/2625/706
f 1841/2630/710 1760/2629/710 1758/2628/710 1838/2627/710
f 1762/2631/707 1763/2632/707 1843/2633/707 1842/2634/707
f 1843/2627/713 1763/2635/713 1765/2636/713 1844/2630/713
f 1765/2632/706 1764/2631/706 1845/2634/706 1844/2633/706
f 1845/2630/710 1764/2636/710 1762/2635/710 1842/2627/710
f 1766/2637/707 1767/2638/707 1769/2639/707 1768/2640/707
f 1768/2641/713 1769/2642/713 1773/2643/713 1772/2644/713
f 1772/2640/706 1773/2639/706 1771/2638/706 1770/2637/706
f 1770/2644/710 1771/2643/710 1767/2642/710 1766/2641/710
f 1774/2645/707 1775/2646/707 1777/2647/707 1776/2648/707
f 1776/2641/713 1777/2649/713 1781/2650/713 1780/2644/713
f 1780/2648/706 1781/2647/706 1779/2646/706 1778/2645/706
f 1778/2644/710 1779/2650/710 1775/2649/710 1774/2641/710
f 1846/2651/707 1783/2652/707 1782/2653/707 1847/2654/707
f 1848/2630/710 1785/2629/710 1783/2628/710 1846/2627/710
f 1849/2654/706 1784/2653/706 1785/2652/706 1848/2651/706
f 1847/2627/713 1782/2628/713 1784/2629/713 1849/2630/713
f 1850/2655/707 1787/2656/707 1786/2657/707 1851/2658/707
f 1852/2630/710 1789/2636/710 1787/2635/710 1850/2627/710
f 1853/2658/706 1788/2657/706 1789/2656/706 1852/2655/706
f 1851/2627/713 1786/2635/713 1788/2636/713 1853/2630/713
f 1790/2659/707 1792/2660/707 1793/2661/707 1791/2662/707
f 1792/2663/710 1796/2664/710 1797/2643/710 1793/2642/710
f 1796/2660/706 1794/2659/706 1795/2662/706 1797/2661/706
f 1794/2664/713 1790/2663/713 1791/2642/713 1795/2643/713
f 1798/2665/707 1800/2666/707 1801/2667/707 1799/2668/707
f 1800/2663/710 1804/2664/710 1805/2650/710 1801/2649/710
f 1804/2666/706 1802/2665/706 1803/2668/706 1805/2667/706
f 1802/2664/713 1798/2663/713 1799/2649/713 1803/2650/713
f 1808/2669/707 1806/2670/707 1854/2671/707 1856/2672/707
f 1807/2673/707 1809/2674/707 1857/2675/707 1855/2676/707
f 1812/2677/717 1808/2678/717 1856/2679/717 1858/2680/717
f 1857/2681/717 1809/2682/717 1813/2683/717 1859/2684/717
f 1810/2670/706 1812/2669/706 1858/2672/706 1860/2671/706
f 1859/2675/706 1813/2674/706 1811/2673/706 1861/2676/706
f 1854/2679/708 1806/2678/708 1810/2677/708 1860/2680/708
f 1861/2684/708 1811/2683/708 1807/2682/708 1855/2681/708
f 1863/2685/707 1815/2686/707 1817/2687/707 1865/2688/707
f 1816/2689/707 1814/2690/707 1862/2691/707 1864/2692/707
f 1865/2681/717 1817/2682/717 1821/2683/717 1867/2684/717
f 1820/2677/717 1816/2678/717 1864/2679/717 1866/2680/717
f 1867/2688/706 1821/2687/706 1819/2686/706 1869/2685/706
f 1868/2691/706 1818/2690/706 1820/2689/706 1866/2692/706
f 1869/2684/708 1819/2683/708 1815/2682/708 1863/2681/708
f 1862/2679/708 1814/2678/708 1818/2677/708 1868/2680/708
f 1822/2693/707 1823/2694/707 1825/2695/707 1824/2696/707
f 1824/2678/717 1825/2682/717 1829/2683/717 1828/2677/717
f 1828/2696/706 1829/2695/706 1827/2694/706 1826/2693/706
f 1826/2677/708 1827/2683/708 1823/2682/708 1822/2678/708
f 1866/2697/710 1864/2698/710 1862/2699/710 1868/2700/710
f 1858/2701/710 1856/2702/710 1854/2703/710 1860/2704/710
f 1832/2579/708 1834/2582/708 1877/2705/708 1876/2706/708
f 1863/2699/713 1865/2698/713 1867/2697/713 1869/2700/713
f 1833/2562/707 1831/2561/707 1874/2707/707 1872/2708/707
f 1857/2702/713 1859/2701/713 1861/2709/713 1855/2710/713
f 1842/2711/708 1843/2712/708 1844/2713/708 1845/2714/708
f 1838/2715/708 1839/2716/708 1840/2717/708 1841/2718/708
f 1850/2719/708 1851/2720/708 1853/2721/708 1852/2722/708
f 1846/2723/708 1847/2724/708 1849/2725/708 1848/2726/708
f 1870/2592/710 1876/2615/710 1877/2616/710 1871/2591/710
f 1873/2616/713 1872/2615/713 1874/2592/713 1875/2591/713
f 1830/2560/707 1832/2559/707 1876/2727/707 1870/2728/707
f 1837/2561/706 1835/2562/706 1873/2708/706 1875/2707/706
f 1834/2559/706 1836/2560/706 1871/2728/706 1877/2727/706
f 1870/2592/710 1871/2591/710 1883/2729/710 1882/2730/710
f 1871/2728/706 1836/2560/706 1879/2731/706 1883/2732/706
f 1835/2583/708 1833/2586/708 1872/2733/708 1873/2734/708
f 1881/2735/706 1885/2736/706 1893/2737/706 1889/2738/706
f 1880/2730/710 1881/2729/710 1889/2739/710 1888/2740/710
f 1837/2561/706 1875/2707/706 1885/2736/706 1881/2735/706
f 1875/2591/713 1874/2592/713 1884/2730/713 1885/2729/713
f 1830/2560/707 1870/2728/707 1882/2732/707 1878/2731/707
f 1836/2591/713 1830/2592/713 1878/2730/713 1879/2729/713
f 1874/2707/707 1831/2561/707 1880/2735/707 1884/2736/707
f 1831/2592/710 1837/2591/710 1881/2729/710 1880/2730/710
f 1887/2582/717 1886/2579/717 1890/2706/717 1891/2705/717
f 1888/2586/717 1889/2583/717 1893/2734/717 1892/2733/717
f 1884/2736/707 1880/2735/707 1888/2738/707 1892/2737/707
f 1892/2733/717 1893/2734/717 1891/2705/717 1890/2706/717
f 1879/2729/713 1878/2730/713 1886/2740/713 1887/2739/713
f 1883/2732/706 1879/2731/706 1887/2741/706 1891/2742/706
f 1878/2731/707 1882/2732/707 1890/2742/707 1886/2741/707
f 1884/2736/707 1892/2737/707 1890/2742/707 1882/2732/707
f 1893/2737/706 1885/2736/706 1883/2732/706 1891/2742/706
f 1885/2734/708 1884/2733/708 1882/2706/708 1883/2705/708
o SerwersP_013.003
v 0.485007 -0.669981 -12.437352
v -0.485005 -0.669981 -12.437352
v 0.485007 1.322058 -12.437352
v -0.485005 1.322058 -12.437352
v 0.453096 1.295088 -12.437352
v 0.453096 -0.643011 -12.437352
v -0.453094 -0.643011 -12.437352
v -0.453094 1.295088 -12.437352
v 0.453096 1.295088 -12.486571
v 0.453096 -0.643011 -12.486571
v -0.453094 -0.643011 -12.486571
v -0.453094 1.295088 -12.486571
v 0.485007 1.322058 -12.486571
v 0.485007 -0.669981 -12.486571
v -0.485005 -0.669981 -12.486571
v -0.485005 1.322058 -12.486571
v -0.476589 -0.455469 -12.472598
v -0.476589 -0.423818 -12.472598
v 0.476591 -0.455469 -12.472597
v 0.476591 -0.423818 -12.472597
v -0.476589 -0.455469 -12.451530
v -0.476589 -0.423818 -12.451530
v 0.476591 -0.455469 -12.451530
v 0.476591 -0.423818 -12.451530
v -0.476589 -0.195935 -12.472598
v -0.476589 -0.164284 -12.472598
v 0.476591 -0.195935 -12.472597
v 0.476591 -0.164285 -12.472597
v -0.476589 -0.195935 -12.451530
v -0.476589 -0.164284 -12.451530
v 0.476591 -0.195935 -12.451530
v 0.476591 -0.164285 -12.451530
v -0.476589 0.063599 -12.472598
v -0.476589 0.095249 -12.472598
v 0.476591 0.063599 -12.472597
v 0.476591 0.095249 -12.472597
v -0.476589 0.063599 -12.451530
v -0.476589 0.095249 -12.451530
v 0.476591 0.063599 -12.451530
v 0.476591 0.095249 -12.451530
v -0.476589 0.323133 -12.472598
v -0.476589 0.354783 -12.472598
v 0.476591 0.323133 -12.472597
v 0.476591 0.354783 -12.472597
v -0.476589 0.323133 -12.451530
v -0.476589 0.354783 -12.451530
v 0.476591 0.323133 -12.451530
v 0.476591 0.354783 -12.451530
v -0.476588 0.582667 -12.472598
v -0.476588 0.614317 -12.472598
v 0.476591 0.582667 -12.472598
v 0.476591 0.614317 -12.472598
v -0.476588 0.582667 -12.451530
v -0.476588 0.614317 -12.451530
v 0.476591 0.582667 -12.451530
v 0.476591 0.614317 -12.451530
v -0.476588 0.842201 -12.472598
v -0.476588 0.873851 -12.472598
v 0.476591 0.842200 -12.472598
v 0.476591 0.873851 -12.472598
v -0.476588 0.842201 -12.451530
v -0.476588 0.873851 -12.451530
v 0.476591 0.842200 -12.451530
v 0.476591 0.873851 -12.451530
v -0.476588 1.101734 -12.472598
v -0.476588 1.133385 -12.472598
v 0.476591 1.101734 -12.472598
v 0.476591 1.133385 -12.472598
v -0.476588 1.101734 -12.451530
v -0.476588 1.133385 -12.451530
v 0.476591 1.101734 -12.451530
v 0.476591 1.133385 -12.451530
v 0.267893 -0.645838 -12.463266
v 0.236243 -0.645838 -12.463266
v 0.267893 1.307698 -12.463267
v 0.236243 1.307698 -12.463267
v 0.267893 -0.645838 -12.442199
v 0.236243 -0.645838 -12.442199
v 0.267893 1.307698 -12.442200
v 0.236243 1.307698 -12.442200
v 0.008359 -0.645838 -12.463267
v -0.023291 -0.645838 -12.463267
v 0.008359 1.307698 -12.463267
v -0.023291 1.307698 -12.463267
v 0.008359 -0.645838 -12.442199
v -0.023291 -0.645838 -12.442199
v 0.008359 1.307698 -12.442200
v -0.023291 1.307698 -12.442200
v -0.251175 -0.645838 -12.463267
v -0.282826 -0.645838 -12.463267
v -0.251175 1.307698 -12.463267
v -0.282825 1.307698 -12.463267
v -0.251175 -0.645838 -12.442200
v -0.282826 -0.645838 -12.442200
v -0.251175 1.307698 -12.442200
v -0.282825 1.307698 -12.442200
v -0.466648 0.223298 -12.481317
v -0.466648 0.367843 -12.481317
v -0.276954 0.223298 -12.481316
v -0.276954 0.367843 -12.481316
v -0.466648 0.223298 -12.441607
v -0.466648 0.367843 -12.441607
v -0.276954 0.223298 -12.441607
v -0.276954 0.367843 -12.441607
v 0.482987 0.855941 -12.462883
v 0.482987 0.951375 -12.462883
v 0.488519 0.855941 -12.468414
v 0.488519 0.951375 -12.468414
v 0.488519 0.855941 -12.457352
v 0.488519 0.951375 -12.457352
v 0.494050 0.855941 -12.462883
v 0.494050 0.951375 -12.462883
v 0.482987 -0.090250 -12.462883
v 0.482987 -0.185685 -12.462883
v 0.488519 -0.090250 -12.468414
v 0.488519 -0.185685 -12.468414
v 0.488519 -0.090250 -12.457352
v 0.488519 -0.185685 -12.457352
v 0.494050 -0.090250 -12.462883
v 0.494050 -0.185685 -12.462883
vn -0.0000 -0.0000 1.0000
vn -0.0000 -0.0000 -1.0000
vn -0.0000 -1.0000 -0.0000
vn -1.0000 -0.0000 -0.0000
vn -0.0000 1.0000 -0.0000
vn 1.0000 -0.0000 -0.0000
vn -0.7071 -0.0000 -0.7071
vn 0.7071 -0.0000 -0.7071
vn 0.7071 -0.0000 0.7071
vn -0.7071 -0.0000 0.7071
vt -0.254602 0.149745
vt -0.275498 0.125019
vt 1.267960 0.125019
vt 1.247064 0.149745
vt 1.247064 0.851872
vt 1.267960 0.876598
vt -0.275498 0.876598
vt -0.254602 0.851872
vt 0.519623 0.149745
vt 0.519623 0.851872
vt 0.481488 0.851872
vt 0.481488 0.149745
vt 0.519623 -0.254602
vt 0.519623 1.247064
vt 0.481488 1.247064
vt 0.481488 -0.254602
vt 0.519623 0.125019
vt 0.519623 0.876598
vt 0.481488 0.876598
vt 0.481488 0.125019
vt 0.519623 -0.275498
vt 0.519623 1.267960
vt 0.481488 1.267960
vt 0.481488 -0.275498
vt -0.109291 0.870077
vt -0.084768 0.870077
vt -0.084768 0.131540
vt -0.109291 0.131540
vt 0.492315 0.131540
vt 0.508638 0.131540
vt 0.508638 0.870077
vt 0.492315 0.870077
vt 0.091799 0.870077
vt 0.116322 0.870077
vt 0.116322 0.131540
vt 0.091799 0.131540
vt 0.292889 0.870077
vt 0.317413 0.870077
vt 0.317413 0.131540
vt 0.292889 0.131540
vt 0.492315 0.131540
vt 0.508638 0.131540
vt 0.493980 0.870077
vt 0.518503 0.870077
vt 0.518503 0.131540
vt 0.493980 0.131540
vt 0.695070 0.870077
vt 0.719593 0.870077
vt 0.719593 0.131540
vt 0.695070 0.131540
vt 0.896160 0.870077
vt 0.920684 0.870077
vt 0.920684 0.131540
vt 0.896160 0.131540
vt 1.097251 0.870077
vt 1.121774 0.870077
vt 1.121774 0.131540
vt 1.097251 0.131540
vt -0.256792 0.293242
vt -0.256792 0.317765
vt 1.256834 0.317765
vt 1.256834 0.293242
vt 0.499544 1.256834
vt 0.515868 1.256834
vt 0.515868 -0.256792
vt 0.499544 -0.256792
vt -0.256792 0.494333
vt -0.256792 0.518856
vt 1.256834 0.518856
vt 1.256834 0.494333
vt -0.256792 0.695423
vt -0.256792 0.719946
vt 1.256834 0.719946
vt 1.256834 0.695423
vt 0.536441 0.741832
vt 0.536441 0.893909
vt 0.736019 0.893909
vt 0.736019 0.741832
vt 0.615341 0.741832
vt 0.615341 0.893909
vt 0.657119 0.893909
vt 0.657119 0.741832
vt 0.615341 0.917659
vt 0.657119 0.917659
vt 0.657119 0.718081
vt 0.615341 0.718081
vt 0.498021 0.800243
vt 0.498021 0.844894
vt 0.505838 0.844894
vt 0.505838 0.800243
vt 0.498020 0.800243
vt 0.498020 0.844894
vt 0.505837 0.844894
vt 0.505837 0.800243
vt 0.505838 0.800242
vt 0.505838 0.844893
vt 0.498022 0.844893
vt 0.498022 0.800242
vt 0.505836 0.800243
vt 0.505836 0.844894
vt 0.498020 0.844894
vt 0.498020 0.800243
vt 0.498020 0.505838
vt 0.505837 0.505838
vt 0.505837 0.498021
vt 0.498020 0.498022
vt 0.498020 0.505838
vt 0.498020 0.498022
vt 0.505837 0.498021
s 0
usemtl Metal.001
f 1899/2743/724 1894/2744/724 1896/2745/724 1898/2746/724
f 1901/2747/724 1897/2748/724 1895/2749/724 1900/2750/724
f 1898/2746/724 1896/2745/724 1897/2748/724 1901/2747/724
f 1900/2750/724 1895/2749/724 1894/2744/724 1899/2743/724
f 1903/2743/725 1902/2746/725 1906/2745/725 1907/2744/725
f 1905/2747/725 1904/2750/725 1908/2749/725 1909/2748/725
f 1902/2746/725 1905/2747/725 1909/2748/725 1906/2745/725
f 1904/2750/725 1903/2743/725 1907/2744/725 1908/2749/725
f 1898/2751/726 1901/2752/726 1905/2753/726 1902/2754/726
f 1899/2755/727 1898/2756/727 1902/2757/727 1903/2758/727
f 1894/2759/726 1895/2760/726 1908/2761/726 1907/2762/726
f 1895/2763/727 1897/2764/727 1909/2765/727 1908/2766/727
f 1900/2752/728 1899/2751/728 1903/2754/728 1904/2753/728
f 1901/2756/729 1900/2755/729 1904/2758/729 1905/2757/729
f 1897/2760/728 1896/2759/728 1906/2762/728 1909/2761/728
f 1896/2764/729 1894/2763/729 1907/2766/729 1906/2765/729
f 1910/2767/725 1911/2768/725 1913/2769/725 1912/2770/725
f 1916/2770/724 1917/2769/724 1915/2768/724 1914/2767/724
f 1912/2771/726 1916/2772/726 1914/2773/726 1910/2774/726
f 1917/2772/728 1913/2771/728 1911/2774/728 1915/2773/728
f 1918/2775/725 1919/2776/725 1921/2777/725 1920/2778/725
f 1924/2778/724 1925/2777/724 1923/2776/724 1922/2775/724
f 1920/2771/726 1924/2772/726 1922/2773/726 1918/2774/726
f 1925/2772/728 1921/2771/728 1919/2774/728 1923/2773/728
f 1926/2779/725 1927/2780/725 1929/2781/725 1928/2782/725
f 1932/2782/724 1933/2781/724 1931/2780/724 1930/2779/724
f 1928/2783/726 1932/2784/726 1930/2773/726 1926/2774/726
f 1933/2784/728 1929/2783/728 1927/2774/728 1931/2773/728
f 1934/2785/725 1935/2786/725 1937/2787/725 1936/2788/725
f 1940/2788/724 1941/2787/724 1939/2786/724 1938/2785/724
f 1936/2783/726 1940/2784/726 1938/2773/726 1934/2774/726
f 1941/2784/728 1937/2783/728 1935/2774/728 1939/2773/728
f 1942/2789/725 1943/2790/725 1945/2791/725 1944/2792/725
f 1948/2792/724 1949/2791/724 1947/2790/724 1946/2789/724
f 1944/2783/726 1948/2784/726 1946/2773/726 1942/2774/726
f 1949/2784/728 1945/2783/728 1943/2774/728 1947/2773/728
f 1950/2793/725 1951/2794/725 1953/2795/725 1952/2796/725
f 1956/2796/724 1957/2795/724 1955/2794/724 1954/2793/724
f 1952/2783/726 1956/2784/726 1954/2773/726 1950/2774/726
f 1957/2784/728 1953/2783/728 1951/2774/728 1955/2773/728
f 1958/2797/725 1959/2798/725 1961/2799/725 1960/2800/725
f 1964/2800/724 1965/2799/724 1963/2798/724 1962/2797/724
f 1960/2783/726 1964/2784/726 1962/2773/726 1958/2774/726
f 1965/2784/728 1961/2783/728 1959/2774/728 1963/2773/728
f 1966/2801/725 1967/2802/725 1969/2803/725 1968/2804/725
f 1972/2804/724 1973/2803/724 1971/2802/724 1970/2801/724
f 1968/2805/729 1972/2806/729 1970/2807/729 1966/2808/729
f 1973/2806/727 1969/2805/727 1967/2808/727 1971/2807/727
f 1974/2809/725 1975/2810/725 1977/2811/725 1976/2812/725
f 1980/2812/724 1981/2811/724 1979/2810/724 1978/2809/724
f 1976/2805/729 1980/2806/729 1978/2807/729 1974/2808/729
f 1981/2806/727 1977/2805/727 1975/2808/727 1979/2807/727
f 1982/2813/725 1983/2814/725 1985/2815/725 1984/2816/725
f 1988/2816/724 1989/2815/724 1987/2814/724 1986/2813/724
f 1984/2805/729 1988/2806/729 1986/2807/729 1982/2808/729
f 1989/2806/727 1985/2805/727 1983/2808/727 1987/2807/727
f 1990/2817/725 1991/2818/725 1993/2819/725 1992/2820/725
f 1992/2821/729 1993/2822/729 1997/2823/729 1996/2824/729
f 1996/2820/724 1997/2819/724 1995/2818/724 1994/2817/724
f 1994/2824/727 1995/2823/727 1991/2822/727 1990/2821/727
f 1992/2825/726 1996/2826/726 1994/2827/726 1990/2828/726
f 1997/2826/728 1993/2825/728 1991/2828/728 1995/2827/728
f 1998/2829/730 1999/2830/730 2001/2831/730 2000/2832/730
f 2000/2833/731 2001/2834/731 2005/2835/731 2004/2836/731
f 2004/2837/732 2005/2838/732 2003/2839/732 2002/2840/732
f 2002/2841/733 2003/2842/733 1999/2843/733 1998/2844/733
f 2000/2845/726 2004/2846/726 2002/2847/726 1998/2848/726
f 2005/2846/728 2001/2849/728 1999/2850/728 2003/2851/728
f 2006/2829/730 2008/2832/730 2009/2831/730 2007/2830/730
f 2008/2833/731 2012/2836/731 2013/2835/731 2009/2834/731
f 2012/2837/732 2010/2840/732 2011/2839/732 2013/2838/732
f 2010/2841/733 2006/2844/733 2007/2843/733 2011/2842/733
f 2008/2845/728 2006/2848/728 2010/2847/728 2012/2846/728
f 2013/2846/726 2011/2851/726 2007/2850/726 2009/2849/726
o SerwersP_010.mesh.003
v 0.534117 0.656503 -16.955835
v -0.534115 0.656503 -16.955835
v 1.240662 1.473387 -16.955835
v 1.240662 0.656503 -16.955835
v -1.240656 -0.701551 -16.955835
v -1.240656 0.656503 -16.955835
v 1.240662 -0.701551 -16.955835
v -1.240656 1.473387 -16.955835
v 0.000004 2.532911 -16.955835
v -0.566767 2.406060 -16.955835
v -0.995071 2.073720 -16.955835
v 0.995076 2.073720 -16.955835
v 0.566774 2.406060 -16.955835
v 0.534117 0.656503 -16.659765
v -0.534115 0.656503 -16.659765
v 1.240662 1.473387 -16.659765
v 1.240662 0.656503 -16.659765
v -1.240656 -0.701551 -16.659765
v -1.240656 0.656503 -16.659765
v -0.995071 2.073720 -16.659765
v -1.240656 1.473387 -16.659765
v 1.240662 -0.701551 -16.659765
v 0.566774 2.406060 -16.659765
v 0.000004 2.532911 -16.659765
v -0.566767 2.406060 -16.659765
v 0.995076 2.073720 -16.659765
vn -0.0000 -0.0000 -1.0000
vn -0.0000 -0.0000 1.0000
vn -1.0000 -0.0000 -0.0000
vn -0.9812 0.1929 -0.0000
vn -0.7963 0.6049 -0.0000
vn 1.0000 -0.0000 -0.0000
vn -0.0000 1.0000 -0.0000
vn 0.4260 0.9047 -0.0000
vn -0.4260 0.9047 -0.0000
vn -0.0000 -1.0000 -0.0000
vn 0.7963 0.6049 -0.0000
vn 0.9812 0.1929 -0.0000
vt 0.470261 0.194310
vt 0.251820 0.194310
vt 0.251820 0.446866
vt -0.423928 0.009287
vt 1.382217 0.009287
vt 1.382217 0.997811
vt 0.867928 0.997811
vt 0.090364 0.997811
vt -0.423927 0.997811
vt 0.800527 0.194310
vt 1.018970 0.446867
vt 0.943042 0.632472
vt 0.810624 0.735221
vt 0.635395 0.774440
vt 0.460166 0.735221
vt 0.327748 0.632472
vt 1.018970 0.194310
vt 0.392489 0.006852
vt 0.607511 0.006852
vt 0.607511 0.993148
vt 0.392489 0.993148
vt 0.454232 0.603908
vt 0.545768 0.603908
vt 0.545768 0.789513
vt 0.454232 0.789513
vt 0.454232 0.500000
vt 0.545768 0.500000
vt 0.545768 0.324771
vt 0.454232 0.324771
vt 0.454232 0.351352
vt 0.545768 0.351352
vt 0.454232 0.675229
vt 0.545768 0.675229
vt 0.454232 0.116425
vt 0.545768 0.116425
vt 0.545768 0.883575
vt 0.454232 0.883575
vt 0.454232 0.807647
vt 0.545768 0.807647
vt 0.454232 0.789513
vt 0.545768 0.789513
vt 0.545768 0.603908
vt 0.454232 0.603908
vt 0.545768 0.192353
vt 0.454232 0.192353
s 1
usemtl brick_modern.003
f 2015/2852/734 2019/2853/734 2021/2854/734
f 2028/2852/735 2027/2861/735 2029/2862/735 2039/2863/735 2036/2864/735 2037/2865/735 2038/2866/735 2033/2867/735 2034/2854/735
f 2014/2861/734 2016/2862/734 2017/2868/734
f 2028/2852/735 2034/2854/735 2032/2853/735
f 2027/2861/735 2030/2868/735 2029/2862/735
f 2021/2873/737 2034/2874/737 2033/2875/738 2024/2876/738
f 2022/2877/740 2037/2878/740 2036/2879/741 2026/2880/741
f 2019/2881/736 2032/2882/736 2034/2874/737 2021/2873/737
f 2023/2883/742 2038/2884/742 2037/2878/740 2022/2877/740
f 2024/2889/738 2033/2890/738 2038/2884/742 2023/2883/742
f 2025/2891/744 2039/2892/744 2029/2893/745 2016/2894/745
f 2016/2894/745 2029/2893/745 2030/2882/739 2017/2881/739
f 2026/2880/741 2036/2879/741 2039/2895/744 2025/2896/744
f 2015/2852/734 2021/2854/734 2024/2867/734 2023/2866/734 2022/2865/734 2026/2864/734 2025/2863/734 2016/2862/734 2014/2861/734
usemtl concrete_bare_01.003
f 2020/2855/734 2018/2856/734 2019/2857/734 2015/2858/734 2014/2859/734 2017/2860/734
f 2027/2859/735 2028/2858/735 2032/2857/735 2031/2856/735 2035/2855/735 2030/2860/735
f 2018/2869/736 2031/2870/736 2032/2871/736 2019/2872/736
f 2017/2872/739 2030/2871/739 2035/2870/739 2020/2869/739
f 2020/2885/743 2035/2886/743 2031/2887/743 2018/2888/743
o SerwersMx_001.mesh.003
v 26.288225 4.797096 0.000006
v 17.514364 4.797096 0.000005
v 21.901295 4.797096 -4.386925
v 21.901295 -1.472445 -4.386925
v 17.514364 -1.472444 0.000005
v 26.288225 -1.472445 0.000007
v 26.288225 -1.472445 -0.979486
v 22.880787 -1.472445 -4.386925
v 17.514364 -1.472444 -0.979488
v 23.058619 -0.701552 -4.386925
v 17.514364 -0.701551 -1.157319
v 26.288225 -0.701552 -1.157317
v 26.288225 -0.701552 -2.648003
v 17.514364 -0.701551 -2.648004
v 24.549305 -0.701552 -4.386925
v 26.288225 0.656502 -3.302007
v 17.514364 0.656503 -3.302009
v 25.203308 0.656502 -4.386925
v 26.288225 2.163828 -3.302007
v 17.514364 2.163829 -3.302009
v 25.203308 2.163828 -4.386925
v 26.288225 3.521882 -2.648003
v 17.514364 3.521883 -2.648005
v 24.549305 3.521882 -4.386925
v 26.288225 4.461684 -1.469529
v 23.370831 4.461684 -4.386925
v 17.514364 4.461685 -1.469530
v 20.921803 -1.472445 -4.386925
v 20.743973 -0.701552 -4.386925
v 19.253286 -0.701551 -4.386926
v 18.599283 0.656502 -4.386926
v 18.599283 2.163828 -4.386926
v 19.253286 3.521882 -4.386926
v 20.431761 4.461684 -4.386926
v 23.058619 -0.701551 -1.157318
v 23.058619 -0.701551 -2.648004
v 22.880787 -1.472445 -0.979487
v 22.880787 -1.472445 0.000006
v 24.549303 -0.701552 -2.648003
v 24.549303 -0.701552 -1.157318
v 25.203308 0.656502 -3.302008
v 25.203308 2.163828 -3.302008
v 24.549305 3.521882 -2.648004
v 23.370829 4.461684 -1.469529
v 21.901295 4.797096 0.000006
v 20.921803 -1.472445 -0.979487
v 20.921803 -1.472445 0.000006
v 20.921803 -1.472445 -0.631374
v 20.743971 -0.701551 -1.157318
v 20.743973 -0.701551 -2.648004
v 18.599281 0.656502 -3.302009
v 19.253286 -0.701551 -2.648004
v 19.253286 -0.701551 -1.157318
v 18.599281 2.163828 -3.302009
v 19.253286 3.521883 -2.648004
v 20.431761 4.461684 -1.469529
v 21.901295 -1.472445 -0.979487
v 21.269915 -1.472445 -0.979487
v 22.391041 -1.472445 0.000006
v 21.901295 -1.472445 0.000006
v 21.328760 -1.472445 -0.572529
v 17.514364 4.797097 0.000004
v 26.288509 4.797096 0.000007
v 26.288225 -1.472445 0.000007
v 17.514364 -1.472444 0.000004
v 17.514364 -1.472444 0.979497
v 26.288225 -1.472445 0.979499
v 26.288509 -0.701551 1.157330
v 17.514364 -0.701550 1.157328
v 17.514362 -0.701550 2.648013
v 26.288509 -0.701551 2.648016
v 17.514362 0.656503 3.302017
v 26.288509 0.656503 3.302020
v 17.514362 2.163829 3.302017
v 26.288509 2.163829 3.302020
v 17.514362 3.521883 2.648013
v 26.288509 3.521882 2.648016
v 17.514364 4.461685 1.469539
v 26.288509 4.461684 1.469541
v 21.367180 0.656503 3.302019
v 22.435413 0.656503 3.302019
v 21.367180 -0.701551 2.648015
v 22.435413 -0.701551 2.648015
v 21.367182 1.670939 3.302019
v 22.435413 1.670939 3.302019
v 21.367180 1.670939 4.350510
v 21.367180 0.656503 4.350510
v 22.435413 -0.701551 4.350510
v 22.435413 0.656503 4.350510
v 21.367180 -0.701551 4.350510
v 22.435413 1.670939 4.350510
vn -0.0000 1.0000 -0.0000
vn -0.9744 0.2248 -0.0000
vn -0.9010 0.4339 -0.0000
vn -0.9687 0.2481 -0.0000
vn -0.9749 0.2225 -0.0000
vn -0.9687 -0.2481 -0.0000
vn -0.9749 -0.2225 -0.0000
vn -0.7350 -0.6781 -0.0000
vn -0.7818 -0.6235 -0.0000
vn -0.1758 -0.9686 0.1758
vn -0.4339 -0.9010 -0.0000
vn -0.0000 -0.9936 0.1134
vn -0.0000 -1.0000 -0.0000
vn 0.9744 0.2248 -0.0000
vn 0.9687 0.2481 -0.0000
vn 0.9010 0.4339 -0.0000
vn 0.9749 0.2225 -0.0000
vn 0.9687 -0.2481 -0.0000
vn 0.9749 -0.2225 -0.0000
vn 0.7350 -0.6781 -0.0000
vn 0.7818 -0.6235 -0.0000
vn 0.4339 -0.9010 -0.0000
vn 0.1758 -0.9686 0.1758
vn -0.0000 0.2248 0.9744
vn -0.0000 0.2481 0.9687
vn -0.0000 0.4339 0.9010
vn -0.0000 0.2225 0.9749
vn -0.0000 -0.2225 0.9749
vn -0.0000 -0.2481 0.9687
vn -0.0000 -0.6235 0.7818
vn -0.0000 -0.6781 0.7350
vn -0.0000 -0.9010 0.4339
vn -0.0000 -0.9749 0.2225
vn -0.0000 0.2248 -0.9744
vn 1.0000 -0.0000 -0.0000
vn -0.0000 0.4339 -0.9010
vn -0.0000 0.2225 -0.9749
vn -0.0000 -0.0000 -1.0000
vn -0.0000 -0.2225 -0.9749
vn -0.0000 -0.6235 -0.7818
vn -0.0000 -0.9010 -0.4339
vn -0.0000 -0.9749 -0.2225
vn -1.0000 -0.0000 -0.0000
vt 0.308444 1.237606
vt 0.308444 1.006753
vt -0.494644 1.006753
vt -0.494644 1.237606
vt 0.539298 1.237606
vt 0.266532 0.195233
vt -0.084803 0.195233
vt -0.494644 0.195233
vt -0.494644 0.013544
vt 0.308444 0.013544
vt -0.084803 0.997347
vt -0.084803 0.646012
vt -0.494644 0.646012
vt -0.494644 0.997347
vt 0.736117 0.995588
vt 1.040246 0.995588
vt 1.040246 0.691459
vt -0.327959 0.005138
vt -0.025010 0.005138
vt -0.138949 0.241734
vt -0.327959 0.241734
vt -0.327959 0.241734
vt -0.138949 0.504335
vt -0.327959 0.504334
vt -0.327959 0.504335
vt -0.025010 0.740930
vt -0.327959 0.740930
vt -0.327959 0.533535
vt -0.025010 0.533535
vt 0.180299 0.738845
vt -0.327959 0.738845
vt -0.327959 0.738845
vt 0.436316 0.994861
vt -0.327959 0.994861
vt 0.308444 1.088799
vt -0.494644 1.237607
vt -0.494644 1.006753
vt 0.404359 1.102668
vt 0.390490 1.006753
vt -0.084803 0.195233
vt 0.266532 0.195233
vt -0.494644 0.013544
vt -0.494644 0.195233
vt -0.084803 0.646012
vt -0.084803 0.997347
vt -0.040246 0.691459
vt -0.040246 0.995588
vt 0.263883 0.995588
vt -0.138949 0.241734
vt -0.025010 0.005138
vt -0.327959 0.241734
vt -0.327959 0.241734
vt -0.327959 0.504334
vt -0.025010 0.740930
vt -0.327959 0.504335
vt -0.327959 0.740930
vt -0.327959 0.738845
vt 0.180299 0.738845
vt -0.025010 0.533535
vt -0.327959 0.533535
vt -0.327959 0.994861
vt -0.327959 0.738845
vt 0.770151 1.236073
vt 1.573239 1.237779
vt 1.573239 1.007217
vt 0.770151 1.006753
vt -0.494644 1.006753
vt -0.494644 1.237606
vt 1.573239 0.195233
vt 1.163398 0.195233
vt 0.812064 0.195233
vt 0.770151 0.013544
vt 1.573240 0.013544
vt -0.494644 0.013544
vt 1.163399 0.646012
vt 1.163399 0.997347
vt 1.573240 0.997347
vt 1.573240 0.646012
vt -0.084803 0.684337
vt -0.499574 0.684337
vt -0.499574 0.997347
vt -0.084803 0.997347
vt 1.011581 0.241734
vt 0.897642 0.005138
vt 1.200591 0.005138
vt 1.200591 0.241734
vt -0.327959 0.005138
vt -0.025010 0.005138
vt -0.327959 0.241734
vt 0.921226 0.502913
vt 1.109877 0.502913
vt 1.109877 0.240812
vt 0.921226 0.240812
vt 0.920944 0.240812
vt 0.920944 0.502913
vt 1.109596 0.502913
vt 1.109596 0.240812
vt 1.200591 0.740930
vt 0.897642 0.740930
vt 1.011581 0.504334
vt 1.200592 0.504334
vt -0.327959 0.504335
vt -0.025010 0.740930
vt -0.327959 0.740930
vt 0.692333 0.738845
vt 0.897642 0.533535
vt 1.200591 0.533535
vt 1.200591 0.738845
vt -0.327959 0.738845
vt -0.327959 0.533535
vt -0.025010 0.533535
vt 1.200591 0.738845
vt 1.200591 0.994862
vt -0.327959 0.994861
vt -0.327959 0.738845
vt 0.266532 0.997347
vt 0.002985 0.647853
vt 0.002985 0.999616
vt 0.354747 0.999616
vt 0.654724 1.237606
vt -0.258957 1.006753
vt -0.258957 1.237606
vt 1.337553 1.237606
vt 1.337553 1.006753
vt -0.258957 0.195233
vt -0.258957 0.013544
vt 1.337553 0.013544
vt 1.337553 0.195233
vt 0.421097 0.411837
vt 0.610039 0.411837
vt 0.610039 0.594642
vt 0.421097 0.594642
vt 0.529368 0.005138
vt 1.026375 0.005138
vt 1.026375 0.241734
vt 0.529368 0.241734
vt 0.343264 0.241734
vt -0.153743 0.241734
vt -0.153743 0.005138
vt 0.343264 0.005138
vt 0.529368 0.418465
vt 1.026375 0.504334
vt -0.153743 0.504335
vt 0.343264 0.418465
vt 1.026375 0.740930
vt -0.153743 0.740930
vt 1.026375 0.533535
vt 1.026375 0.738845
vt -0.153743 0.738845
vt -0.153743 0.533535
vt 1.026375 0.994861
vt -0.153743 0.994861
vt 0.727893 0.167111
vt 0.421097 0.167111
vt 0.413414 0.646012
vt -0.258957 0.646012
vt -0.258957 0.997347
vt 1.337553 0.997347
vt 1.337553 0.646012
vt 0.665182 0.646012
vt 0.421097 0.339764
vt 0.610039 0.339764
vt 0.610039 0.532263
vt 0.421097 0.532263
vt 0.413414 0.244756
vt 0.665182 0.244756
vt 0.421097 0.411837
s 1
usemtl concrete_base.002
f 2096/2897/746 2076/2898/746 2047/2899/746 2043/2900/746
f 2096/2897/746 2099/2901/746 2076/2898/746
f 2074/2902/747 2075/2903/747 2049/2904/747 2047/2905/747 2076/2906/747
f 2075/2907/746 2078/2908/746 2054/2909/746 2049/2910/746
f 2074/2911/746 2079/2912/746 2078/2913/746
f 2085/2898/746 2097/2931/746 2096/2897/746 2043/2932/746 2067/2933/746
f 2097/2931/746 2100/2934/746 2099/2901/746 2096/2897/746
f 2087/2935/746 2100/2934/746 2085/2898/746
f 2089/2936/759 2088/2937/759 2085/2906/759 2067/2938/759 2068/2939/759
f 2091/2940/746 2089/2941/746 2068/2910/746 2069/2909/746
f 2091/2942/746 2092/2943/746 2088/2944/746
f 2077/2959/746 2045/2960/746 2046/2961/746 2076/2962/746
f 2087/2931/746 2085/2898/746 2048/2963/746 2044/2964/746 2086/2897/746
f 2051/2965/769 2079/2966/769 2074/2967/769 2076/2968/769 2046/2969/769
f 2088/2937/769 2092/2936/769 2050/2939/769 2048/2970/769 2085/2906/769
f 2078/2971/746 2079/2972/746 2051/2973/746 2052/2974/746
f 2091/2975/746 2053/2976/746 2050/2977/746 2092/2978/746
f 2088/3012/746 2089/2941/746 2091/2975/746
f 2078/3013/746 2075/3014/746 2074/3015/746
f 2100/2934/746 2097/2935/746 2085/2898/746
f 2100/2934/746 2087/2931/746 2086/2897/746 2099/2901/746
f 2099/2901/746 2098/3016/746 2077/2959/746 2076/2962/746
f 2106/3017/746 2103/3018/746 2104/3019/746 2105/3020/746
f 2107/3021/779 2106/3022/779 2105/3023/779 2108/3024/779
f 2122/3051/746 2110/3052/746 2107/3053/746 2108/3054/746 2109/3055/746 2121/3056/746
f 2127/3061/746 2122/3051/746 2121/3056/746 2129/3062/746
usemtl brick_modern_01.002
f 2054/2914/748 2078/2915/748 2080/2916/749 2057/2917/750
f 2057/2918/750 2080/2916/749 2081/2919/751 2060/2920/752
f 2060/2921/752 2081/2919/751 2082/2922/753 2063/2923/754
f 2063/2924/754 2082/2925/753 2083/2926/755 2065/2927/756
f 2065/2928/756 2083/2926/755 2084/2929/757 2042/2930/758
f 2090/2945/760 2091/2946/761 2069/2914/761 2070/2947/762
f 2093/2919/763 2090/2945/760 2070/2948/762 2071/2949/764
f 2094/2950/765 2093/2919/763 2071/2951/764 2072/2952/766
f 2073/2953/767 2095/2954/768 2094/2955/765 2072/2956/766
f 2042/2957/758 2084/2929/757 2095/2954/768 2073/2958/767
f 2080/2979/770 2078/2980/771 2052/2981/771 2055/2982/772
f 2053/2983/771 2091/2984/771 2090/2945/770 2056/2985/772
f 2058/2986/773 2081/2987/774 2080/2988/770 2055/2989/772
f 2090/2990/770 2093/2991/774 2059/2992/773 2056/2993/772
f 2061/2994/775 2082/2995/776 2081/2996/774 2058/2997/773
f 2059/2998/773 2093/2919/774 2094/2999/776 2062/3000/775
f 2083/3001/755 2082/3002/776 2061/3003/775 2064/3004/777
f 2066/3005/777 2062/3006/775 2094/3007/776 2095/2954/768
f 2084/2929/757 2083/3001/755 2064/3008/777 2040/3009/778
f 2041/3010/778 2066/3011/777 2095/2954/768 2084/2929/757
f 2126/3025/780 2119/3026/780 2123/3027/780 2125/3028/780
f 2121/3029/781 2109/3030/781 2111/3031/782 2119/3032/782
f 2120/3033/782 2112/3034/782 2110/3035/781 2122/3036/781
f 2123/3037/783 2119/3032/782 2111/3031/782 2113/3038/784 2114/3039/784 2112/3034/782 2120/3033/782 2124/3040/783
f 2113/3038/784 2115/3041/785 2116/3042/785 2114/3039/784
f 2115/3043/785 2117/3044/786 2118/3045/786 2116/3046/785
f 2117/3044/786 2101/3047/787 2102/3048/787 2118/3045/786
f 2128/3025/788 2120/3026/788 2122/3049/788 2127/3050/788
f 2121/3049/780 2119/3026/780 2126/3025/780 2129/3050/780
f 2125/3057/758 2123/3058/758 2124/3059/758 2130/3060/758
f 2130/3028/788 2124/3027/788 2120/3026/788 2128/3063/788
o SerwersP.003_mesh.007
v 21.367178 1.670940 4.365293
v 21.367178 0.656504 4.365293
v 22.435410 -0.701550 4.365294
v 22.435410 0.656504 4.365294
v 21.367178 -0.701550 4.365293
v 22.435410 1.670939 4.365294
v 20.660633 1.473388 4.365292
v 20.660633 0.656503 4.365292
v 23.141951 -0.701550 4.365294
v 23.141951 0.656504 4.365294
v 20.660633 -0.701550 4.365292
v 23.141951 1.473388 4.365294
v 21.901291 2.532912 4.365293
v 22.468063 2.406060 4.365294
v 22.896366 2.073721 4.365294
v 20.906219 2.073720 4.365293
v 21.334520 2.406060 4.365293
v 20.660631 1.473388 8.552012
v 20.660631 0.656503 8.552012
v 23.141949 -0.701550 8.552014
v 23.141949 0.656504 8.552014
v 20.660631 -0.701550 8.552012
v 23.141949 1.473388 8.552014
v 21.901289 2.532912 8.552013
v 22.468060 2.406060 8.552013
v 22.896362 2.073721 8.552014
v 20.906216 2.073720 8.552012
v 21.334518 2.406060 8.552013
vn -0.0000 -0.0000 1.0000
vn 0.9812 -0.1929 -0.0000
vn 0.7963 -0.6049 -0.0000
vn -0.9812 -0.1929 -0.0000
vn -1.0000 -0.0000 -0.0000
vn 0.4260 -0.9047 -0.0000
vn -0.0000 -1.0000 -0.0000
vn -0.7963 -0.6049 -0.0000
vn -0.4260 -0.9047 -0.0000
vn 1.0000 -0.0000 -0.0000
vn -0.0000 1.0000 -0.0000
vt 0.470261 0.507944
vt 0.470261 0.194310
vt 0.251820 0.194310
vt 0.251820 0.446866
vt 0.090364 0.009287
vt 0.090364 0.997811
vt -0.423927 0.997811
vt -0.423928 0.009287
vt 0.800527 0.507944
vt 0.327748 0.632472
vt 0.460166 0.735221
vt 0.635395 0.774440
vt 0.810624 0.735221
vt 0.943042 0.632472
vt 1.018970 0.446867
vt 0.867928 0.997811
vt 0.867928 0.009287
vt 1.382217 0.009287
vt 1.382217 0.997811
vt 0.800527 0.194310
vt 1.018970 0.194310
vt 0.686815 0.597886
vt 0.686815 0.783491
vt -0.607595 0.783491
vt -0.607595 0.597886
vt 0.686815 0.597886
vt 0.686815 0.345330
vt -0.607595 0.345330
vt -0.607595 0.597886
vt 0.686815 0.324771
vt 0.686815 0.500000
vt -0.607595 0.500000
vt -0.607595 0.324771
vt 0.686815 0.783491
vt -0.607595 0.783491
vt 0.686815 0.192353
vt -0.607595 0.324771
vt -0.607595 0.192353
vt 0.686815 0.675229
vt -0.607595 0.675229
vt -0.607595 0.500000
vt 1.280762 0.009138
vt 1.280762 0.997661
vt -1.766741 0.997661
vt -1.766741 0.009137
vt -0.607595 0.345330
vt 0.686815 0.807647
vt -0.607595 0.807647
vt -0.607595 0.675229
vt 0.997824 0.994752
vt 0.997824 0.005248
vt -0.671763 0.005248
vt -0.671763 0.994752
vt -1.766741 0.009138
vt -1.766741 0.997661
s 1
usemtl brick_modern.001
f 2136/3064/789 2134/3065/789 2140/3066/789 2142/3067/789
f 2131/3072/789 2136/3064/789 2142/3067/789 2145/3073/789 2144/3074/789 2143/3075/789 2147/3076/789 2146/3077/789 2137/3078/789
f 2132/3083/789 2131/3072/789 2137/3078/789 2138/3084/789
f 2137/3085/790 2146/3086/791 2157/3087/791 2148/3088/790
f 2142/3089/792 2140/3090/793 2151/3091/793 2153/3092/792
f 2147/3093/794 2143/3094/795 2154/3095/795 2158/3096/794
f 2145/3097/796 2142/3089/792 2153/3088/792 2156/3098/796
f 2146/3099/791 2147/3093/794 2158/3100/794 2157/3101/791
f 2143/3094/795 2144/3102/797 2155/3103/797 2154/3104/795
f 2138/3090/798 2137/3085/790 2148/3088/790 2149/3109/798
f 2144/3102/797 2145/3110/796 2156/3111/796 2155/3112/797
usemtl concrete_bare_01.001
f 2135/3068/789 2132/3069/789 2138/3070/789 2141/3071/789
f 2134/3079/789 2133/3080/789 2139/3081/789 2140/3082/789
f 2141/3105/798 2138/3106/798 2149/3107/798 2152/3108/798
f 2140/3106/793 2139/3105/793 2150/3117/793 2151/3118/793
usemtl brick_pavement.001
f 2139/3113/799 2141/3114/799 2152/3115/799 2150/3116/799
o SerwersP_003.mesh.002
v 20.012320 1.473387 11.657705
v 20.656881 1.473387 8.531831
v 20.012320 0.656503 11.657705
v 20.656881 0.656503 8.531831
v 20.012321 -0.701551 9.176388
v 23.138199 -0.701551 8.531832
v 23.138199 0.656503 8.531832
v 20.012321 0.656503 9.176388
v 20.012320 -0.701551 11.657706
v 20.656879 -0.701551 8.531831
v 20.012321 1.473387 9.176388
v 23.138199 1.473387 8.531832
v 21.897539 2.532911 8.531832
v 20.012321 2.532911 10.417048
v 22.464310 2.406059 8.531832
v 20.012321 2.406060 9.850276
v 22.892612 2.073720 8.531832
v 20.012321 2.073720 9.421973
v 20.012321 2.073720 11.412120
v 20.902466 2.073720 8.531831
v 21.330769 2.406059 8.531831
v 20.012321 2.406060 10.983818
v 20.656878 1.473387 12.718551
v 20.656878 0.656503 12.718551
v 23.138195 -0.701551 12.718553
v 23.138195 0.656503 12.718553
v 20.656878 -0.701551 12.718551
v 23.138195 1.473387 12.718553
v 21.897535 2.532911 12.718552
v 22.464308 2.406060 12.718552
v 22.892611 2.073720 12.718552
v 20.902464 2.073720 12.718551
v 21.330765 2.406060 12.718552
v 20.902464 2.073720 11.412121
v 22.892611 2.073720 11.412122
v 23.138197 1.473387 11.657707
v 20.656879 1.473387 11.657705
v 23.138197 0.656503 9.176390
v 20.656879 0.656503 9.176388
v 23.138199 1.473387 9.176390
v 20.656879 1.473387 9.176388
v 21.897537 2.532911 10.417048
v 22.464308 2.406060 10.983819
v 21.330767 2.406060 10.983819
v 20.656879 1.473387 9.176388
v 20.902466 2.073720 9.421973
v 20.902466 2.073720 9.421974
v 22.892612 2.073720 9.421975
v 22.464310 2.406060 9.850278
v 21.330767 2.406060 9.850277
v 23.138197 0.656503 11.657707
v 20.656879 0.656503 11.657706
v 20.656878 -0.701551 11.657706
v 23.138195 -0.701551 11.657708
v 23.138197 -0.701551 9.176390
v 22.756191 -0.701551 9.176390
v 20.656879 -0.701551 9.176389
v 23.138197 -0.701551 11.028983
v 22.042936 -0.701551 10.379862
vn -0.0000 -0.2128 -0.9771
vn -0.0000 -0.1929 -0.9812
vn -0.0000 -0.6049 -0.7963
vn -0.0000 -0.6664 -0.7456
vn -0.0000 -0.1929 0.9812
vn -0.0000 -0.0000 1.0000
vn 0.1722 -0.9699 -0.1722
vn -0.0000 -0.9047 -0.4260
vn -0.0000 -1.0000 -0.0000
vn -0.0546 -0.9985 -0.0000
vn -0.0000 -0.3786 0.9255
vn -0.0000 -0.7066 0.7076
vn -0.0000 -0.6049 0.7963
vn -0.0000 -0.9047 0.4260
vn 0.1722 -0.9699 0.1722
vn -0.0000 -0.0000 -1.0000
vn -0.0000 1.0000 -0.0000
vn 0.7963 -0.6049 -0.0000
vn 0.9812 -0.1929 -0.0000
vn 0.9771 -0.2128 -0.0000
vn 0.7456 -0.6664 -0.0000
vn 0.7602 -0.6497 -0.0000
vn 0.9695 -0.2450 -0.0000
vn -1.0000 -0.0000 -0.0000
vn -0.9812 -0.1929 -0.0000
vn 0.4260 -0.9047 -0.0000
vn -0.7963 -0.6049 -0.0000
vn 0.6130 -0.7901 -0.0000
vn -0.4260 -0.9047 -0.0000
vn 1.0000 -0.0000 -0.0000
vt 0.487536 0.597886
vt 0.686815 0.597886
vt 0.686815 0.783491
vt 0.411609 0.783491
vt 0.487536 0.597886
vt 0.686815 0.597886
vt 0.686815 0.345330
vt 0.487537 0.345330
vt 0.279190 0.324771
vt 0.686815 0.324771
vt 0.686815 0.500000
vt 0.103962 0.500000
vt 0.411609 0.783491
vt 0.411609 0.783491
vt 0.686815 0.783491
vt 0.487536 0.597886
vt 0.411609 0.192353
vt 0.686815 0.192353
vt 0.686815 0.675229
vt 0.279190 0.675229
vt 0.811590 0.009138
vt 1.280762 0.009138
vt 1.280762 0.997661
vt 0.811590 0.997661
vt 0.487537 0.345330
vt 0.686815 0.807647
vt 0.411609 0.807647
vt 0.997824 0.994752
vt 0.997824 0.005248
vt 0.740786 0.005248
vt 0.740786 0.994752
vt -0.248718 0.994752
vt -0.096381 0.994752
vt 0.188052 0.514829
vt -0.248718 0.255972
vt -0.248718 0.005248
vt 0.811590 0.997661
vt 0.811590 0.009138
vt -0.607595 0.783491
vt -0.607595 0.597886
vt -0.279613 0.597886
vt -0.203686 0.783491
vt 0.211380 0.591234
vt -0.080147 0.591234
vt -0.080147 0.366749
vt 0.211380 0.366749
vt 0.893263 0.366749
vt 1.070391 0.366749
vt 1.070391 0.591234
vt 0.893263 0.591234
vt 0.103961 0.500000
vt -0.607595 0.500000
vt -0.607595 0.324771
vt -0.071267 0.324771
vt 0.279190 0.324771
vt -0.279614 0.597886
vt -0.607595 0.597886
vt -0.607595 0.783491
vt -0.203685 0.783491
vt 0.411609 0.783491
vt 0.487537 0.597886
vt -0.607595 0.192353
vt -0.203686 0.192353
vt 0.411609 0.192353
vt -0.071267 0.675229
vt -0.607595 0.675229
vt 0.279190 0.675229
vt 2.697605 0.997626
vt 2.697605 0.002374
vt 1.920164 0.002374
vt 1.920164 0.997626
vt 0.101728 0.002374
vt -0.370637 0.002374
vt -0.370637 0.997626
vt 0.101727 0.997626
vt -0.080147 0.366749
vt 0.211380 0.366749
vt 1.070391 0.366749
vt 0.893263 0.366749
vt -0.203686 0.807647
vt -0.607595 0.807647
vt 0.411609 0.807647
vt -0.248718 0.005248
vt -0.671763 0.005248
vt -0.671763 0.994752
vt -0.248718 0.994752
vt 0.740786 0.842415
vt 0.740786 0.994752
vt 0.740786 0.005248
vt 1.412616 0.999485
vt -0.412616 0.999485
vt -0.412616 0.000515
vt 0.950133 0.000515
vt 1.412616 0.000515
vt 0.110940 0.597870
vt 0.110940 0.348103
vt 0.869618 0.348103
vt 0.869618 0.597870
vt 0.869618 0.597871
vt 0.794529 0.781426
vt 0.186029 0.781426
s 1
usemtl brick_modern.004
f 2195/3119/800 2159/3120/801 2177/3121/802 2192/3122/803
f 2199/3123/804 2169/3124/804 2166/3125/805 2197/3126/805
f 2202/3127/806 2180/3128/807 2172/3129/808 2200/3130/809
f 2204/3131/810 2205/3132/811 2176/3133/812 2169/3124/804 2199/3123/804 2203/3134/810
f 2192/3135/803 2177/3136/802 2180/3128/807 2202/3127/806
f 2172/3129/808 2174/3137/813 2208/3138/814 2200/3130/809
f 2210/3143/815 2161/3125/815 2159/3120/801 2195/3119/800
f 2174/3137/813 2176/3144/812 2205/3145/811 2208/3138/814
f 2190/3157/817 2181/3158/818 2195/3159/819 2192/3160/820
f 2160/3120/818 2178/3121/817 2204/3131/821 2203/3134/822
f 2209/3161/823 2184/3162/823 2186/3163/824 2194/3164/824
f 2198/3165/824 2170/3166/824 2165/3167/823 2196/3168/823
f 2200/3169/809 2187/3170/808 2191/3171/825 2202/3172/806
f 2208/3173/814 2179/3128/825 2171/3129/808 2200/3169/809
f 2194/3174/824 2186/3175/824 2189/3176/826 2193/3177/826
f 2206/3178/826 2175/3133/826 2170/3124/824 2198/3179/824
f 2202/3172/806 2191/3171/825 2190/3180/817 2192/3181/820
f 2204/3182/821 2178/3136/817 2179/3128/825 2208/3173/814 2205/3182/827
f 2201/3183/828 2188/3184/828 2187/3170/808 2200/3169/809
f 2200/3169/809 2171/3129/808 2173/3137/828 2207/3185/828
f 2181/3194/818 2182/3162/829 2210/3161/829 2195/3195/819
f 2162/3167/829 2160/3196/818 2203/3197/822 2199/3165/829 2197/3168/829
f 2193/3198/826 2189/3199/826 2188/3184/828 2201/3183/828
f 2207/3185/828 2173/3137/828 2175/3144/826 2206/3200/826
f 2198/3213/824 2196/3214/823 2209/3215/823 2194/3216/824
f 2194/3217/824 2193/3218/826 2206/3219/826 2198/3213/824
f 2201/3183/828 2207/3185/828 2206/3200/826 2193/3198/826
f 2207/3185/828 2201/3183/828 2200/3169/809
usemtl concrete_bare_01.004
f 2211/3139/815 2167/3140/815 2161/3141/815 2210/3142/815
f 2197/3155/805 2166/3141/805 2163/3140/805 2215/3156/805
f 2182/3186/829 2185/3187/829 2211/3188/829 2210/3189/829
f 2215/3190/829 2168/3191/829 2162/3192/829 2197/3193/829
f 2212/3188/823 2183/3187/823 2184/3186/823 2209/3189/823
f 2196/3193/823 2165/3192/823 2164/3191/823 2213/3190/823
f 2209/3208/823 2196/3209/823 2213/3210/823 2216/3211/823 2212/3212/823
usemtl brick_pavement.004
f 2163/3146/816 2167/3147/816 2211/3148/816 2215/3149/816
f 2213/3150/816 2214/3151/816 2217/3152/816 2216/3153/816
f 2211/3148/816 2212/3154/816 2216/3153/816 2217/3152/816 2214/3151/816 2215/3149/816
f 2211/3201/816 2185/3202/816 2183/3203/816 2212/3204/816
f 2214/3205/816 2213/3206/816 2164/3146/816 2168/3147/816 2215/3207/816
o Serwers_007.mesh.004
v 11.560545 4.797096 17.977301
v 11.560551 4.797097 11.203441
v 11.560551 -1.472444 11.203440
v 11.560545 -1.472444 17.977301
v 12.540037 -1.472444 17.977303
v 12.540043 -1.472444 11.203441
v 12.717874 -0.701551 11.203442
v 12.717868 -0.701551 17.977303
v 14.208553 -0.701551 17.977303
v 14.208559 -0.701551 11.203443
v 14.862558 0.656503 17.977304
v 14.862564 0.656503 11.203444
v 14.862558 2.163829 17.977304
v 14.862564 2.163829 11.203444
v 14.208553 3.521883 17.977303
v 14.208559 3.521883 11.203443
v 13.030079 4.461685 17.977303
v 13.030085 4.461685 11.203442
v 10.581053 -1.472444 17.977301
v 10.581059 -1.472444 11.203440
v 10.403228 -0.701551 11.203439
v 10.403222 -0.701551 17.977301
v 8.912537 -0.701551 17.977299
v 8.912542 -0.701551 11.203438
v 8.258532 0.656503 17.977299
v 8.258537 0.656503 11.203438
v 8.258532 2.163829 17.977299
v 8.258537 2.163829 11.203438
v 8.912537 3.521883 17.977299
v 8.912542 3.521883 11.203438
v 10.091011 4.461685 17.977301
v 10.091017 4.461685 11.203440
v 14.862560 0.656503 15.124490
v 14.862561 0.656503 14.056257
v 14.208556 -0.701551 15.124489
v 14.208557 -0.701551 14.056257
v 14.862560 1.670939 15.124490
v 14.862561 1.670939 14.056257
v 15.911051 1.670939 15.124491
v 15.911051 0.656503 15.124491
v 15.911053 -0.701551 14.056257
v 15.911053 0.656503 14.056258
v 15.911051 -0.701551 15.124491
v 15.911053 1.670939 14.056258
vn -0.0000 1.0000 -0.0000
vn -0.9744 0.2248 -0.0000
vn -0.0000 -0.0000 -1.0000
vn -0.9010 0.4339 -0.0000
vn -0.9749 0.2225 -0.0000
vn -1.0000 -0.0000 -0.0000
vn -0.9749 -0.2225 -0.0000
vn -0.7818 -0.6235 -0.0000
vn -0.4339 -0.9010 -0.0000
vn -0.0000 -1.0000 -0.0000
vn 0.9744 0.2248 -0.0000
vn 0.9010 0.4339 -0.0000
vn 0.9749 0.2225 -0.0000
vn 0.9749 -0.2225 -0.0000
vn 0.7818 -0.6235 -0.0000
vn 0.4339 -0.9010 -0.0000
vn -0.0000 -0.0000 1.0000
vt -0.258957 1.006753
vt -0.258957 1.237606
vt 1.337553 1.237606
vt 1.337553 1.006753
vt -0.258957 0.195233
vt -0.258957 0.013544
vt 1.337553 0.013544
vt 1.337553 0.195233
vt 0.421097 0.411837
vt 0.610039 0.411837
vt 0.610039 0.594642
vt 0.421097 0.594642
vt 0.529368 0.005138
vt 1.026375 0.005138
vt 1.026375 0.241734
vt 0.529368 0.241734
vt 0.343264 0.241734
vt -0.153743 0.241734
vt -0.153743 0.005138
vt 0.343264 0.005138
vt 0.529368 0.418465
vt 1.026375 0.504334
vt -0.153743 0.504335
vt 0.343264 0.418465
vt 1.026375 0.740930
vt -0.153743 0.740930
vt 1.026375 0.533535
vt 1.026375 0.738845
vt -0.153743 0.738845
vt -0.153743 0.533535
vt 1.026375 0.994861
vt -0.153743 0.994861
vt -0.258957 0.646012
vt 1.337553 0.646012
vt 1.337553 0.997347
vt -0.258957 0.997347
vt 0.727893 0.167111
vt 0.421097 0.167111
vt 0.413414 0.646012
vt 0.665182 0.646012
vt 0.421097 0.339764
vt 0.610039 0.339764
vt 0.610039 0.532263
vt 0.421097 0.532263
vt 0.413414 0.244756
vt 0.665182 0.244756
vt 0.421097 0.411837
s 1
usemtl concrete_base.001
f 2223/3220/830 2220/3221/830 2221/3222/830 2222/3223/830
f 2224/3224/831 2223/3225/831 2222/3226/831 2225/3227/831
f 2237/3220/830 2236/3223/830 2221/3222/830 2220/3221/830
f 2238/3224/840 2239/3227/840 2236/3226/840 2237/3225/840
f 2241/3252/830 2240/3253/830 2239/3254/830 2238/3255/830
f 2253/3258/830 2227/3252/830 2224/3255/830 2225/3254/830 2226/3253/830 2252/3259/830
f 2258/3264/830 2253/3258/830 2252/3259/830 2260/3265/830
usemtl brick_modern_01.001
f 2257/3228/832 2250/3229/832 2254/3230/832 2256/3231/832
f 2252/3232/833 2226/3233/833 2228/3234/834 2250/3235/834
f 2251/3236/834 2229/3237/834 2227/3238/833 2253/3239/833
f 2254/3240/835 2250/3235/834 2228/3234/834 2230/3241/836 2231/3242/836 2229/3237/834 2251/3236/834 2255/3243/835
f 2230/3241/836 2232/3244/837 2233/3245/837 2231/3242/836
f 2232/3246/837 2234/3247/838 2235/3248/838 2233/3249/837
f 2234/3247/838 2218/3250/839 2219/3251/839 2235/3248/838
f 2240/3233/841 2241/3238/841 2243/3237/842 2242/3234/842
f 2242/3234/842 2243/3237/842 2245/3242/843 2244/3241/843
f 2244/3241/843 2245/3242/843 2247/3245/844 2246/3244/844
f 2246/3246/844 2247/3249/844 2249/3248/845 2248/3247/845
f 2248/3247/845 2249/3248/845 2219/3251/839 2218/3250/839
f 2259/3228/846 2251/3229/846 2253/3256/846 2258/3257/846
f 2252/3256/832 2250/3229/832 2257/3228/832 2260/3257/832
f 2256/3260/839 2254/3261/839 2255/3262/839 2261/3263/839
f 2261/3231/846 2255/3230/846 2251/3229/846 2259/3266/846
o SerwersP.003_mesh.008
v 15.575331 1.670940 15.124492
v 15.575331 0.656504 15.124492
v 15.575333 -0.701550 14.056259
v 15.575333 0.656504 14.056259
v 15.575331 -0.701550 15.124492
v 15.575333 1.670939 14.056259
v 15.575331 1.473388 15.831036
v 15.575331 0.656503 15.831037
v 15.575333 -0.701550 13.349719
v 15.575333 0.656504 13.349718
v 15.575331 -0.701550 15.831037
v 15.575333 1.473388 13.349718
v 15.575332 2.532912 14.590378
v 15.575333 2.406060 14.023607
v 15.575333 2.073721 13.595304
v 15.575331 2.073720 15.585451
v 15.575331 2.406060 15.157149
v 19.762051 1.473388 15.831040
v 19.762051 0.656503 15.831041
v 19.762054 -0.701550 13.349724
v 19.762054 0.656504 13.349723
v 19.762051 -0.701550 15.831041
v 19.762054 1.473388 13.349723
v 19.762053 2.532912 14.590383
v 19.762053 2.406060 14.023612
v 19.762053 2.073721 13.595308
v 19.762051 2.073720 15.585455
v 19.762051 2.406060 15.157153
vn 1.0000 -0.0000 -0.0000
vn -0.0000 -0.1929 -0.9812
vn -0.0000 -0.6049 -0.7963
vn -0.0000 -0.1929 0.9812
vn -0.0000 -0.0000 1.0000
vn -0.0000 -0.9047 -0.4260
vn -0.0000 -1.0000 -0.0000
vn -0.0000 -0.6049 0.7963
vn -0.0000 -0.9047 0.4260
vn -0.0000 -0.0000 -1.0000
vn -0.0000 1.0000 -0.0000
vt 0.470261 0.507944
vt 0.470261 0.194310
vt 0.251820 0.194310
vt 0.251820 0.446866
vt 0.090364 0.009287
vt 0.090364 0.997811
vt -0.423927 0.997811
vt -0.423928 0.009287
vt 0.800527 0.507944
vt 0.327748 0.632472
vt 0.460166 0.735221
vt 0.635395 0.774440
vt 0.810624 0.735221
vt 0.943042 0.632472
vt 1.018970 0.446867
vt 0.867928 0.997811
vt 0.867928 0.009287
vt 1.382217 0.009287
vt 1.382217 0.997811
vt 0.800527 0.194310
vt 1.018970 0.194310
vt 0.686815 0.597886
vt 0.686815 0.783491
vt -0.607595 0.783491
vt -0.607595 0.597886
vt 0.686815 0.597886
vt 0.686815 0.345330
vt -0.607595 0.345330
vt -0.607595 0.597886
vt 0.686815 0.324771
vt 0.686815 0.500000
vt -0.607595 0.500000
vt -0.607595 0.324771
vt 0.686815 0.783491
vt -0.607595 0.783491
vt 0.686815 0.192353
vt -0.607595 0.324771
vt -0.607595 0.192353
vt 0.686815 0.675229
vt -0.607595 0.675229
vt -0.607595 0.500000
vt 1.280762 0.009138
vt 1.280762 0.997661
vt -1.766741 0.997661
vt -1.766741 0.009137
vt -0.607595 0.345330
vt 0.686815 0.807647
vt -0.607595 0.807647
vt -0.607595 0.675229
vt 0.997824 0.994752
vt 0.997824 0.005248
vt -0.671763 0.005248
vt -0.671763 0.994752
vt -1.766741 0.009138
vt -1.766741 0.997661
s 1
usemtl brick_modern.001
f 2267/3267/847 2265/3268/847 2271/3269/847 2273/3270/847
f 2262/3275/847 2267/3267/847 2273/3270/847 2276/3276/847 2275/3277/847 2274/3278/847 2278/3279/847 2277/3280/847 2268/3281/847
f 2263/3286/847 2262/3275/847 2268/3281/847 2269/3287/847
f 2268/3288/848 2277/3289/849 2288/3290/849 2279/3291/848
f 2273/3292/850 2271/3293/851 2282/3294/851 2284/3295/850
f 2278/3296/852 2274/3297/853 2285/3298/853 2289/3299/852
f 2276/3300/854 2273/3292/850 2284/3291/850 2287/3301/854
f 2277/3302/849 2278/3296/852 2289/3303/852 2288/3304/849
f 2274/3297/853 2275/3305/855 2286/3306/855 2285/3307/853
f 2269/3293/856 2268/3288/848 2279/3291/848 2280/3312/856
f 2275/3305/855 2276/3313/854 2287/3314/854 2286/3315/855
usemtl concrete_bare_01.001
f 2266/3271/847 2263/3272/847 2269/3273/847 2272/3274/847
f 2265/3282/847 2264/3283/847 2270/3284/847 2271/3285/847
f 2272/3308/856 2269/3309/856 2280/3310/856 2283/3311/856
f 2271/3309/851 2270/3308/851 2281/3320/851 2282/3321/851
usemtl brick_pavement.001
f 2270/3316/857 2272/3317/857 2283/3318/857 2281/3319/857
o SerwersP_003.mesh.003
v 20.658339 1.473387 12.704272
v 23.784214 1.473387 13.348833
v 20.658339 0.656503 12.704272
v 23.784214 0.656503 13.348833
v 23.139656 -0.701551 12.704274
v 23.784212 -0.701551 15.830150
v 23.784212 0.656503 15.830151
v 23.139656 0.656503 12.704274
v 20.658339 -0.701551 12.704272
v 23.784214 -0.701551 13.348832
v 23.139656 1.473387 12.704274
v 23.784212 1.473387 15.830151
v 23.784212 2.532911 14.589491
v 21.898996 2.532911 12.704273
v 23.784212 2.406059 15.156261
v 22.465769 2.406060 12.704273
v 23.784212 2.073720 15.584565
v 22.894072 2.073720 12.704274
v 20.903925 2.073720 12.704272
v 23.784214 2.073720 13.594419
v 23.784214 2.406059 14.022720
v 21.332226 2.406060 12.704272
v 19.597492 1.473387 13.348829
v 19.597492 0.656503 13.348829
v 19.597490 -0.701551 15.830147
v 19.597492 0.656503 15.830147
v 19.597492 -0.701551 13.348829
v 19.597492 1.473387 15.830147
v 19.597492 2.532911 14.589487
v 19.597492 2.406060 15.156259
v 19.597492 2.073720 15.584561
v 19.597492 2.073720 13.594415
v 19.597492 2.406060 14.022717
v 20.903923 2.073720 13.594416
v 20.903923 2.073720 15.584562
v 20.658337 1.473387 15.830148
v 20.658339 1.473387 13.348830
v 23.139654 0.656503 15.830150
v 23.139656 0.656503 13.348832
v 23.139654 1.473387 15.830150
v 23.139656 1.473387 13.348832
v 21.898996 2.532911 14.589489
v 21.332224 2.406060 15.156260
v 21.332226 2.406060 14.022718
v 23.139656 1.473387 13.348832
v 22.894070 2.073720 13.594418
v 22.894070 2.073720 13.594418
v 22.894070 2.073720 15.584564
v 22.465767 2.406060 15.156260
v 22.465767 2.406060 14.022719
v 20.658337 0.656503 15.830148
v 20.658339 0.656503 13.348830
v 20.658339 -0.701551 13.348829
v 20.658337 -0.701551 15.830148
v 23.139654 -0.701551 15.830150
v 23.139654 -0.701551 15.448143
v 23.139656 -0.701551 13.348831
v 21.287060 -0.701551 15.830148
v 21.936182 -0.701551 14.734888
vn 0.9771 -0.2128 -0.0000
vn 0.9812 -0.1929 -0.0000
vn 0.7963 -0.6049 -0.0000
vn 0.7456 -0.6664 -0.0000
vn -0.9812 -0.1929 -0.0000
vn -1.0000 -0.0000 -0.0000
vn 0.1722 -0.9699 0.1722
vn 0.4260 -0.9047 -0.0000
vn -0.0000 -1.0000 -0.0000
vn -0.0000 -0.9985 -0.0546
vn -0.9255 -0.3786 -0.0000
vn -0.7076 -0.7066 -0.0000
vn -0.7963 -0.6049 -0.0000
vn -0.4260 -0.9047 -0.0000
vn -0.1722 -0.9699 0.1722
vn 1.0000 -0.0000 -0.0000
vn -0.0000 1.0000 -0.0000
vn -0.0000 -0.6049 0.7963
vn -0.0000 -0.1929 0.9812
vn -0.0000 -0.2128 0.9771
vn -0.0000 -0.6664 0.7456
vn -0.0000 -0.6497 0.7602
vn -0.0000 -0.2450 0.9695
vn -0.0000 -0.0000 -1.0000
vn -0.0000 -0.1929 -0.9812
vn -0.0000 -0.9047 0.4260
vn -0.0000 -0.6049 -0.7963
vn -0.0000 -0.7901 0.6130
vn -0.0000 -0.9047 -0.4260
vn -0.0000 -0.0000 1.0000
vt 0.487536 0.597886
vt 0.686815 0.597886
vt 0.686815 0.783491
vt 0.411609 0.783491
vt 0.487536 0.597886
vt 0.686815 0.597886
vt 0.686815 0.345330
vt 0.487537 0.345330
vt 0.279190 0.324771
vt 0.686815 0.324771
vt 0.686815 0.500000
vt 0.103962 0.500000
vt 0.411609 0.783491
vt 0.411609 0.783491
vt 0.686815 0.783491
vt 0.487536 0.597886
vt 0.411609 0.192353
vt 0.686815 0.192353
vt 0.686815 0.675229
vt 0.279190 0.675229
vt 0.811590 0.009138
vt 1.280762 0.009138
vt 1.280762 0.997661
vt 0.811590 0.997661
vt 0.487537 0.345330
vt 0.686815 0.807647
vt 0.411609 0.807647
vt 0.997824 0.994752
vt 0.997824 0.005248
vt 0.740786 0.005248
vt 0.740786 0.994752
vt -0.248718 0.994752
vt -0.096381 0.994752
vt 0.188052 0.514829
vt -0.248718 0.255972
vt -0.248718 0.005248
vt 0.811590 0.997661
vt 0.811590 0.009138
vt -0.607595 0.783491
vt -0.607595 0.597886
vt -0.279613 0.597886
vt -0.203686 0.783491
vt 0.211380 0.591234
vt -0.080147 0.591234
vt -0.080147 0.366749
vt 0.211380 0.366749
vt 0.893263 0.366749
vt 1.070391 0.366749
vt 1.070391 0.591234
vt 0.893263 0.591234
vt 0.103961 0.500000
vt -0.607595 0.500000
vt -0.607595 0.324771
vt -0.071267 0.324771
vt 0.279190 0.324771
vt -0.279614 0.597886
vt -0.607595 0.597886
vt -0.607595 0.783491
vt -0.203685 0.783491
vt 0.411609 0.783491
vt 0.487537 0.597886
vt -0.607595 0.192353
vt -0.203686 0.192353
vt 0.411609 0.192353
vt -0.071267 0.675229
vt -0.607595 0.675229
vt 0.279190 0.675229
vt 2.697605 0.997626
vt 2.697605 0.002374
vt 1.920164 0.002374
vt 1.920164 0.997626
vt 0.101728 0.002374
vt -0.370637 0.002374
vt -0.370637 0.997626
vt 0.101727 0.997626
vt -0.080147 0.366749
vt 0.211380 0.366749
vt 1.070391 0.366749
vt 0.893263 0.366749
vt -0.203686 0.807647
vt -0.607595 0.807647
vt 0.411609 0.807647
vt -0.248718 0.005248
vt -0.671763 0.005248
vt -0.671763 0.994752
vt -0.248718 0.994752
vt 0.740786 0.842415
vt 0.740786 0.994752
vt 0.740786 0.005248
vt 1.412616 0.999485
vt -0.412616 0.999485
vt -0.412616 0.000515
vt 0.950133 0.000515
vt 1.412616 0.000515
vt 0.110940 0.597870
vt 0.110940 0.348103
vt 0.869618 0.348103
vt 0.869618 0.597870
vt 0.869618 0.597871
vt 0.794529 0.781426
vt 0.186029 0.781426
s 1
usemtl brick_modern.004
f 2326/3322/858 2290/3323/859 2308/3324/860 2323/3325/861
f 2330/3326/862 2300/3327/862 2297/3328/863 2328/3329/863
f 2333/3330/864 2311/3331/865 2303/3332/866 2331/3333/867
f 2335/3334/868 2336/3335/869 2307/3336/870 2300/3327/862 2330/3326/862 2334/3337/868
f 2323/3338/861 2308/3339/860 2311/3331/865 2333/3330/864
f 2303/3332/866 2305/3340/871 2339/3341/872 2331/3333/867
f 2341/3346/873 2292/3328/873 2290/3323/859 2326/3322/858
f 2305/3340/871 2307/3347/870 2336/3348/869 2339/3341/872
f 2321/3360/875 2312/3361/876 2326/3362/877 2323/3363/878
f 2291/3323/876 2309/3324/875 2335/3334/879 2334/3337/880
f 2340/3364/881 2315/3365/881 2317/3366/882 2325/3367/882
f 2329/3368/882 2301/3369/882 2296/3370/881 2327/3371/881
f 2331/3372/867 2318/3373/866 2322/3374/883 2333/3375/864
f 2339/3376/872 2310/3331/883 2302/3332/866 2331/3372/867
f 2325/3377/882 2317/3378/882 2320/3379/884 2324/3380/884
f 2337/3381/884 2306/3336/884 2301/3327/882 2329/3382/882
f 2333/3375/864 2322/3374/883 2321/3383/875 2323/3384/878
f 2335/3385/879 2309/3339/875 2310/3331/883 2339/3376/872 2336/3385/885
f 2332/3386/886 2319/3387/886 2318/3373/866 2331/3372/867
f 2331/3372/867 2302/3332/866 2304/3340/886 2338/3388/886
f 2312/3397/876 2313/3365/887 2341/3364/887 2326/3398/877
f 2293/3370/887 2291/3399/876 2334/3400/880 2330/3368/887 2328/3371/887
f 2324/3401/884 2320/3402/884 2319/3387/886 2332/3386/886
f 2338/3388/886 2304/3340/886 2306/3347/884 2337/3403/884
f 2329/3416/882 2327/3417/881 2340/3418/881 2325/3419/882
f 2325/3420/882 2324/3421/884 2337/3422/884 2329/3416/882
f 2332/3386/886 2338/3388/886 2337/3403/884 2324/3401/884
f 2338/3388/886 2332/3386/886 2331/3372/867
usemtl concrete_bare_01.004
f 2342/3342/873 2298/3343/873 2292/3344/873 2341/3345/873
f 2328/3358/863 2297/3344/863 2294/3343/863 2346/3359/863
f 2313/3389/887 2316/3390/887 2342/3391/887 2341/3392/887
f 2346/3393/887 2299/3394/887 2293/3395/887 2328/3396/887
f 2343/3391/881 2314/3390/881 2315/3389/881 2340/3392/881
f 2327/3396/881 2296/3395/881 2295/3394/881 2344/3393/881
f 2340/3411/881 2327/3412/881 2344/3413/881 2347/3414/881 2343/3415/881
usemtl brick_pavement.004
f 2294/3349/874 2298/3350/874 2342/3351/874 2346/3352/874
f 2344/3353/874 2345/3354/874 2348/3355/874 2347/3356/874
f 2342/3351/874 2343/3357/874 2347/3356/874 2348/3355/874 2345/3354/874 2346/3352/874
f 2342/3404/874 2316/3405/874 2314/3406/874 2343/3407/874
f 2345/3408/874 2344/3409/874 2295/3349/874 2299/3350/874 2346/3410/874
o SerwersP_010.mesh.004
v 24.047180 0.658605 15.136303
v 24.047182 0.658605 14.068071
v 24.047180 1.475490 15.842848
v 24.047180 0.658605 15.842848
v 24.047182 -0.699448 13.361530
v 24.047182 0.658606 13.361530
v 24.047180 -0.699448 15.842848
v 24.047182 1.475490 13.361530
v 24.047182 2.535014 14.602190
v 24.047182 2.408162 14.035419
v 24.047182 2.075823 13.607116
v 24.047180 2.075822 15.597262
v 24.047180 2.408162 15.168961
v 23.751112 0.658605 15.136303
v 23.751114 0.658605 14.068071
v 23.751112 1.475490 15.842848
v 23.751112 0.658605 15.842848
v 23.751114 -0.699448 13.361530
v 23.751114 0.658606 13.361530
v 23.751114 2.075823 13.607116
v 23.751114 1.475490 13.361530
v 23.751112 -0.699448 15.842848
v 23.751112 2.408162 15.168961
v 23.751112 2.535014 14.602190
v 23.751114 2.408162 14.035419
v 23.751112 2.075822 15.597262
vn 1.0000 -0.0000 -0.0000
vn -1.0000 -0.0000 -0.0000
vn -0.0000 -0.0000 -1.0000
vn -0.0000 0.1929 -0.9812
vn -0.0000 0.6049 -0.7963
vn -0.0000 -0.0000 1.0000
vn -0.0000 1.0000 -0.0000
vn -0.0000 0.9047 0.4260
vn -0.0000 0.9047 -0.4260
vn -0.0000 -1.0000 -0.0000
vn -0.0000 0.6049 0.7963
vn -0.0000 0.1929 0.9812
vt 0.470261 0.194310
vt 0.251820 0.194310
vt 0.251820 0.446866
vt -0.423928 0.009287
vt 1.382217 0.009287
vt 1.382217 0.997811
vt 0.867928 0.997811
vt 0.090364 0.997811
vt -0.423927 0.997811
vt 0.800527 0.194310
vt 1.018970 0.446867
vt 0.943042 0.632472
vt 0.810624 0.735221
vt 0.635395 0.774440
vt 0.460166 0.735221
vt 0.327748 0.632472
vt 1.018970 0.194310
vt 0.392489 0.006852
vt 0.607511 0.006852
vt 0.607511 0.993148
vt 0.392489 0.993148
vt 0.454232 0.603908
vt 0.545768 0.603908
vt 0.545768 0.789513
vt 0.454232 0.789513
vt 0.454232 0.500000
vt 0.545768 0.500000
vt 0.545768 0.324771
vt 0.454232 0.324771
vt 0.454232 0.351352
vt 0.545768 0.351352
vt 0.454232 0.675229
vt 0.545768 0.675229
vt 0.454232 0.116425
vt 0.545768 0.116425
vt 0.545768 0.883575
vt 0.454232 0.883575
vt 0.454232 0.807647
vt 0.545768 0.807647
vt 0.454232 0.789513
vt 0.545768 0.789513
vt 0.545768 0.603908
vt 0.454232 0.603908
vt 0.545768 0.192353
vt 0.454232 0.192353
s 1
usemtl brick_modern.003
f 2350/3423/888 2354/3424/888 2356/3425/888
f 2363/3423/889 2362/3432/889 2364/3433/889 2374/3434/889 2371/3435/889 2372/3436/889 2373/3437/889 2368/3438/889 2369/3425/889
f 2349/3432/888 2351/3433/888 2352/3439/888
f 2363/3423/889 2369/3425/889 2367/3424/889
f 2362/3432/889 2365/3439/889 2364/3433/889
f 2356/3444/891 2369/3445/891 2368/3446/892 2359/3447/892
f 2357/3448/894 2372/3449/894 2371/3450/895 2361/3451/895
f 2354/3452/890 2367/3453/890 2369/3445/891 2356/3444/891
f 2358/3454/896 2373/3455/896 2372/3449/894 2357/3448/894
f 2359/3460/892 2368/3461/892 2373/3455/896 2358/3454/896
f 2360/3462/898 2374/3463/898 2364/3464/899 2351/3465/899
f 2351/3465/899 2364/3464/899 2365/3453/893 2352/3452/893
f 2361/3451/895 2371/3450/895 2374/3466/898 2360/3467/898
f 2350/3423/888 2356/3425/888 2359/3438/888 2358/3437/888 2357/3436/888 2361/3435/888 2360/3434/888 2351/3433/888 2349/3432/888
usemtl concrete_bare_01.003
f 2355/3426/888 2353/3427/888 2354/3428/888 2350/3429/888 2349/3430/888 2352/3431/888
f 2362/3430/889 2363/3429/889 2367/3428/889 2366/3427/889 2370/3426/889 2365/3431/889
f 2353/3440/890 2366/3441/890 2367/3442/890 2354/3443/890
f 2352/3443/893 2365/3442/893 2370/3441/893 2355/3440/893
f 2355/3456/897 2370/3457/897 2366/3458/897 2353/3459/897
o SerwersP_010.mesh.005
v 19.723392 0.656503 9.884039
v 19.723391 0.656503 10.952271
v 19.723392 1.473387 9.177494
v 19.723392 0.656503 9.177494
v 19.723391 -0.701551 11.658812
v 19.723391 0.656503 11.658812
v 19.723392 -0.701551 9.177494
v 19.723391 1.473387 11.658812
v 19.723391 2.532911 10.418152
v 19.723391 2.406060 10.984923
v 19.723391 2.073720 11.413226
v 19.723392 2.073720 9.423079
v 19.723392 2.406060 9.851381
v 20.019461 0.656503 9.884039
v 20.019459 0.656503 10.952271
v 20.019461 1.473387 9.177494
v 20.019461 0.656503 9.177494
v 20.019459 -0.701551 11.658812
v 20.019459 0.656503 11.658812
v 20.019459 2.073720 11.413226
v 20.019459 1.473387 11.658812
v 20.019461 -0.701551 9.177494
v 20.019461 2.406060 9.851381
v 20.019461 2.532911 10.418152
v 20.019459 2.406060 10.984923
v 20.019461 2.073720 9.423079
vn -1.0000 -0.0000 -0.0000
vn 1.0000 -0.0000 -0.0000
vn -0.0000 -0.0000 1.0000
vn -0.0000 0.1929 0.9812
vn -0.0000 0.6049 0.7963
vn -0.0000 -0.0000 -1.0000
vn -0.0000 1.0000 -0.0000
vn -0.0000 0.9047 -0.4260
vn -0.0000 0.9047 0.4260
vn -0.0000 -1.0000 -0.0000
vn -0.0000 0.6049 -0.7963
vn -0.0000 0.1929 -0.9812
vt 0.470261 0.194310
vt 0.251820 0.194310
vt 0.251820 0.446866
vt -0.423928 0.009287
vt 1.382217 0.009287
vt 1.382217 0.997811
vt 0.867928 0.997811
vt 0.090364 0.997811
vt -0.423927 0.997811
vt 0.800527 0.194310
vt 1.018970 0.446867
vt 0.943042 0.632472
vt 0.810624 0.735221
vt 0.635395 0.774440
vt 0.460166 0.735221
vt 0.327748 0.632472
vt 1.018970 0.194310
vt 0.392489 0.006852
vt 0.607511 0.006852
vt 0.607511 0.993148
vt 0.392489 0.993148
vt 0.454232 0.603908
vt 0.545768 0.603908
vt 0.545768 0.789513
vt 0.454232 0.789513
vt 0.454232 0.500000
vt 0.545768 0.500000
vt 0.545768 0.324771
vt 0.454232 0.324771
vt 0.454232 0.351352
vt 0.545768 0.351352
vt 0.454232 0.675229
vt 0.545768 0.675229
vt 0.454232 0.116425
vt 0.545768 0.116425
vt 0.545768 0.883575
vt 0.454232 0.883575
vt 0.454232 0.807647
vt 0.545768 0.807647
vt 0.454232 0.789513
vt 0.545768 0.789513
vt 0.545768 0.603908
vt 0.454232 0.603908
vt 0.545768 0.192353
vt 0.454232 0.192353
s 1
usemtl brick_modern.003
f 2376/3468/900 2380/3469/900 2382/3470/900
f 2389/3468/901 2388/3477/901 2390/3478/901 2400/3479/901 2397/3480/901 2398/3481/901 2399/3482/901 2394/3483/901 2395/3470/901
f 2375/3477/900 2377/3478/900 2378/3484/900
f 2389/3468/901 2395/3470/901 2393/3469/901
f 2388/3477/901 2391/3484/901 2390/3478/901
f 2382/3489/903 2395/3490/903 2394/3491/904 2385/3492/904
f 2383/3493/906 2398/3494/906 2397/3495/907 2387/3496/907
f 2380/3497/902 2393/3498/902 2395/3490/903 2382/3489/903
f 2384/3499/908 2399/3500/908 2398/3494/906 2383/3493/906
f 2385/3505/904 2394/3506/904 2399/3500/908 2384/3499/908
f 2386/3507/910 2400/3508/910 2390/3509/911 2377/3510/911
f 2377/3510/911 2390/3509/911 2391/3498/905 2378/3497/905
f 2387/3496/907 2397/3495/907 2400/3511/910 2386/3512/910
f 2376/3468/900 2382/3470/900 2385/3483/900 2384/3482/900 2383/3481/900 2387/3480/900 2386/3479/900 2377/3478/900 2375/3477/900
usemtl concrete_bare_01.003
f 2381/3471/900 2379/3472/900 2380/3473/900 2376/3474/900 2375/3475/900 2378/3476/900
f 2388/3475/901 2389/3474/901 2393/3473/901 2392/3472/901 2396/3471/901 2391/3476/901
f 2379/3485/902 2392/3486/902 2393/3487/902 2380/3488/902
f 2378/3488/905 2391/3487/905 2396/3486/905 2381/3485/905
f 2381/3501/909 2396/3502/909 2392/3503/909 2379/3504/909
o SerwersP_003.mesh.004
v 34.704639 1.473387 1.519659
v 34.060078 1.473387 4.645533
v 34.704639 0.656503 1.519658
v 34.060078 0.656503 4.645533
v 34.704636 -0.701551 4.000976
v 31.578760 -0.701551 4.645531
v 31.578760 0.656503 4.645531
v 34.704636 0.656503 4.000976
v 34.704639 -0.701551 1.519658
v 34.060078 -0.701551 4.645533
v 34.704636 1.473387 4.000977
v 31.578760 1.473387 4.645531
v 32.819420 2.532911 4.645532
v 34.704639 2.532911 2.760317
v 32.252647 2.406059 4.645532
v 34.704636 2.406060 3.327088
v 31.824345 2.073720 4.645531
v 34.704636 2.073720 3.755391
v 34.704639 2.073720 1.765244
v 33.814491 2.073720 4.645533
v 33.386189 2.406059 4.645533
v 34.704639 2.406060 2.193546
v 34.060081 1.473387 0.458813
v 34.060081 0.656503 0.458813
v 31.578764 -0.701551 0.458810
v 31.578764 0.656503 0.458810
v 34.060081 -0.701551 0.458813
v 31.578764 1.473387 0.458810
v 32.819424 2.532911 0.458812
v 32.252651 2.406060 0.458811
v 31.824350 2.073720 0.458811
v 33.814495 2.073720 0.458812
v 33.386196 2.406060 0.458812
v 33.814495 2.073720 1.765243
v 31.824348 2.073720 1.765241
v 31.578764 1.473387 1.519655
v 34.060081 1.473387 1.519658
v 31.578760 0.656503 4.000973
v 34.060078 0.656503 4.000976
v 31.578760 1.473387 4.000973
v 34.060078 1.473387 4.000976
v 32.819420 2.532911 2.760315
v 32.252651 2.406060 2.193543
v 33.386192 2.406060 2.193545
v 34.060078 1.473387 4.000976
v 33.814491 2.073720 3.755390
v 33.814491 2.073720 3.755390
v 31.824347 2.073720 3.755388
v 32.252651 2.406060 3.327085
v 33.386192 2.406060 3.327086
v 31.578764 0.656503 1.519655
v 34.060081 0.656503 1.519658
v 34.060081 -0.701551 1.519657
v 31.578764 -0.701551 1.519655
v 31.578760 -0.701551 4.000973
v 31.960768 -0.701551 4.000973
v 34.060078 -0.701551 4.000975
v 31.578762 -0.701551 2.148379
v 32.674023 -0.701551 2.797502
vn -0.0000 -0.2128 0.9771
vn -0.0000 -0.1929 0.9812
vn -0.0000 -0.6049 0.7963
vn -0.0000 -0.6664 0.7456
vn -0.0000 -0.1929 -0.9812
vn -0.0000 -0.0000 -1.0000
vn -0.1722 -0.9699 0.1722
vn -0.0000 -0.9047 0.4260
vn -0.0000 -1.0000 -0.0000
vn 0.0546 -0.9985 -0.0000
vn -0.0000 -0.3786 -0.9255
vn -0.0000 -0.7066 -0.7076
vn -0.0000 -0.6049 -0.7963
vn -0.0000 -0.9047 -0.4260
vn -0.1722 -0.9699 -0.1722
vn -0.0000 -0.0000 1.0000
vn -0.0000 1.0000 -0.0000
vn -0.7963 -0.6049 -0.0000
vn -0.9812 -0.1929 -0.0000
vn -0.9771 -0.2128 -0.0000
vn -0.7456 -0.6664 -0.0000
vn -0.7602 -0.6497 -0.0000
vn -0.9695 -0.2450 -0.0000
vn 1.0000 -0.0000 -0.0000
vn 0.9812 -0.1929 -0.0000
vn -0.4260 -0.9047 -0.0000
vn 0.7963 -0.6049 -0.0000
vn -0.6130 -0.7901 -0.0000
vn 0.4260 -0.9047 -0.0000
vn -1.0000 -0.0000 -0.0000
vt 0.487536 0.597886
vt 0.686815 0.597886
vt 0.686815 0.783491
vt 0.411609 0.783491
vt 0.487536 0.597886
vt 0.686815 0.597886
vt 0.686815 0.345330
vt 0.487537 0.345330
vt 0.279190 0.324771
vt 0.686815 0.324771
vt 0.686815 0.500000
vt 0.103962 0.500000
vt 0.411609 0.783491
vt 0.411609 0.783491
vt 0.686815 0.783491
vt 0.487536 0.597886
vt 0.411609 0.192353
vt 0.686815 0.192353
vt 0.686815 0.675229
vt 0.279190 0.675229
vt 0.811590 0.009138
vt 1.280762 0.009138
vt 1.280762 0.997661
vt 0.811590 0.997661
vt 0.487537 0.345330
vt 0.686815 0.807647
vt 0.411609 0.807647
vt 0.997824 0.994752
vt 0.997824 0.005248
vt 0.740786 0.005248
vt 0.740786 0.994752
vt -0.248718 0.994752
vt -0.096381 0.994752
vt 0.188052 0.514829
vt -0.248718 0.255972
vt -0.248718 0.005248
vt 0.811590 0.997661
vt 0.811590 0.009138
vt -0.607595 0.783491
vt -0.607595 0.597886
vt -0.279613 0.597886
vt -0.203686 0.783491
vt 0.211380 0.591234
vt -0.080147 0.591234
vt -0.080147 0.366749
vt 0.211380 0.366749
vt 0.893263 0.366749
vt 1.070391 0.366749
vt 1.070391 0.591234
vt 0.893263 0.591234
vt 0.103961 0.500000
vt -0.607595 0.500000
vt -0.607595 0.324771
vt -0.071267 0.324771
vt 0.279190 0.324771
vt -0.279614 0.597886
vt -0.607595 0.597886
vt -0.607595 0.783491
vt -0.203685 0.783491
vt 0.411609 0.783491
vt 0.487537 0.597886
vt -0.607595 0.192353
vt -0.203686 0.192353
vt 0.411609 0.192353
vt -0.071267 0.675229
vt -0.607595 0.675229
vt 0.279190 0.675229
vt 2.697605 0.997626
vt 2.697605 0.002374
vt 1.920164 0.002374
vt 1.920164 0.997626
vt 0.101728 0.002374
vt -0.370637 0.002374
vt -0.370637 0.997626
vt 0.101727 0.997626
vt -0.080147 0.366749
vt 0.211380 0.366749
vt 1.070391 0.366749
vt 0.893263 0.366749
vt -0.203686 0.807647
vt -0.607595 0.807647
vt 0.411609 0.807647
vt -0.248718 0.005248
vt -0.671763 0.005248
vt -0.671763 0.994752
vt -0.248718 0.994752
vt 0.740786 0.842415
vt 0.740786 0.994752
vt 0.740786 0.005248
vt 1.412616 0.999485
vt -0.412616 0.999485
vt -0.412616 0.000515
vt 0.950133 0.000515
vt 1.412616 0.000515
vt 0.110940 0.597870
vt 0.110940 0.348103
vt 0.869618 0.348103
vt 0.869618 0.597870
vt 0.869618 0.597871
vt 0.794529 0.781426
vt 0.186029 0.781426
s 1
usemtl brick_modern.004
f 2437/3513/912 2401/3514/913 2419/3515/914 2434/3516/915
f 2441/3517/916 2411/3518/916 2408/3519/917 2439/3520/917
f 2444/3521/918 2422/3522/919 2414/3523/920 2442/3524/921
f 2446/3525/922 2447/3526/923 2418/3527/924 2411/3518/916 2441/3517/916 2445/3528/922
f 2434/3529/915 2419/3530/914 2422/3522/919 2444/3521/918
f 2414/3523/920 2416/3531/925 2450/3532/926 2442/3524/921
f 2452/3537/927 2403/3519/927 2401/3514/913 2437/3513/912
f 2416/3531/925 2418/3538/924 2447/3539/923 2450/3532/926
f 2432/3551/929 2423/3552/930 2437/3553/931 2434/3554/932
f 2402/3514/930 2420/3515/929 2446/3525/933 2445/3528/934
f 2451/3555/935 2426/3556/935 2428/3557/936 2436/3558/936
f 2440/3559/936 2412/3560/936 2407/3561/935 2438/3562/935
f 2442/3563/921 2429/3564/920 2433/3565/937 2444/3566/918
f 2450/3567/926 2421/3522/937 2413/3523/920 2442/3563/921
f 2436/3568/936 2428/3569/936 2431/3570/938 2435/3571/938
f 2448/3572/938 2417/3527/938 2412/3518/936 2440/3573/936
f 2444/3566/918 2433/3565/937 2432/3574/929 2434/3575/932
f 2446/3576/933 2420/3530/929 2421/3522/937 2450/3567/926 2447/3576/939
f 2443/3577/940 2430/3578/940 2429/3564/920 2442/3563/921
f 2442/3563/921 2413/3523/920 2415/3531/940 2449/3579/940
f 2423/3588/930 2424/3556/941 2452/3555/941 2437/3589/931
f 2404/3561/941 2402/3590/930 2445/3591/934 2441/3559/941 2439/3562/941
f 2435/3592/938 2431/3593/938 2430/3578/940 2443/3577/940
f 2449/3579/940 2415/3531/940 2417/3538/938 2448/3594/938
f 2440/3607/936 2438/3608/935 2451/3609/935 2436/3610/936
f 2436/3611/936 2435/3612/938 2448/3613/938 2440/3607/936
f 2443/3577/940 2449/3579/940 2448/3594/938 2435/3592/938
f 2449/3579/940 2443/3577/940 2442/3563/921
usemtl concrete_bare_01.004
f 2453/3533/927 2409/3534/927 2403/3535/927 2452/3536/927
f 2439/3549/917 2408/3535/917 2405/3534/917 2457/3550/917
f 2424/3580/941 2427/3581/941 2453/3582/941 2452/3583/941
f 2457/3584/941 2410/3585/941 2404/3586/941 2439/3587/941
f 2454/3582/935 2425/3581/935 2426/3580/935 2451/3583/935
f 2438/3587/935 2407/3586/935 2406/3585/935 2455/3584/935
f 2451/3602/935 2438/3603/935 2455/3604/935 2458/3605/935 2454/3606/935
usemtl brick_pavement.004
f 2405/3540/928 2409/3541/928 2453/3542/928 2457/3543/928
f 2455/3544/928 2456/3545/928 2459/3546/928 2458/3547/928
f 2453/3542/928 2454/3548/928 2458/3547/928 2459/3546/928 2456/3545/928 2457/3543/928
f 2453/3595/928 2427/3596/928 2425/3597/928 2454/3598/928
f 2456/3599/928 2455/3600/928 2406/3540/928 2410/3541/928 2457/3601/928
o SerwersP_010.mesh.006
v 32.283413 0.656503 4.803021
v 33.351646 0.656503 4.803023
v 31.576868 1.473387 4.803020
v 31.576868 0.656503 4.803020
v 34.058186 -0.701551 4.803024
v 34.058186 0.656503 4.803024
v 31.576868 -0.701551 4.803020
v 34.058186 1.473387 4.803024
v 32.817528 2.532911 4.803022
v 33.384296 2.406060 4.803023
v 33.812599 2.073720 4.803023
v 31.822454 2.073720 4.803021
v 32.250755 2.406060 4.803021
v 32.283413 0.656503 4.506953
v 33.351646 0.656503 4.506954
v 31.576870 1.473387 4.506952
v 31.576870 0.656503 4.506952
v 34.058186 -0.701551 4.506955
v 34.058186 0.656503 4.506955
v 33.812603 2.073720 4.506955
v 34.058186 1.473387 4.506955
v 31.576868 -0.701551 4.506952
v 32.250755 2.406060 4.506953
v 32.817528 2.532911 4.506954
v 33.384300 2.406060 4.506954
v 31.822454 2.073720 4.506952
vn -0.0000 -0.0000 1.0000
vn -0.0000 -0.0000 -1.0000
vn 1.0000 -0.0000 -0.0000
vn 0.9812 0.1929 -0.0000
vn 0.7963 0.6049 -0.0000
vn -1.0000 -0.0000 -0.0000
vn -0.0000 1.0000 -0.0000
vn -0.4260 0.9047 -0.0000
vn 0.4260 0.9047 -0.0000
vn -0.0000 -1.0000 -0.0000
vn -0.7963 0.6049 -0.0000
vn -0.9812 0.1929 -0.0000
vt 0.470261 0.194310
vt 0.251820 0.194310
vt 0.251820 0.446866
vt -0.423928 0.009287
vt 1.382217 0.009287
vt 1.382217 0.997811
vt 0.867928 0.997811
vt 0.090364 0.997811
vt -0.423927 0.997811
vt 0.800527 0.194310
vt 1.018970 0.446867
vt 0.943042 0.632472
vt 0.810624 0.735221
vt 0.635395 0.774440
vt 0.460166 0.735221
vt 0.327748 0.632472
vt 1.018970 0.194310
vt 0.392489 0.006852
vt 0.607511 0.006852
vt 0.607511 0.993148
vt 0.392489 0.993148
vt 0.454232 0.603908
vt 0.545768 0.603908
vt 0.545768 0.789513
vt 0.454232 0.789513
vt 0.454232 0.500000
vt 0.545768 0.500000
vt 0.545768 0.324771
vt 0.454232 0.324771
vt 0.454232 0.351352
vt 0.545768 0.351352
vt 0.454232 0.675229
vt 0.545768 0.675229
vt 0.454232 0.116425
vt 0.545768 0.116425
vt 0.545768 0.883575
vt 0.454232 0.883575
vt 0.454232 0.807647
vt 0.545768 0.807647
vt 0.454232 0.789513
vt 0.545768 0.789513
vt 0.545768 0.603908
vt 0.454232 0.603908
vt 0.545768 0.192353
vt 0.454232 0.192353
s 1
usemtl brick_modern.003
f 2461/3614/942 2465/3615/942 2467/3616/942
f 2474/3614/943 2473/3623/943 2475/3624/943 2485/3625/943 2482/3626/943 2483/3627/943 2484/3628/943 2479/3629/943 2480/3616/943
f 2460/3623/942 2462/3624/942 2463/3630/942
f 2474/3614/943 2480/3616/943 2478/3615/943
f 2473/3623/943 2476/3630/943 2475/3624/943
f 2467/3635/945 2480/3636/945 2479/3637/946 2470/3638/946
f 2468/3639/948 2483/3640/948 2482/3641/949 2472/3642/949
f 2465/3643/944 2478/3644/944 2480/3636/945 2467/3635/945
f 2469/3645/950 2484/3646/950 2483/3640/948 2468/3639/948
f 2470/3651/946 2479/3652/946 2484/3646/950 2469/3645/950
f 2471/3653/952 2485/3654/952 2475/3655/953 2462/3656/953
f 2462/3656/953 2475/3655/953 2476/3644/947 2463/3643/947
f 2472/3642/949 2482/3641/949 2485/3657/952 2471/3658/952
f 2461/3614/942 2467/3616/942 2470/3629/942 2469/3628/942 2468/3627/942 2472/3626/942 2471/3625/942 2462/3624/942 2460/3623/942
usemtl concrete_bare_01.003
f 2466/3617/942 2464/3618/942 2465/3619/942 2461/3620/942 2460/3621/942 2463/3622/942
f 2473/3621/943 2474/3620/943 2478/3619/943 2477/3618/943 2481/3617/943 2476/3622/943
f 2464/3631/944 2477/3632/944 2478/3633/944 2465/3634/944
f 2463/3634/947 2476/3633/947 2481/3632/947 2466/3631/947
f 2466/3647/951 2481/3648/951 2477/3649/951 2464/3650/951
o SerwersP.003_mesh.009
v 34.597527 1.670940 3.280213
v 34.597527 0.656504 3.280213
v 34.597527 -0.701550 2.211981
v 34.597527 0.656504 2.211981
v 34.597527 -0.701550 3.280213
v 34.597527 1.670939 2.211981
v 34.597523 1.473388 3.986757
v 34.597523 0.656503 3.986758
v 34.597527 -0.701550 1.505440
v 34.597527 0.656504 1.505440
v 34.597523 -0.701550 3.986758
v 34.597527 1.473388 1.505440
v 34.597527 2.532912 2.746099
v 34.597527 2.406060 2.179328
v 34.597527 2.073721 1.751025
v 34.597523 2.073720 3.741172
v 34.597527 2.406060 3.312870
v 38.784245 1.473388 3.986763
v 38.784245 0.656503 3.986763
v 38.784248 -0.701550 1.505446
v 38.784248 0.656504 1.505445
v 38.784245 -0.701550 3.986763
v 38.784248 1.473388 1.505445
v 38.784245 2.532912 2.746105
v 38.784248 2.406060 2.179334
v 38.784248 2.073721 1.751031
v 38.784245 2.073720 3.741178
v 38.784245 2.406060 3.312876
vn 1.0000 -0.0000 -0.0000
vn -0.0000 -0.1929 -0.9812
vn -0.0000 -0.6049 -0.7963
vn -0.0000 -0.1929 0.9812
vn -0.0000 -0.0000 1.0000
vn -0.0000 -0.9047 -0.4260
vn -0.0000 -1.0000 -0.0000
vn -0.0000 -0.6049 0.7963
vn -0.0000 -0.9047 0.4260
vn -0.0000 -0.0000 -1.0000
vn -0.0000 1.0000 -0.0000
vt 0.470261 0.507944
vt 0.470261 0.194310
vt 0.251820 0.194310
vt 0.251820 0.446866
vt 0.090364 0.009287
vt 0.090364 0.997811
vt -0.423927 0.997811
vt -0.423928 0.009287
vt 0.800527 0.507944
vt 0.327748 0.632472
vt 0.460166 0.735221
vt 0.635395 0.774440
vt 0.810624 0.735221
vt 0.943042 0.632472
vt 1.018970 0.446867
vt 0.867928 0.997811
vt 0.867928 0.009287
vt 1.382217 0.009287
vt 1.382217 0.997811
vt 0.800527 0.194310
vt 1.018970 0.194310
vt 0.686815 0.597886
vt 0.686815 0.783491
vt -0.607595 0.783491
vt -0.607595 0.597886
vt 0.686815 0.597886
vt 0.686815 0.345330
vt -0.607595 0.345330
vt -0.607595 0.597886
vt 0.686815 0.324771
vt 0.686815 0.500000
vt -0.607595 0.500000
vt -0.607595 0.324771
vt 0.686815 0.783491
vt -0.607595 0.783491
vt 0.686815 0.192353
vt -0.607595 0.324771
vt -0.607595 0.192353
vt 0.686815 0.675229
vt -0.607595 0.675229
vt -0.607595 0.500000
vt 1.280762 0.009138
vt 1.280762 0.997661
vt -1.766741 0.997661
vt -1.766741 0.009137
vt -0.607595 0.345330
vt 0.686815 0.807647
vt -0.607595 0.807647
vt -0.607595 0.675229
vt 0.997824 0.994752
vt 0.997824 0.005248
vt -0.671763 0.005248
vt -0.671763 0.994752
vt -1.766741 0.009138
vt -1.766741 0.997661
s 1
usemtl brick_modern.001
f 2491/3659/954 2489/3660/954 2495/3661/954 2497/3662/954
f 2486/3667/954 2491/3659/954 2497/3662/954 2500/3668/954 2499/3669/954 2498/3670/954 2502/3671/954 2501/3672/954 2492/3673/954
f 2487/3678/954 2486/3667/954 2492/3673/954 2493/3679/954
f 2492/3680/955 2501/3681/956 2512/3682/956 2503/3683/955
f 2497/3684/957 2495/3685/958 2506/3686/958 2508/3687/957
f 2502/3688/959 2498/3689/960 2509/3690/960 2513/3691/959
f 2500/3692/961 2497/3684/957 2508/3683/957 2511/3693/961
f 2501/3694/956 2502/3688/959 2513/3695/959 2512/3696/956
f 2498/3689/960 2499/3697/962 2510/3698/962 2509/3699/960
f 2493/3685/963 2492/3680/955 2503/3683/955 2504/3704/963
f 2499/3697/962 2500/3705/961 2511/3706/961 2510/3707/962
usemtl concrete_bare_01.001
f 2490/3663/954 2487/3664/954 2493/3665/954 2496/3666/954
f 2489/3674/954 2488/3675/954 2494/3676/954 2495/3677/954
f 2496/3700/963 2493/3701/963 2504/3702/963 2507/3703/963
f 2495/3701/958 2494/3700/958 2505/3712/958 2506/3713/958
usemtl brick_pavement.001
f 2494/3708/964 2496/3709/964 2507/3710/964 2505/3711/964
o SerwersP_010.mesh.007
v 38.968719 0.656503 3.280219
v 38.968723 0.656503 2.211987
v 38.968719 1.473387 3.986763
v 38.968719 0.656503 3.986763
v 38.968723 -0.701551 1.505446
v 38.968723 0.656503 1.505446
v 38.968719 -0.701551 3.986764
v 38.968723 1.473387 1.505446
v 38.968719 2.532911 2.746105
v 38.968723 2.406060 2.179334
v 38.968723 2.073720 1.751031
v 38.968719 2.073720 3.741178
v 38.968719 2.406060 3.312876
v 38.672653 0.656503 3.280218
v 38.672653 0.656503 2.211986
v 38.672649 1.473387 3.986763
v 38.672649 0.656503 3.986763
v 38.672653 -0.701551 1.505446
v 38.672653 0.656503 1.505445
v 38.672653 2.073720 1.751031
v 38.672653 1.473387 1.505445
v 38.672649 -0.701551 3.986763
v 38.672649 2.406060 3.312876
v 38.672653 2.532911 2.746105
v 38.672653 2.406060 2.179334
v 38.672649 2.073720 3.741178
vn 1.0000 -0.0000 -0.0000
vn -1.0000 -0.0000 -0.0000
vn -0.0000 -0.0000 -1.0000
vn -0.0000 0.1929 -0.9812
vn -0.0000 0.6049 -0.7963
vn -0.0000 -0.0000 1.0000
vn -0.0000 1.0000 -0.0000
vn -0.0000 0.9047 0.4260
vn -0.0000 0.9047 -0.4260
vn -0.0000 -1.0000 -0.0000
vn -0.0000 0.6049 0.7963
vn -0.0000 0.1929 0.9812
vt 0.470261 0.194310
vt 0.251820 0.194310
vt 0.251820 0.446866
vt -0.423928 0.009287
vt 1.382217 0.009287
vt 1.382217 0.997811
vt 0.867928 0.997811
vt 0.090364 0.997811
vt -0.423927 0.997811
vt 0.800527 0.194310
vt 1.018970 0.446867
vt 0.943042 0.632472
vt 0.810624 0.735221
vt 0.635395 0.774440
vt 0.460166 0.735221
vt 0.327748 0.632472
vt 1.018970 0.194310
vt 0.392489 0.006852
vt 0.607511 0.006852
vt 0.607511 0.993148
vt 0.392489 0.993148
vt 0.454232 0.603908
vt 0.545768 0.603908
vt 0.545768 0.789513
vt 0.454232 0.789513
vt 0.454232 0.500000
vt 0.545768 0.500000
vt 0.545768 0.324771
vt 0.454232 0.324771
vt 0.454232 0.351352
vt 0.545768 0.351352
vt 0.454232 0.675229
vt 0.545768 0.675229
vt 0.454232 0.116425
vt 0.545768 0.116425
vt 0.545768 0.883575
vt 0.454232 0.883575
vt 0.454232 0.807647
vt 0.545768 0.807647
vt 0.454232 0.789513
vt 0.545768 0.789513
vt 0.545768 0.603908
vt 0.454232 0.603908
vt 0.545768 0.192353
vt 0.454232 0.192353
s 1
usemtl brick_modern.003
f 2515/3714/965 2519/3715/965 2521/3716/965
f 2528/3714/966 2527/3723/966 2529/3724/966 2539/3725/966 2536/3726/966 2537/3727/966 2538/3728/966 2533/3729/966 2534/3716/966
f 2514/3723/965 2516/3724/965 2517/3730/965
f 2528/3714/966 2534/3716/966 2532/3715/966
f 2527/3723/966 2530/3730/966 2529/3724/966
f 2521/3735/968 2534/3736/968 2533/3737/969 2524/3738/969
f 2522/3739/971 2537/3740/971 2536/3741/972 2526/3742/972
f 2519/3743/967 2532/3744/967 2534/3736/968 2521/3735/968
f 2523/3745/973 2538/3746/973 2537/3740/971 2522/3739/971
f 2524/3751/969 2533/3752/969 2538/3746/973 2523/3745/973
f 2525/3753/975 2539/3754/975 2529/3755/976 2516/3756/976
f 2516/3756/976 2529/3755/976 2530/3744/970 2517/3743/970
f 2526/3742/972 2536/3741/972 2539/3757/975 2525/3758/975
f 2515/3714/965 2521/3716/965 2524/3729/965 2523/3728/965 2522/3727/965 2526/3726/965 2525/3725/965 2516/3724/965 2514/3723/965
usemtl concrete_bare_01.003
f 2520/3717/965 2518/3718/965 2519/3719/965 2515/3720/965 2514/3721/965 2517/3722/965
f 2527/3721/966 2528/3720/966 2532/3719/966 2531/3718/966 2535/3717/966 2530/3722/966
f 2518/3731/967 2531/3732/967 2532/3733/967 2519/3734/967
f 2517/3734/970 2530/3733/970 2535/3732/970 2520/3731/970
f 2520/3747/974 2535/3748/974 2531/3749/974 2518/3750/974
o Serwers_011.mesh.006
v 38.895103 4.797096 -11.867310
v 35.430622 4.797097 -11.867311
v 35.430618 -1.472444 -11.867311
v 38.895103 -1.472444 -11.867310
v 38.895103 -1.472444 -12.846802
v 35.430622 -1.472444 -12.846804
v 35.430622 -0.701551 -13.024635
v 38.895103 -0.701551 -13.024632
v 38.895103 -0.701551 -14.515318
v 35.430622 -0.701551 -14.515321
v 38.895107 0.656503 -15.169323
v 35.430622 0.656503 -15.169325
v 38.895107 2.163829 -15.169323
v 35.430622 2.163829 -15.169325
v 38.895103 3.521883 -14.515318
v 35.430622 3.521883 -14.515321
v 38.895103 4.461685 -13.336843
v 35.430622 4.461685 -13.336845
v 40.463921 -0.701551 -11.867309
v 40.463921 -0.701551 -13.024632
v 40.463921 -0.701551 -14.515318
v 40.463921 0.656503 -15.169321
v 40.463921 2.163829 -15.169321
v 40.463921 3.521883 -14.515318
v 40.463921 4.461685 -13.336843
v 40.463921 4.797096 -11.867309
v 38.895103 -0.701551 -11.867310
v 38.895103 -1.472444 -10.887817
v 35.430618 -1.472444 -10.887819
v 35.430618 -0.701551 -10.709989
v 38.895103 -0.701551 -10.709987
v 38.895100 -0.701551 -9.219301
v 35.430618 -0.701551 -9.219303
v 38.895100 0.656503 -8.565296
v 35.430618 0.656503 -8.565299
v 38.895100 2.163829 -8.565296
v 35.430618 2.163829 -8.565299
v 38.895103 3.521883 -9.219301
v 35.430618 3.521883 -9.219303
v 38.895103 4.461685 -10.397776
v 35.430618 4.461685 -10.397778
v 40.463917 -0.701551 -10.709986
v 40.463917 -0.701551 -9.219299
v 40.463917 0.656503 -8.565296
v 40.463917 2.163829 -8.565296
v 40.463917 3.521883 -9.219299
v 40.463917 4.461685 -10.397775
vn -0.0000 1.0000 -0.0000
vn -0.0000 0.2248 0.9744
vn -0.0000 0.4339 0.9010
vn -0.0000 0.2225 0.9749
vn -0.0000 -0.2225 0.9749
vn -0.0000 -0.6235 0.7818
vn -0.0000 -0.9010 0.4339
vn -0.0000 -1.0000 -0.0000
vn -1.0000 -0.0000 -0.0000
vn -0.0000 0.2248 -0.9744
vn -0.0000 0.4339 -0.9010
vn -0.0000 0.2225 -0.9749
vn -0.0000 -0.2225 -0.9749
vn -0.0000 -0.6235 -0.7818
vn -0.0000 -0.9010 -0.4339
vt -0.258957 1.006753
vt -0.258957 1.237606
vt 0.557576 1.237606
vt 0.557576 1.006753
vt -0.258957 0.195233
vt -0.258957 0.013544
vt 0.557576 0.013544
vt 0.557576 0.195233
vt -0.258957 0.646012
vt -0.258957 0.997347
vt 0.557576 0.997347
vt 0.557576 0.646012
vt 0.449827 0.005138
vt 0.449827 0.241734
vt -0.153743 0.241734
vt -0.153743 0.005138
vt 0.449827 0.241734
vt 0.449827 0.504334
vt -0.153743 0.504335
vt 0.449827 0.504334
vt 0.449827 0.740930
vt -0.153743 0.740930
vt 0.449827 0.533535
vt 0.449827 0.738845
vt -0.153743 0.738845
vt -0.153743 0.533535
vt 0.449827 0.738845
vt 0.449827 0.994861
vt -0.153743 0.994861
vt 0.723140 0.005138
vt 0.723140 0.241734
vt 0.774810 0.187630
vt 0.774810 1.065713
vt 0.540417 1.012215
vt 0.352449 0.862315
vt 0.248135 0.645704
vt 0.248135 0.405283
vt 0.352449 0.188672
vt 0.590215 0.188672
vt 0.723141 0.738845
vt 0.723141 0.994861
vt 0.723141 0.533535
vt 0.723141 0.738845
vt 0.723141 0.504334
vt 0.723140 0.740930
vt 0.927325 0.646012
vt 0.723141 0.241734
vt 0.723140 0.504334
vt 0.513563 0.642117
vt 0.513563 0.997997
vt 0.776097 0.997997
vt 0.776097 0.642117
vt 0.555361 0.005290
vt 0.555361 0.202338
vt 0.259536 0.202338
vt 0.304992 0.005290
vt 0.175407 0.642117
s 1
usemtl concrete_base.004
f 2545/3759/977 2542/3760/977 2543/3761/977 2544/3762/977
f 2546/3763/978 2545/3764/978 2544/3765/978 2547/3766/978
f 2549/3767/977 2546/3768/977 2547/3769/977 2548/3770/977
f 2548/3770/977 2547/3769/977 2560/3804/977
f 2559/3807/977 2547/3808/977 2566/3809/977 2558/3810/977
f 2543/3811/985 2566/3812/985 2547/3813/985 2544/3814/985
f 2560/3815/977 2547/3808/977 2559/3807/977
f 2568/3759/977 2567/3762/977 2543/3761/977 2542/3760/977
f 2569/3763/986 2570/3766/986 2567/3765/986 2568/3764/986
f 2572/3767/977 2571/3770/977 2570/3769/977 2569/3768/977
f 2571/3770/977 2582/3804/977 2570/3769/977
f 2581/3807/977 2558/3810/977 2566/3809/977 2570/3808/977
f 2543/3811/985 2567/3814/985 2570/3813/985 2566/3812/985
f 2582/3815/977 2581/3807/977 2570/3808/977
usemtl brick_modern_01.004
f 2548/3771/979 2550/3772/980 2551/3773/980 2549/3774/979
f 2550/3775/980 2552/3776/981 2553/3777/981 2551/3773/980
f 2552/3778/981 2554/3779/982 2555/3780/982 2553/3777/981
f 2554/3781/982 2556/3782/983 2557/3783/983 2555/3784/982
f 2556/3785/983 2540/3786/984 2541/3787/984 2557/3783/983
f 2550/3772/980 2548/3771/979 2560/3788/979 2561/3789/980
f 2558/3790/985 2565/3791/985 2564/3792/985 2563/3793/985 2562/3794/985 2561/3795/985 2560/3796/985 2559/3797/985
f 2540/3786/984 2556/3785/983 2564/3798/983 2565/3799/984
f 2556/3782/983 2554/3781/982 2563/3800/982 2564/3801/983
f 2554/3779/982 2552/3778/981 2562/3802/981 2563/3803/982
f 2552/3776/981 2550/3775/980 2561/3805/980 2562/3806/981
f 2571/3771/987 2572/3774/987 2574/3773/988 2573/3772/988
f 2573/3775/988 2574/3773/988 2576/3777/989 2575/3776/989
f 2575/3778/989 2576/3777/989 2578/3780/990 2577/3779/990
f 2577/3781/990 2578/3784/990 2580/3783/991 2579/3782/991
f 2579/3785/991 2580/3783/991 2541/3787/984 2540/3786/984
f 2573/3772/988 2583/3789/988 2582/3788/987 2571/3771/987
f 2558/3790/985 2581/3797/985 2582/3796/985 2583/3795/985 2584/3794/985 2585/3793/985 2586/3792/985 2565/3791/985
f 2540/3786/984 2565/3799/984 2586/3798/991 2579/3785/991
f 2579/3782/991 2586/3801/991 2585/3800/990 2577/3781/990
f 2577/3779/990 2585/3803/990 2584/3802/989 2575/3778/989
f 2575/3776/989 2584/3806/989 2583/3805/988 2573/3775/988
o Serwers_011.mesh.003
v 11.560554 4.797096 8.512821
v 11.560551 4.797097 11.977304
v 11.560551 -1.472444 11.977304
v 11.560554 -1.472444 8.512821
v 10.581061 -1.472444 8.512820
v 10.581059 -1.472444 11.977304
v 10.403227 -0.701551 11.977304
v 10.403231 -0.701551 8.512820
v 8.912544 -0.701551 8.512819
v 8.912541 -0.701551 11.977303
v 8.258541 0.656503 8.512818
v 8.258537 0.656503 11.977302
v 8.258541 2.163829 8.512818
v 8.258537 2.163829 11.977302
v 8.912544 3.521883 8.512818
v 8.912541 3.521883 11.977302
v 10.091020 4.461685 8.512819
v 10.091016 4.461685 11.977303
v 11.560555 -0.701551 6.944006
v 10.403232 -0.701551 6.944005
v 8.912546 -0.701551 6.944003
v 8.258542 0.656503 6.944003
v 8.258542 2.163829 6.944002
v 8.912546 3.521883 6.944003
v 10.091021 4.461685 6.944004
v 11.560555 4.797096 6.944005
v 11.560554 -0.701551 8.512821
v 12.540046 -1.472444 8.512822
v 12.540043 -1.472444 11.977305
v 12.717874 -0.701551 11.977305
v 12.717876 -0.701551 8.512822
v 14.208563 -0.701551 8.512824
v 14.208559 -0.701551 11.977307
v 14.862566 0.656503 8.512824
v 14.862563 0.656503 11.977307
v 14.862566 2.163829 8.512824
v 14.862563 2.163829 11.977307
v 14.208563 3.521883 8.512824
v 14.208559 3.521883 11.977306
v 13.030087 4.461685 8.512822
v 13.030085 4.461685 11.977305
v 12.717878 -0.701551 6.944007
v 14.208564 -0.701551 6.944008
v 14.862568 0.656503 6.944009
v 14.862568 2.163829 6.944009
v 14.208564 3.521883 6.944008
v 13.030089 4.461685 6.944007
vn -0.0000 1.0000 -0.0000
vn 0.9744 0.2248 -0.0000
vn 0.9010 0.4339 -0.0000
vn 0.9749 0.2225 -0.0000
vn 0.9749 -0.2225 -0.0000
vn 0.7818 -0.6235 -0.0000
vn 0.4339 -0.9010 -0.0000
vn -0.0000 -1.0000 -0.0000
vn -0.0000 -0.0000 1.0000
vn -0.9744 0.2248 -0.0000
vn -0.9010 0.4339 -0.0000
vn -0.9749 0.2225 -0.0000
vn -0.9749 -0.2225 -0.0000
vn -0.7818 -0.6235 -0.0000
vn -0.4339 -0.9010 -0.0000
vt -0.258957 1.006753
vt -0.258957 1.237606
vt 0.557576 1.237606
vt 0.557576 1.006753
vt -0.258957 0.195233
vt -0.258957 0.013544
vt 0.557576 0.013544
vt 0.557576 0.195233
vt -0.258957 0.646012
vt -0.258957 0.997347
vt 0.557576 0.997347
vt 0.557576 0.646012
vt 0.449827 0.005138
vt 0.449827 0.241734
vt -0.153743 0.241734
vt -0.153743 0.005138
vt 0.449827 0.241734
vt 0.449827 0.504334
vt -0.153743 0.504335
vt 0.449827 0.504334
vt 0.449827 0.740930
vt -0.153743 0.740930
vt 0.449827 0.533535
vt 0.449827 0.738845
vt -0.153743 0.738845
vt -0.153743 0.533535
vt 0.449827 0.738845
vt 0.449827 0.994861
vt -0.153743 0.994861
vt 0.723140 0.005138
vt 0.723140 0.241734
vt 0.774810 0.187630
vt 0.774810 1.065713
vt 0.540417 1.012215
vt 0.352449 0.862315
vt 0.248135 0.645704
vt 0.248135 0.405283
vt 0.352449 0.188672
vt 0.590215 0.188672
vt 0.723141 0.738845
vt 0.723141 0.994861
vt 0.723141 0.533535
vt 0.723141 0.738845
vt 0.723141 0.504334
vt 0.723140 0.740930
vt 0.927325 0.646012
vt 0.723141 0.241734
vt 0.723140 0.504334
vt 0.513563 0.642117
vt 0.513563 0.997997
vt 0.776097 0.997997
vt 0.776097 0.642117
vt 0.555361 0.005290
vt 0.555361 0.202338
vt 0.259536 0.202338
vt 0.304992 0.005290
vt 0.175407 0.642117
s 1
usemtl concrete_base.004
f 2592/3816/992 2589/3817/992 2590/3818/992 2591/3819/992
f 2593/3820/993 2592/3821/993 2591/3822/993 2594/3823/993
f 2596/3824/992 2593/3825/992 2594/3826/992 2595/3827/992
f 2595/3827/992 2594/3826/992 2607/3861/992
f 2606/3864/992 2594/3865/992 2613/3866/992 2605/3867/992
f 2590/3868/1000 2613/3869/1000 2594/3870/1000 2591/3871/1000
f 2607/3872/992 2594/3865/992 2606/3864/992
f 2615/3816/992 2614/3819/992 2590/3818/992 2589/3817/992
f 2616/3820/1001 2617/3823/1001 2614/3822/1001 2615/3821/1001
f 2619/3824/992 2618/3827/992 2617/3826/992 2616/3825/992
f 2618/3827/992 2629/3861/992 2617/3826/992
f 2628/3864/992 2605/3867/992 2613/3866/992 2617/3865/992
f 2590/3868/1000 2614/3871/1000 2617/3870/1000 2613/3869/1000
f 2629/3872/992 2628/3864/992 2617/3865/992
usemtl brick_modern_01.004
f 2595/3828/994 2597/3829/995 2598/3830/995 2596/3831/994
f 2597/3832/995 2599/3833/996 2600/3834/996 2598/3830/995
f 2599/3835/996 2601/3836/997 2602/3837/997 2600/3834/996
f 2601/3838/997 2603/3839/998 2604/3840/998 2602/3841/997
f 2603/3842/998 2587/3843/999 2588/3844/999 2604/3840/998
f 2597/3829/995 2595/3828/994 2607/3845/994 2608/3846/995
f 2605/3847/1000 2612/3848/1000 2611/3849/1000 2610/3850/1000 2609/3851/1000 2608/3852/1000 2607/3853/1000 2606/3854/1000
f 2587/3843/999 2603/3842/998 2611/3855/998 2612/3856/999
f 2603/3839/998 2601/3838/997 2610/3857/997 2611/3858/998
f 2601/3836/997 2599/3835/996 2609/3859/996 2610/3860/997
f 2599/3833/996 2597/3832/995 2608/3862/995 2609/3863/996
f 2618/3828/1002 2619/3831/1002 2621/3830/1003 2620/3829/1003
f 2620/3832/1003 2621/3830/1003 2623/3834/1004 2622/3833/1004
f 2622/3835/1004 2623/3834/1004 2625/3837/1005 2624/3836/1005
f 2624/3838/1005 2625/3841/1005 2627/3840/1006 2626/3839/1006
f 2626/3842/1006 2627/3840/1006 2588/3844/999 2587/3843/999
f 2620/3829/1003 2630/3846/1003 2629/3845/1002 2618/3828/1002
f 2605/3847/1000 2628/3854/1000 2629/3853/1000 2630/3852/1000 2631/3851/1000 2632/3850/1000 2633/3849/1000 2612/3848/1000
f 2587/3843/999 2612/3856/999 2633/3855/1006 2626/3842/1006
f 2626/3839/1006 2633/3858/1006 2632/3857/1005 2624/3838/1005
f 2624/3836/1005 2632/3860/1005 2631/3859/1004 2622/3835/1004
f 2622/3833/1004 2631/3863/1004 2630/3862/1003 2620/3832/1003
o Serwers_011.mesh.007
v -21.590364 4.797096 -7.835677
v -21.590364 4.797097 -4.371194
v -21.590364 -1.472444 -4.371193
v -21.590364 -1.472444 -7.835676
v -22.569857 -1.472444 -7.835676
v -22.569857 -1.472444 -4.371193
v -22.747688 -0.701551 -4.371193
v -22.747688 -0.701551 -7.835676
v -24.238373 -0.701551 -7.835676
v -24.238373 -0.701551 -4.371193
v -24.892378 0.656503 -7.835676
v -24.892378 0.656503 -4.371193
v -24.892378 2.163829 -7.835676
v -24.892378 2.163829 -4.371193
v -24.238373 3.521883 -7.835677
v -24.238373 3.521883 -4.371193
v -23.059898 4.461685 -7.835677
v -23.059898 4.461685 -4.371194
v -21.590364 -0.701551 -9.404492
v -22.747688 -0.701551 -9.404492
v -24.238373 -0.701551 -9.404491
v -24.892378 0.656503 -9.404492
v -24.892378 2.163829 -9.404492
v -24.238373 3.521883 -9.404492
v -23.059898 4.461685 -9.404492
v -21.590364 4.797096 -9.404492
v -21.590364 -0.701551 -7.835676
v -20.610872 -1.472444 -7.835676
v -20.610872 -1.472444 -4.371193
v -20.433041 -0.701551 -4.371193
v -20.433041 -0.701551 -7.835677
v -18.942356 -0.701551 -7.835677
v -18.942356 -0.701551 -4.371193
v -18.288351 0.656503 -7.835677
v -18.288351 0.656503 -4.371194
v -18.288351 2.163829 -7.835677
v -18.288351 2.163829 -4.371194
v -18.942356 3.521883 -7.835677
v -18.942356 3.521883 -4.371194
v -20.120831 4.461685 -7.835677
v -20.120831 4.461685 -4.371194
v -20.433041 -0.701551 -9.404492
v -18.942356 -0.701551 -9.404492
v -18.288351 0.656503 -9.404492
v -18.288351 2.163829 -9.404492
v -18.942356 3.521883 -9.404492
v -20.120831 4.461685 -9.404492
vn -0.0000 1.0000 -0.0000
vn 0.9744 0.2248 -0.0000
vn 0.9010 0.4339 -0.0000
vn 0.9749 0.2225 -0.0000
vn 0.9749 -0.2225 -0.0000
vn 0.7818 -0.6235 -0.0000
vn 0.4339 -0.9010 -0.0000
vn -0.0000 -1.0000 -0.0000
vn -0.0000 -0.0000 1.0000
vn -0.9744 0.2248 -0.0000
vn -0.9010 0.4339 -0.0000
vn -0.9749 0.2225 -0.0000
vn -0.9749 -0.2225 -0.0000
vn -0.7818 -0.6235 -0.0000
vn -0.4339 -0.9010 -0.0000
vt -0.258957 1.006753
vt -0.258957 1.237606
vt 0.557576 1.237606
vt 0.557576 1.006753
vt -0.258957 0.195233
vt -0.258957 0.013544
vt 0.557576 0.013544
vt 0.557576 0.195233
vt -0.258957 0.646012
vt -0.258957 0.997347
vt 0.557576 0.997347
vt 0.557576 0.646012
vt 0.449827 0.005138
vt 0.449827 0.241734
vt -0.153743 0.241734
vt -0.153743 0.005138
vt 0.449827 0.241734
vt 0.449827 0.504334
vt -0.153743 0.504335
vt 0.449827 0.504334
vt 0.449827 0.740930
vt -0.153743 0.740930
vt 0.449827 0.533535
vt 0.449827 0.738845
vt -0.153743 0.738845
vt -0.153743 0.533535
vt 0.449827 0.738845
vt 0.449827 0.994861
vt -0.153743 0.994861
vt 0.723140 0.005138
vt 0.723140 0.241734
vt 0.774810 0.187630
vt 0.774810 1.065713
vt 0.540417 1.012215
vt 0.352449 0.862315
vt 0.248135 0.645704
vt 0.248135 0.405283
vt 0.352449 0.188672
vt 0.590215 0.188672
vt 0.723141 0.738845
vt 0.723141 0.994861
vt 0.723141 0.533535
vt 0.723141 0.738845
vt 0.723141 0.504334
vt 0.723140 0.740930
vt 0.927325 0.646012
vt 0.723141 0.241734
vt 0.723140 0.504334
vt 0.513563 0.642117
vt 0.513563 0.997997
vt 0.776097 0.997997
vt 0.776097 0.642117
vt 0.555361 0.005290
vt 0.555361 0.202338
vt 0.259536 0.202338
vt 0.304992 0.005290
vt 0.175407 0.642117
s 1
usemtl concrete_base.004
f 2639/3873/1007 2636/3874/1007 2637/3875/1007 2638/3876/1007
f 2640/3877/1008 2639/3878/1008 2638/3879/1008 2641/3880/1008
f 2643/3881/1007 2640/3882/1007 2641/3883/1007 2642/3884/1007
f 2642/3884/1007 2641/3883/1007 2654/3918/1007
f 2653/3921/1007 2641/3922/1007 2660/3923/1007 2652/3924/1007
f 2637/3925/1015 2660/3926/1015 2641/3927/1015 2638/3928/1015
f 2654/3929/1007 2641/3922/1007 2653/3921/1007
f 2662/3873/1007 2661/3876/1007 2637/3875/1007 2636/3874/1007
f 2663/3877/1016 2664/3880/1016 2661/3879/1016 2662/3878/1016
f 2666/3881/1007 2665/3884/1007 2664/3883/1007 2663/3882/1007
f 2665/3884/1007 2676/3918/1007 2664/3883/1007
f 2675/3921/1007 2652/3924/1007 2660/3923/1007 2664/3922/1007
f 2637/3925/1015 2661/3928/1015 2664/3927/1015 2660/3926/1015
f 2676/3929/1007 2675/3921/1007 2664/3922/1007
usemtl brick_modern_01.004
f 2642/3885/1009 2644/3886/1010 2645/3887/1010 2643/3888/1009
f 2644/3889/1010 2646/3890/1011 2647/3891/1011 2645/3887/1010
f 2646/3892/1011 2648/3893/1012 2649/3894/1012 2647/3891/1011
f 2648/3895/1012 2650/3896/1013 2651/3897/1013 2649/3898/1012
f 2650/3899/1013 2634/3900/1014 2635/3901/1014 2651/3897/1013
f 2644/3886/1010 2642/3885/1009 2654/3902/1009 2655/3903/1010
f 2652/3904/1015 2659/3905/1015 2658/3906/1015 2657/3907/1015 2656/3908/1015 2655/3909/1015 2654/3910/1015 2653/3911/1015
f 2634/3900/1014 2650/3899/1013 2658/3912/1013 2659/3913/1014
f 2650/3896/1013 2648/3895/1012 2657/3914/1012 2658/3915/1013
f 2648/3893/1012 2646/3892/1011 2656/3916/1011 2657/3917/1012
f 2646/3890/1011 2644/3889/1010 2655/3919/1010 2656/3920/1011
f 2665/3885/1017 2666/3888/1017 2668/3887/1018 2667/3886/1018
f 2667/3889/1018 2668/3887/1018 2670/3891/1019 2669/3890/1019
f 2669/3892/1019 2670/3891/1019 2672/3894/1020 2671/3893/1020
f 2671/3895/1020 2672/3898/1020 2674/3897/1021 2673/3896/1021
f 2673/3899/1021 2674/3897/1021 2635/3901/1014 2634/3900/1014
f 2667/3886/1018 2677/3903/1018 2676/3902/1017 2665/3885/1017
f 2652/3904/1015 2675/3911/1015 2676/3910/1015 2677/3909/1015 2678/3908/1015 2679/3907/1015 2680/3906/1015 2659/3905/1015
f 2634/3900/1014 2659/3913/1014 2680/3912/1021 2673/3899/1021
f 2673/3896/1021 2680/3915/1021 2679/3914/1020 2671/3895/1020
f 2671/3893/1020 2679/3917/1020 2678/3916/1019 2669/3892/1019
f 2669/3890/1019 2678/3920/1019 2677/3919/1018 2667/3889/1018
o SerwersP1_010.mesh.002
v -0.152643 -1.409666 3.127810
v -0.152644 4.740670 3.127810
v -0.267659 -1.409666 3.127810
v -0.267659 4.740670 3.127810
v -0.152644 -1.409666 3.086964
v -0.152644 4.740670 3.086964
v -0.267659 -1.409666 3.086964
v -0.267659 4.740670 3.086964
v -0.604388 -1.409666 3.127810
v -0.604388 4.668023 3.127810
v -0.719403 -1.409666 3.127810
v -0.719403 4.668023 3.127810
v -0.604388 -1.409666 3.086964
v -0.604388 4.668023 3.086964
v -0.719403 -1.409666 3.086964
v -0.719403 4.668023 3.086964
v -1.020586 -1.409666 3.127810
v -1.020586 4.534349 3.127810
v -1.135602 -1.409666 3.127810
v -1.135602 4.534349 3.127810
v -1.020586 -1.409666 3.086964
v -1.020586 4.534349 3.086964
v -1.135602 -1.409666 3.086964
v -1.135602 4.534349 3.086964
v -1.545877 -1.409666 3.127810
v -1.545877 4.379601 3.127810
v -1.660893 -1.409666 3.127810
v -1.660893 4.379601 3.127810
v -1.545877 -1.409666 3.086964
v -1.545877 4.379601 3.086964
v -1.660893 -1.409666 3.086965
v -1.660893 4.379601 3.086965
v 0.152643 -1.409666 3.127810
v 0.152644 4.740670 3.127810
v 0.267659 -1.409666 3.127810
v 0.267660 4.740670 3.127810
v 0.152643 -1.409666 3.086964
v 0.152644 4.740670 3.086964
v 0.267659 -1.409666 3.086964
v 0.267659 4.740670 3.086964
v 0.604387 -1.409666 3.127810
v 0.604388 4.668023 3.127810
v 0.719403 -1.409666 3.127810
v 0.719403 4.668023 3.127810
v 0.604387 -1.409666 3.086964
v 0.604388 4.668023 3.086964
v 0.719403 -1.409666 3.086964
v 0.719403 4.668023 3.086964
v 1.020586 -1.409666 3.127809
v 1.020587 4.534348 3.127809
v 1.135602 -1.409666 3.127809
v 1.135603 4.534348 3.127809
v 1.020586 -1.409666 3.086964
v 1.020587 4.534348 3.086964
v 1.135602 -1.409666 3.086964
v 1.135603 4.534348 3.086964
v 1.545877 -1.409666 3.127809
v 1.545877 4.379601 3.127809
v 1.660892 -1.409666 3.127809
v 1.660893 4.379601 3.127809
v 1.545877 -1.409666 3.086963
v 1.545877 4.379601 3.086963
v 1.660892 -1.409666 3.086963
v 1.660893 4.379601 3.086963
v -2.848139 -0.336997 3.124161
v 2.819839 -0.336997 3.124159
v -2.848139 -0.243566 3.124161
v 2.819839 -0.243566 3.124159
v -2.848139 -0.336997 3.090615
v 2.819839 -0.336997 3.090613
v -2.848139 -0.243566 3.090615
v 2.819839 -0.243566 3.090613
v -3.375042 0.921853 3.124161
v 3.346742 0.921853 3.124159
v -3.375042 1.015285 3.124161
v 3.346742 1.015285 3.124159
v -3.375042 0.921853 3.090615
v 3.346742 0.921853 3.090613
v -3.375042 1.015285 3.090615
v 3.346742 1.015285 3.090613
v -3.079755 2.663548 3.124161
v 3.051455 2.663548 3.124159
v -3.079755 2.756979 3.124161
v 3.051455 2.756979 3.124159
v -3.079755 2.663548 3.090615
v 3.051455 2.663548 3.090613
v -3.079755 2.756979 3.090615
v 3.051455 2.756979 3.090613
v -3.418745 2.141193 3.165868
v -3.460063 0.910172 3.165868
v 2.206085 -1.485538 3.165866
v 3.460063 0.910172 3.165865
v -2.206087 -1.485538 3.165868
v 3.418746 2.141192 3.165865
v -0.000006 4.866761 3.165867
v 1.730908 4.423006 3.165866
v 2.771372 3.431120 3.165866
v -2.771371 3.431120 3.165868
v -1.730919 4.423006 3.165867
v -3.282987 2.124155 3.165868
v -3.322664 0.910172 3.165868
v 2.118482 -1.398889 3.165866
v 3.322664 0.910172 3.165866
v 2.658268 3.376867 3.165866
v 3.282988 2.124154 3.165866
v -2.118483 -1.398889 3.165867
v -1.665246 4.342678 3.165867
v -0.000006 4.777969 3.165867
v 1.665234 4.342678 3.165866
v -2.658267 3.376867 3.165868
v -3.282987 2.124155 3.048908
v -3.322664 0.910172 3.048908
v 2.118481 -1.398889 3.048906
v 3.322664 0.910172 3.048906
v 2.658268 3.376867 3.048906
v 3.282988 2.124154 3.048906
v -2.118483 -1.398889 3.048908
v -1.665246 4.342678 3.048908
v -0.000006 4.777969 3.048907
v 1.665234 4.342678 3.048906
v -2.658267 3.376867 3.048908
v -3.418745 2.141193 3.048908
v -3.460063 0.910172 3.048908
v 2.206085 -1.485538 3.048906
v 3.460063 0.910172 3.048906
v 2.771372 3.431120 3.048906
v 3.418746 2.141192 3.048906
v -2.206087 -1.485538 3.048908
v -1.730919 4.423006 3.048908
v -0.000006 4.866761 3.048907
v 1.730908 4.423006 3.048906
v -2.771371 3.431120 3.048908
v -2.147608 -1.404105 3.127810
v -2.147608 3.896077 3.127810
v -2.262624 -1.404105 3.127810
v -2.262624 3.896077 3.127810
v -2.147608 -1.404105 3.086965
v -2.147608 3.896077 3.086965
v -2.262624 -1.404105 3.086965
v -2.262624 3.896077 3.086965
v 2.178688 -1.404104 3.127809
v 2.178687 3.986020 3.127809
v 2.063672 -1.404104 3.127809
v 2.063672 3.986020 3.127809
v 2.178688 -1.404104 3.086963
v 2.178687 3.986020 3.086963
v 2.063672 -1.404104 3.086963
v 2.063672 3.986020 3.086963
v 2.712954 -0.473982 3.127809
v 2.712953 3.455506 3.127809
v 2.597938 -0.473982 3.127809
v 2.597938 3.455506 3.127809
v 2.712954 -0.473982 3.086963
v 2.712953 3.455506 3.086963
v 2.597938 -0.473982 3.086963
v 2.597938 3.455506 3.086963
v -2.715272 -0.268895 3.127811
v -2.715273 3.314372 3.127811
v -2.830288 -0.268895 3.127811
v -2.830288 3.314372 3.127811
v -2.715272 -0.268895 3.086965
v -2.715273 3.314372 3.086965
v -2.830288 -0.268895 3.086965
v -2.830288 3.314372 3.086965
vn -0.0000 -0.0000 1.0000
vn -1.0000 -0.0000 -0.0000
vn -0.0000 -0.0000 -1.0000
vn 1.0000 -0.0000 -0.0000
vn -0.0000 1.0000 -0.0000
vn -0.0000 -1.0000 -0.0000
vn -0.4913 -0.8710 -0.0000
vn 0.9750 0.2221 -0.0000
vn 0.9695 -0.2451 -0.0000
vn -0.9750 0.2221 -0.0000
vn -0.8867 0.4624 -0.0000
vn 0.9749 -0.2225 -0.0000
vn 0.9691 0.2468 -0.0000
vn 0.8075 -0.5899 -0.0000
vn -0.8075 -0.5899 -0.0000
vn -0.9695 -0.2451 -0.0000
vn -0.4849 0.8746 -0.0000
vn 0.4913 -0.8710 -0.0000
vn 0.8867 0.4624 -0.0000
vn 0.4849 0.8746 -0.0000
vn -0.9691 0.2468 -0.0000
vn -0.9749 -0.2225 -0.0000
vn 0.8038 0.5950 -0.0000
vn 0.8860 -0.4637 -0.0000
vn -0.8038 0.5950 -0.0000
vn -0.8860 -0.4637 -0.0000
vt 0.037467 0.479396
vt 0.962533 0.479396
vt 0.962533 0.462285
vt 0.037467 0.462285
vt 0.494597 0.037467
vt 0.494597 0.962533
vt 0.505403 0.962533
vt 0.505403 0.037467
vt 0.037467 0.412190
vt 0.951606 0.412190
vt 0.951606 0.395079
vt 0.037467 0.395079
vt 0.494597 0.951606
vt 0.505403 0.951606
vt 0.037467 0.350272
vt 0.931501 0.350272
vt 0.931501 0.333162
vt 0.037467 0.333162
vt 0.494597 0.931501
vt 0.505403 0.931501
vt 0.037467 0.272125
vt 0.908225 0.272125
vt 0.908225 0.255014
vt 0.037467 0.255014
vt 0.494597 0.908225
vt 0.505403 0.908225
vt 0.037467 0.524814
vt 0.037467 0.541925
vt 0.962533 0.541925
vt 0.962533 0.524814
vt 0.037467 0.592020
vt 0.037467 0.609131
vt 0.951606 0.609131
vt 0.951606 0.592020
vt 0.037467 0.653938
vt 0.037467 0.671049
vt 0.931500 0.671049
vt 0.931500 0.653938
vt 0.505403 0.931500
vt 0.494597 0.931500
vt 0.037467 0.732085
vt 0.037467 0.749196
vt 0.908225 0.749196
vt 0.908225 0.732085
vt 0.198806 0.078387
vt 0.198806 0.921613
vt 0.212859 0.921613
vt 0.212859 0.078387
vt 0.495563 0.078387
vt 0.495563 0.921613
vt 0.504437 0.921613
vt 0.504437 0.078387
vt 0.388148 0.000000
vt 0.388149 1.000000
vt 0.402201 1.000000
vt 0.402201 0.000000
vt 0.495563 0.000000
vt 0.495563 1.000000
vt 0.504437 1.000000
vt 0.504437 0.000000
vt 0.650115 0.043930
vt 0.650115 0.956070
vt 0.664168 0.956070
vt 0.664168 0.043930
vt 0.495563 0.043930
vt 0.495563 0.956070
vt 0.504437 0.956070
vt 0.504437 0.043930
vt 0.093324 -0.935130
vt 0.093325 -0.994998
vt 0.635601 -0.976985
vt 0.628094 -0.917832
vt 0.093314 -0.935123
vt 0.628093 -0.917830
vt 0.635598 -0.976983
vt 0.093314 -0.994990
vt 0.093314 1.960356
vt -0.923865 1.435674
vt -0.962035 1.473845
vt 0.093314 2.020223
vt 1.179933 1.670865
vt 0.628095 1.943059
vt 0.635601 2.002210
vt 1.203833 1.720145
vt -0.923865 -0.410439
vt 0.093315 -0.935119
vt 0.093316 -0.994985
vt -0.962035 -0.448609
vt -0.962035 1.473845
vt -0.962035 -0.448609
vt -0.923865 -0.410439
vt -0.923865 1.435675
vt 0.628092 1.943064
vt 0.093313 1.960359
vt 0.093313 2.020226
vt 0.635597 2.002216
vt 1.605389 -0.212956
vt 1.797143 0.512615
vt 1.836258 0.512615
vt 1.640775 -0.241572
vt 1.797143 0.512615
vt 1.605389 1.238187
vt 1.640775 1.266802
vt 1.836258 0.512615
vt 1.605390 1.238188
vt 1.179933 1.670869
vt 1.203833 1.720151
vt 1.640776 1.266803
vt 0.628096 -0.917828
vt 1.179931 -0.645631
vt 1.203830 -0.694912
vt 0.635602 -0.976980
vt 1.179933 -0.645632
vt 1.605389 -0.212957
vt 1.640775 -0.241572
vt 1.203832 -0.694914
vt 0.093314 1.960363
vt 0.093315 2.020232
vt -0.962035 1.473845
vt -0.923865 1.435674
vt 1.179934 1.670867
vt 1.203833 1.720148
vt 0.635601 2.002224
vt 0.628096 1.943074
vt -0.923865 -0.410439
vt -0.962035 -0.448610
vt 0.093316 -0.994985
vt 0.093315 -0.935118
vt 0.450344 1.473845
vt 0.450344 -0.448610
vt 0.540961 -0.448610
vt 0.540961 1.473845
vt 0.540961 1.435674
vt 0.540961 -0.410439
vt 0.450344 -0.410439
vt 0.450344 1.435674
vt 0.628089 1.943064
vt 0.635593 2.002213
vt 0.093296 2.020183
vt 0.093298 1.960319
vt 1.605389 -0.212956
vt 1.640775 -0.241572
vt 1.836258 0.512615
vt 1.797143 0.512615
vt 1.797142 0.512615
vt 1.836257 0.512615
vt 1.605389 1.238187
vt 1.605390 1.238187
vt 1.640775 1.266802
vt 1.203834 1.720146
vt 1.179934 1.670866
vt 0.628098 -0.917830
vt 0.635605 -0.976983
vt 1.203834 -0.694913
vt 1.179934 -0.645632
vt 1.179932 -0.645632
vt 1.203831 -0.694913
vt 1.640775 -0.241572
vt 1.605390 -0.212957
vt 0.450344 0.502520
vt 0.540961 0.502520
vt 0.540961 1.225839
vt 0.450344 1.225839
vt 0.450344 0.523527
vt 0.540961 0.523527
vt 0.540961 0.750043
vt 0.450344 0.750043
vt 0.450344 0.166658
vt 0.540961 0.166658
vt 0.540961 -0.854798
vt 0.450344 -0.854798
vt 0.450344 0.536646
vt 0.540961 0.536646
vt 0.540961 0.762689
vt 0.450344 0.762688
vt 0.450344 1.180401
vt 0.540961 1.180401
vt 0.540961 1.196977
vt 0.450344 1.196977
vt 0.450344 1.196977
vt 0.540961 1.196977
vt 0.540961 1.180400
vt 0.450344 1.180400
vt 0.450344 0.522710
vt 0.540961 0.522710
vt 0.540961 -0.228653
vt 0.450344 -0.228653
vt 0.450344 -0.324199
vt 0.540961 -0.324199
vt 0.540961 -0.107750
vt 0.450344 -0.107750
vt 0.450344 -0.854798
vt 0.540961 -0.854798
vt 0.540961 0.166658
vt 0.450344 0.166658
vt 0.450344 1.253884
vt 0.540961 1.253884
vt 0.540961 0.502520
vt 0.450344 0.502520
vt 0.450344 0.762689
vt 0.540961 0.762689
vt 0.540961 0.536646
vt 0.450344 0.536646
vt -0.923865 -0.410439
vt -0.962035 -0.448609
vt -0.962035 1.473844
vt 0.450344 1.386389
vt 0.540961 1.386389
vt 0.540961 1.157186
vt 0.450344 1.157186
vt 0.450344 -0.893199
vt 0.540961 -0.893199
vt 0.540961 0.167565
vt 0.450344 0.167565
vt 0.450344 0.750043
vt 0.540961 0.750043
vt 0.540961 0.523527
vt 0.450344 0.523527
vt 0.450344 1.219208
vt 0.540961 1.219208
vt 0.540961 1.192394
vt 0.450344 1.192394
vt 0.450344 1.192394
vt 0.540961 1.192393
vt 0.540961 1.219208
vt 0.450344 1.219208
vt 0.450344 -0.200608
vt 0.540961 -0.200608
vt 0.540961 0.522710
vt 0.450344 0.522710
vt 0.450344 -0.131953
vt 0.540961 -0.131953
vt 0.540961 -0.361146
vt 0.450344 -0.361146
vt 0.450344 0.167565
vt 0.540961 0.167565
vt 0.540961 -0.893199
vt 0.450344 -0.893199
vt -0.926163 -0.423130
vt 1.408655 -0.423130
vt 1.408655 -0.473244
vt -0.926162 -0.473244
vt 0.479829 -0.909742
vt 0.479830 1.425076
vt 0.511476 1.425076
vt 0.511476 -0.909742
vt -0.926163 -0.473244
vt 1.408655 -0.473244
vt 1.408654 -0.423129
vt -0.926163 -0.423130
vt 0.511476 1.425076
vt 0.479830 1.425076
vt -0.926163 1.461909
vt 1.448279 1.461911
vt 1.448282 1.411781
vt -0.926168 1.411817
vt 0.479830 1.464697
vt 0.511476 1.464697
vt -0.926174 1.411815
vt 1.448264 1.411780
vt 1.448268 1.461911
vt -0.926174 1.461907
vt 0.511476 1.464697
vt 0.479830 1.464697
vt -0.516412 1.694641
vt 1.214571 1.694743
vt 1.214573 1.644620
vt -0.516415 1.644537
vt 0.479829 -0.500007
vt 0.479830 1.230997
vt 0.511476 1.230997
vt 0.511476 -0.500007
vt -0.516436 1.644536
vt 1.214579 1.644623
vt 1.214581 1.694746
vt -0.516435 1.694640
vt 0.511476 -0.500007
vt 0.511476 1.230997
vt 0.479829 1.230997
vt 0.479829 -0.500007
vt -0.426130 -0.670397
vt 1.152383 -0.670466
vt 1.152382 -0.720577
vt -0.426130 -0.720513
vt 0.479829 -0.409663
vt 0.479830 1.168825
vt 0.511476 1.168825
vt 0.511476 -0.409663
vt -0.426181 -0.720502
vt 1.152298 -0.720577
vt 1.152301 -0.670467
vt -0.426180 -0.670398
vt 0.511476 -0.409663
vt 0.511476 1.168825
vt 0.479830 1.168825
vt 0.479829 -0.409663
vt 0.116451 0.220406
vt 0.116451 0.779594
vt 0.032947 0.779594
vt 0.032947 0.220406
s 1
usemtl Metal.002
f 2681/3930/1022 2682/3931/1022 2684/3932/1022 2683/3933/1022
f 2683/3934/1023 2684/3935/1023 2688/3936/1023 2687/3937/1023
f 2687/3933/1024 2688/3932/1024 2686/3931/1024 2685/3930/1024
f 2685/3937/1025 2686/3936/1025 2682/3935/1025 2681/3934/1025
f 2689/3938/1022 2690/3939/1022 2692/3940/1022 2691/3941/1022
f 2691/3934/1023 2692/3942/1023 2696/3943/1023 2695/3937/1023
f 2695/3941/1024 2696/3940/1024 2694/3939/1024 2693/3938/1024
f 2693/3937/1025 2694/3943/1025 2690/3942/1025 2689/3934/1025
f 2697/3944/1022 2698/3945/1022 2700/3946/1022 2699/3947/1022
f 2699/3934/1023 2700/3948/1023 2704/3949/1023 2703/3937/1023
f 2703/3947/1024 2704/3946/1024 2702/3945/1024 2701/3944/1024
f 2701/3937/1025 2702/3949/1025 2698/3948/1025 2697/3934/1025
f 2705/3950/1022 2706/3951/1022 2708/3952/1022 2707/3953/1022
f 2707/3934/1023 2708/3954/1023 2712/3955/1023 2711/3937/1023
f 2711/3953/1024 2712/3952/1024 2710/3951/1024 2709/3950/1024
f 2709/3937/1025 2710/3955/1025 2706/3954/1025 2705/3934/1025
f 2713/3956/1022 2715/3957/1022 2716/3958/1022 2714/3959/1022
f 2715/3934/1025 2719/3937/1025 2720/3936/1025 2716/3935/1025
f 2719/3957/1024 2717/3956/1024 2718/3959/1024 2720/3958/1024
f 2717/3937/1023 2713/3934/1023 2714/3935/1023 2718/3936/1023
f 2721/3960/1022 2723/3961/1022 2724/3962/1022 2722/3963/1022
f 2723/3934/1025 2727/3937/1025 2728/3943/1025 2724/3942/1025
f 2727/3961/1024 2725/3960/1024 2726/3963/1024 2728/3962/1024
f 2725/3937/1023 2721/3934/1023 2722/3942/1023 2726/3943/1023
f 2729/3964/1022 2731/3965/1022 2732/3966/1022 2730/3967/1022
f 2731/3934/1025 2735/3937/1025 2736/3968/1025 2732/3969/1025
f 2735/3965/1024 2733/3964/1024 2734/3967/1024 2736/3966/1024
f 2733/3937/1023 2729/3934/1023 2730/3969/1023 2734/3968/1023
f 2737/3970/1022 2739/3971/1022 2740/3972/1022 2738/3973/1022
f 2739/3934/1025 2743/3937/1025 2744/3955/1025 2740/3954/1025
f 2743/3971/1024 2741/3970/1024 2742/3973/1024 2744/3972/1024
f 2741/3937/1023 2737/3934/1023 2738/3954/1023 2742/3955/1023
f 2745/3974/1022 2746/3975/1022 2748/3976/1022 2747/3977/1022
f 2747/3978/1026 2748/3979/1026 2752/3980/1026 2751/3981/1026
f 2751/3977/1024 2752/3976/1024 2750/3975/1024 2749/3974/1024
f 2749/3981/1027 2750/3980/1027 2746/3979/1027 2745/3978/1027
f 2753/3982/1022 2754/3983/1022 2756/3984/1022 2755/3985/1022
f 2755/3986/1026 2756/3987/1026 2760/3988/1026 2759/3989/1026
f 2759/3985/1024 2760/3984/1024 2758/3983/1024 2757/3982/1024
f 2757/3989/1027 2758/3988/1027 2754/3987/1027 2753/3986/1027
f 2761/3990/1022 2762/3991/1022 2764/3992/1022 2763/3993/1022
f 2763/3994/1026 2764/3995/1026 2768/3996/1026 2767/3997/1026
f 2767/3993/1024 2768/3992/1024 2766/3991/1024 2765/3990/1024
f 2765/3997/1027 2766/3996/1027 2762/3995/1027 2761/3994/1027
f 2792/3998/1024 2803/3999/1024 2802/4000/1024 2791/4001/1024
f 2781/4002/1022 2780/4003/1022 2769/4004/1022 2770/4005/1022
f 2783/4006/1022 2782/4007/1022 2771/4008/1022 2772/4009/1022
f 2784/4010/1022 2785/4011/1022 2774/4012/1022 2777/4013/1022
f 2786/4014/1022 2781/4015/1022 2770/4016/1022 2773/4017/1022
f 2804/4018/1024 2808/4019/1024 2797/4020/1024 2793/4021/1024
f 2785/4022/1022 2783/4023/1022 2772/4024/1022 2774/4025/1022
f 2787/4026/1022 2788/4027/1022 2775/4028/1022 2779/4029/1022
f 2788/4030/1022 2789/4031/1022 2776/4032/1022 2775/4033/1022
f 2789/4034/1022 2784/4035/1022 2777/4036/1022 2776/4037/1022
f 2780/4038/1022 2790/4039/1022 2778/4040/1022 2769/4041/1022
f 2790/4042/1022 2787/4043/1022 2779/4044/1022 2778/4045/1022
f 2794/4046/1024 2805/4047/1024 2804/4048/1024 2793/4049/1024
f 2795/4050/1024 2806/4051/1024 2807/4052/1024 2796/4053/1024
f 2797/4054/1024 2808/4055/1024 2803/4056/1024 2792/4057/1024
f 2771/4058/1027 2773/4059/1027 2808/4060/1027 2804/4061/1027
f 2793/4062/1026 2797/4063/1026 2786/4064/1026 2782/4065/1026
f 2796/4066/1024 2807/4067/1024 2805/4068/1024 2794/4069/1024
f 2798/4070/1024 2809/4071/1024 2810/4072/1024 2799/4073/1024
f 2799/4074/1024 2810/4075/1024 2811/4032/1024 2800/4076/1024
f 2800/4077/1024 2811/4078/1024 2806/4079/1024 2795/4080/1024
f 2791/4081/1024 2802/4082/1024 2812/4083/1024 2801/4084/1024
f 2801/4085/1024 2812/4086/1024 2809/4087/1024 2798/4088/1024
f 2788/4089/1027 2799/4090/1027 2800/4091/1028 2789/4092/1028
f 2781/4093/1029 2792/4094/1029 2791/4095/1030 2780/4096/1030
f 2783/4097/1031 2794/4098/1031 2793/4099/1032 2782/4100/1032
f 2772/4101/1033 2805/4102/1033 2807/4103/1034 2774/4104/1034
f 2780/4105/1030 2791/4106/1030 2801/4107/1035 2790/4108/1035
f 2784/4109/1036 2795/4110/1036 2796/4111/1037 2785/4112/1037
f 2775/4113/1026 2810/4114/1026 2809/4115/1038 2779/4116/1038
f 2790/4117/1035 2801/4118/1035 2798/4119/1039 2787/4120/1039
f 2786/4121/1040 2797/4122/1040 2792/4123/1029 2781/4124/1029
f 2776/4125/1041 2811/4126/1041 2810/4127/1026 2775/4128/1026
f 2769/4129/1042 2802/4130/1042 2803/4131/1043 2770/4132/1043
f 2782/4021/1022 2786/4133/1022 2773/4134/1022 2771/4135/1022
f 2777/4136/1044 2806/4137/1044 2811/4138/1041 2776/4139/1041
f 2771/4140/1045 2804/4141/1045 2805/4142/1033 2772/4143/1033
f 2785/4144/1037 2796/4145/1037 2794/4146/1031 2783/4147/1031
f 2778/4148/1046 2812/4149/1046 2802/4150/1042 2769/4151/1042
f 2774/4152/1034 2807/4153/1034 2806/4154/1044 2777/4155/1044
f 2787/4156/1039 2798/4157/1039 2799/4158/1027 2788/4159/1027
f 2779/4160/1038 2809/4161/1038 2812/4162/1046 2778/4163/1046
f 2770/4164/1043 2803/4165/1043 2808/4166/1047 2773/4167/1047
f 2813/4168/1022 2814/4169/1022 2816/4170/1022 2815/4171/1022
f 2815/4172/1023 2816/4173/1023 2820/4174/1023 2819/4175/1023
f 2819/4176/1024 2820/4177/1024 2818/4178/1024 2817/4179/1024
f 2817/4175/1025 2818/4180/1025 2814/4181/1025 2813/4172/1025
f 2821/4182/1022 2822/4183/1022 2824/4184/1022 2823/4185/1022
f 2823/4172/1023 2824/4186/1023 2828/4187/1023 2827/4175/1023
f 2827/4188/1024 2828/4189/1024 2826/4190/1024 2825/4191/1024
f 2825/4175/1025 2826/4192/1025 2822/4193/1025 2821/4172/1025
f 2829/4194/1022 2830/4195/1022 2832/4196/1022 2831/4197/1022
f 2831/4198/1023 2832/4199/1023 2836/4200/1023 2835/4201/1023
f 2835/4202/1024 2836/4203/1024 2834/4204/1024 2833/4205/1024
f 2833/4206/1025 2834/4207/1025 2830/4208/1025 2829/4209/1025
f 2837/4210/1022 2838/4211/1022 2840/4212/1022 2839/4213/1022
f 2839/4214/1023 2840/4215/1023 2844/4216/1023 2843/4217/1023
f 2843/4218/1024 2844/4219/1024 2842/4220/1024 2841/4221/1024
f 2841/4222/1025 2842/4223/1025 2838/4224/1025 2837/4225/1025
f 2800/4226/1028 2795/4227/1036 2784/4228/1036 2789/4229/1028
o SerwersP1_010.mesh.003
v 3.979577 -1.409666 -0.152643
v 3.979577 4.740670 -0.152643
v 3.979577 -1.409666 -0.267659
v 3.979577 4.740670 -0.267659
v 4.020423 -1.409666 -0.152643
v 4.020423 4.740670 -0.152643
v 4.020423 -1.409666 -0.267659
v 4.020423 4.740670 -0.267659
v 3.979577 -1.409666 -0.604387
v 3.979577 4.668023 -0.604387
v 3.979577 -1.409666 -0.719403
v 3.979577 4.668023 -0.719403
v 4.020423 -1.409666 -0.604387
v 4.020423 4.668023 -0.604387
v 4.020423 -1.409666 -0.719403
v 4.020423 4.668023 -0.719403
v 3.979577 -1.409666 -1.020586
v 3.979577 4.534349 -1.020586
v 3.979577 -1.409666 -1.135602
v 3.979577 4.534349 -1.135602
v 4.020423 -1.409666 -1.020586
v 4.020423 4.534349 -1.020586
v 4.020423 -1.409666 -1.135602
v 4.020423 4.534349 -1.135602
v 3.979577 -1.409666 -1.545877
v 3.979577 4.379601 -1.545877
v 3.979577 -1.409666 -1.660892
v 3.979577 4.379601 -1.660892
v 4.020423 -1.409666 -1.545877
v 4.020423 4.379601 -1.545877
v 4.020422 -1.409666 -1.660892
v 4.020422 4.379601 -1.660892
v 3.979577 -1.409666 0.152644
v 3.979577 4.740670 0.152644
v 3.979577 -1.409666 0.267659
v 3.979577 4.740670 0.267660
v 4.020423 -1.409666 0.152644
v 4.020423 4.740670 0.152644
v 4.020423 -1.409666 0.267659
v 4.020423 4.740670 0.267660
v 3.979577 -1.409666 0.604388
v 3.979577 4.668023 0.604388
v 3.979577 -1.409666 0.719403
v 3.979577 4.668023 0.719404
v 4.020423 -1.409666 0.604388
v 4.020423 4.668023 0.604388
v 4.020423 -1.409666 0.719403
v 4.020423 4.668023 0.719404
v 3.979577 -1.409666 1.020587
v 3.979577 4.534348 1.020587
v 3.979577 -1.409666 1.135602
v 3.979577 4.534348 1.135603
v 4.020423 -1.409666 1.020587
v 4.020423 4.534348 1.020587
v 4.020423 -1.409666 1.135602
v 4.020423 4.534348 1.135603
v 3.979577 -1.409666 1.545877
v 3.979577 4.379601 1.545878
v 3.979577 -1.409666 1.660893
v 3.979577 4.379601 1.660893
v 4.020423 -1.409666 1.545877
v 4.020423 4.379601 1.545878
v 4.020423 -1.409666 1.660893
v 4.020423 4.379601 1.660893
v 3.983227 -0.336997 -2.848138
v 3.983227 -0.336997 2.819840
v 3.983227 -0.243566 -2.848138
v 3.983227 -0.243566 2.819840
v 4.016773 -0.336997 -2.848138
v 4.016773 -0.336997 2.819840
v 4.016773 -0.243566 -2.848138
v 4.016773 -0.243566 2.819840
v 3.983227 0.921853 -3.375041
v 3.983227 0.921853 3.346743
v 3.983227 1.015285 -3.375041
v 3.983227 1.015285 3.346743
v 4.016773 0.921853 -3.375041
v 4.016773 0.921853 3.346743
v 4.016773 1.015285 -3.375041
v 4.016773 1.015285 3.346743
v 3.983227 2.663548 -3.079755
v 3.983227 2.663548 3.051456
v 3.983227 2.756979 -3.079755
v 3.983227 2.756979 3.051456
v 4.016773 2.663548 -3.079755
v 4.016773 2.663548 3.051456
v 4.016773 2.756979 -3.079755
v 4.016773 2.756979 3.051456
v 3.941520 2.141193 -3.418745
v 3.941520 0.910172 -3.460063
v 3.941520 -1.485538 2.206086
v 3.941520 0.910172 3.460064
v 3.941520 -1.485538 -2.206086
v 3.941520 2.141192 3.418747
v 3.941520 4.866761 -0.000006
v 3.941520 4.423006 1.730908
v 3.941520 3.431120 2.771373
v 3.941520 3.431120 -2.771370
v 3.941520 4.423006 -1.730919
v 3.941520 2.124155 -3.282986
v 3.941520 0.910172 -3.322664
v 3.941520 -1.398889 2.118482
v 3.941520 0.910172 3.322665
v 3.941520 3.376867 2.658268
v 3.941520 2.124154 3.282989
v 3.941520 -1.398889 -2.118483
v 3.941520 4.342678 -1.665245
v 3.941520 4.777969 -0.000006
v 3.941520 4.342678 1.665235
v 3.941520 3.376867 -2.658266
v 4.058479 2.124155 -3.282986
v 4.058479 0.910172 -3.322664
v 4.058480 -1.398889 2.118482
v 4.058480 0.910172 3.322665
v 4.058480 3.376867 2.658268
v 4.058480 2.124154 3.282989
v 4.058480 -1.398889 -2.118483
v 4.058480 4.342678 -1.665245
v 4.058480 4.777969 -0.000006
v 4.058480 4.342678 1.665235
v 4.058479 3.376867 -2.658266
v 4.058479 2.141193 -3.418745
v 4.058479 0.910172 -3.460063
v 4.058480 -1.485538 2.206086
v 4.058480 0.910172 3.460064
v 4.058480 3.431120 2.771373
v 4.058480 2.141192 3.418747
v 4.058480 -1.485538 -2.206086
v 4.058480 4.423006 -1.730919
v 4.058480 4.866761 -0.000006
v 4.058480 4.423006 1.730908
v 4.058479 3.431120 -2.771370
v 3.979577 -1.404105 -2.147608
v 3.979577 3.896077 -2.147608
v 3.979577 -1.404105 -2.262623
v 3.979577 3.896077 -2.262624
v 4.020422 -1.404105 -2.147608
v 4.020422 3.896077 -2.147608
v 4.020422 -1.404105 -2.262623
v 4.020422 3.896077 -2.262624
v 3.979577 -1.404104 2.178688
v 3.979577 3.986020 2.178688
v 3.979577 -1.404104 2.063673
v 3.979577 3.986020 2.063672
v 4.020423 -1.404104 2.178688
v 4.020423 3.986020 2.178688
v 4.020423 -1.404104 2.063673
v 4.020423 3.986020 2.063672
v 3.979578 -0.473982 2.712954
v 3.979578 3.455506 2.712954
v 3.979577 -0.473982 2.597939
v 3.979577 3.455506 2.597938
v 4.020423 -0.473982 2.712954
v 4.020423 3.455506 2.712954
v 4.020423 -0.473982 2.597939
v 4.020423 3.455506 2.597938
v 3.979577 -0.268895 -2.715272
v 3.979577 3.314372 -2.715272
v 3.979577 -0.268895 -2.830287
v 3.979577 3.314372 -2.830288
v 4.020422 -0.268895 -2.715272
v 4.020422 3.314372 -2.715272
v 4.020422 -0.268895 -2.830287
v 4.020422 3.314372 -2.830288
vn -1.0000 -0.0000 -0.0000
vn -0.0000 -0.0000 -1.0000
vn 1.0000 -0.0000 -0.0000
vn -0.0000 -0.0000 1.0000
vn -0.0000 1.0000 -0.0000
vn -0.0000 -1.0000 -0.0000
vn -0.0000 -0.8710 -0.4913
vn -0.0000 0.2221 0.9750
vn -0.0000 -0.2451 0.9695
vn -0.0000 0.2221 -0.9750
vn -0.0000 0.4624 -0.8867
vn -0.0000 -0.2225 0.9749
vn -0.0000 0.2468 0.9691
vn -0.0000 -0.5899 0.8075
vn -0.0000 -0.5899 -0.8075
vn -0.0000 -0.2451 -0.9695
vn -0.0000 0.8746 -0.4849
vn -0.0000 -0.8710 0.4913
vn -0.0000 0.4624 0.8867
vn -0.0000 0.8746 0.4849
vn -0.0000 0.2468 -0.9691
vn -0.0000 -0.2225 -0.9749
vn -0.0000 0.5950 0.8038
vn -0.0000 -0.4637 0.8860
vn -0.0000 0.5950 -0.8038
vn -0.0000 -0.4637 -0.8860
vt 0.037467 0.479396
vt 0.962533 0.479396
vt 0.962533 0.462285
vt 0.037467 0.462285
vt 0.494597 0.037467
vt 0.494597 0.962533
vt 0.505403 0.962533
vt 0.505403 0.037467
vt 0.037467 0.412190
vt 0.951606 0.412190
vt 0.951606 0.395079
vt 0.037467 0.395079
vt 0.494597 0.951606
vt 0.505403 0.951606
vt 0.037467 0.350272
vt 0.931501 0.350272
vt 0.931501 0.333162
vt 0.037467 0.333162
vt 0.494597 0.931501
vt 0.505403 0.931501
vt 0.037467 0.272125
vt 0.908225 0.272125
vt 0.908225 0.255014
vt 0.037467 0.255014
vt 0.494597 0.908225
vt 0.505403 0.908225
vt 0.037467 0.524814
vt 0.037467 0.541925
vt 0.962533 0.541925
vt 0.962533 0.524814
vt 0.037467 0.592020
vt 0.037467 0.609131
vt 0.951606 0.609131
vt 0.951606 0.592020
vt 0.037467 0.653938
vt 0.037467 0.671049
vt 0.931500 0.671049
vt 0.931500 0.653938
vt 0.505403 0.931500
vt 0.494597 0.931500
vt 0.037467 0.732085
vt 0.037467 0.749196
vt 0.908225 0.749196
vt 0.908225 0.732085
vt 0.198806 0.078387
vt 0.198806 0.921613
vt 0.212859 0.921613
vt 0.212859 0.078387
vt 0.495563 0.078387
vt 0.495563 0.921613
vt 0.504437 0.921613
vt 0.504437 0.078387
vt 0.388148 0.000000
vt 0.388149 1.000000
vt 0.402201 1.000000
vt 0.402201 0.000000
vt 0.495563 0.000000
vt 0.495563 1.000000
vt 0.504437 1.000000
vt 0.504437 0.000000
vt 0.650115 0.043930
vt 0.650115 0.956070
vt 0.664168 0.956070
vt 0.664168 0.043930
vt 0.495563 0.043930
vt 0.495563 0.956070
vt 0.504437 0.956070
vt 0.504437 0.043930
vt 0.093324 -0.935130
vt 0.093325 -0.994998
vt 0.635601 -0.976985
vt 0.628094 -0.917832
vt 0.093314 -0.935123
vt 0.628093 -0.917830
vt 0.635598 -0.976983
vt 0.093314 -0.994990
vt 0.093314 1.960356
vt -0.923865 1.435674
vt -0.962035 1.473845
vt 0.093314 2.020223
vt 1.179933 1.670865
vt 0.628095 1.943059
vt 0.635601 2.002210
vt 1.203833 1.720145
vt -0.923865 -0.410439
vt 0.093315 -0.935119
vt 0.093316 -0.994985
vt -0.962035 -0.448609
vt -0.962035 1.473845
vt -0.962035 -0.448609
vt -0.923865 -0.410439
vt -0.923865 1.435675
vt 0.628092 1.943064
vt 0.093313 1.960359
vt 0.093313 2.020226
vt 0.635597 2.002216
vt 1.605389 -0.212956
vt 1.797143 0.512615
vt 1.836258 0.512615
vt 1.640775 -0.241572
vt 1.797143 0.512615
vt 1.605389 1.238187
vt 1.640775 1.266802
vt 1.836258 0.512615
vt 1.605390 1.238188
vt 1.179933 1.670869
vt 1.203833 1.720151
vt 1.640776 1.266803
vt 0.628096 -0.917828
vt 1.179931 -0.645631
vt 1.203830 -0.694912
vt 0.635602 -0.976980
vt 1.179933 -0.645632
vt 1.605389 -0.212957
vt 1.640775 -0.241572
vt 1.203832 -0.694914
vt 0.093314 1.960363
vt 0.093315 2.020232
vt -0.962035 1.473845
vt -0.923865 1.435674
vt 1.179934 1.670867
vt 1.203833 1.720148
vt 0.635601 2.002224
vt 0.628096 1.943074
vt -0.923865 -0.410439
vt -0.962035 -0.448610
vt 0.093316 -0.994985
vt 0.093315 -0.935118
vt 0.450344 1.473845
vt 0.450344 -0.448610
vt 0.540961 -0.448610
vt 0.540961 1.473845
vt 0.540961 1.435674
vt 0.540961 -0.410439
vt 0.450344 -0.410439
vt 0.450344 1.435674
vt 0.628089 1.943064
vt 0.635593 2.002213
vt 0.093296 2.020183
vt 0.093298 1.960319
vt 1.605389 -0.212956
vt 1.640775 -0.241572
vt 1.836258 0.512615
vt 1.797143 0.512615
vt 1.797142 0.512615
vt 1.836257 0.512615
vt 1.605389 1.238187
vt 1.605390 1.238187
vt 1.640775 1.266802
vt 1.203834 1.720146
vt 1.179934 1.670866
vt 0.628098 -0.917830
vt 0.635605 -0.976983
vt 1.203834 -0.694913
vt 1.179934 -0.645632
vt 1.179932 -0.645632
vt 1.203831 -0.694913
vt 1.640775 -0.241572
vt 1.605390 -0.212957
vt 0.450344 0.502520
vt 0.540961 0.502520
vt 0.540961 1.225839
vt 0.450344 1.225839
vt 0.450344 0.523527
vt 0.540961 0.523527
vt 0.540961 0.750043
vt 0.450344 0.750043
vt 0.450344 0.166658
vt 0.540961 0.166658
vt 0.540961 -0.854798
vt 0.450344 -0.854798
vt 0.450344 0.536646
vt 0.540961 0.536646
vt 0.540961 0.762689
vt 0.450344 0.762688
vt 0.450344 1.180401
vt 0.540961 1.180401
vt 0.540961 1.196977
vt 0.450344 1.196977
vt 0.450344 1.196977
vt 0.540961 1.196977
vt 0.540961 1.180400
vt 0.450344 1.180400
vt 0.450344 0.522710
vt 0.540961 0.522710
vt 0.540961 -0.228653
vt 0.450344 -0.228653
vt 0.450344 -0.324199
vt 0.540961 -0.324199
vt 0.540961 -0.107750
vt 0.450344 -0.107750
vt 0.450344 -0.854798
vt 0.540961 -0.854798
vt 0.540961 0.166658
vt 0.450344 0.166658
vt 0.450344 1.253884
vt 0.540961 1.253884
vt 0.540961 0.502520
vt 0.450344 0.502520
vt 0.450344 0.762689
vt 0.540961 0.762689
vt 0.540961 0.536646
vt 0.450344 0.536646
vt -0.923865 -0.410439
vt -0.962035 -0.448609
vt -0.962035 1.473844
vt 0.450344 1.386389
vt 0.540961 1.386389
vt 0.540961 1.157186
vt 0.450344 1.157186
vt 0.450344 -0.893199
vt 0.540961 -0.893199
vt 0.540961 0.167565
vt 0.450344 0.167565
vt 0.450344 0.750043
vt 0.540961 0.750043
vt 0.540961 0.523527
vt 0.450344 0.523527
vt 0.450344 1.219208
vt 0.540961 1.219208
vt 0.540961 1.192394
vt 0.450344 1.192394
vt 0.450344 1.192394
vt 0.540961 1.192393
vt 0.540961 1.219208
vt 0.450344 1.219208
vt 0.450344 -0.200608
vt 0.540961 -0.200608
vt 0.540961 0.522710
vt 0.450344 0.522710
vt 0.450344 -0.131953
vt 0.540961 -0.131953
vt 0.540961 -0.361146
vt 0.450344 -0.361146
vt 0.450344 0.167565
vt 0.540961 0.167565
vt 0.540961 -0.893199
vt 0.450344 -0.893199
vt -0.926163 -0.423130
vt 1.408655 -0.423130
vt 1.408655 -0.473244
vt -0.926162 -0.473244
vt 0.479829 -0.909742
vt 0.479830 1.425076
vt 0.511476 1.425076
vt 0.511476 -0.909742
vt -0.926163 -0.473244
vt 1.408655 -0.473244
vt 1.408654 -0.423129
vt -0.926163 -0.423130
vt 0.511476 1.425076
vt 0.479830 1.425076
vt -0.926163 1.461909
vt 1.448279 1.461911
vt 1.448282 1.411781
vt -0.926168 1.411817
vt 0.479830 1.464697
vt 0.511476 1.464697
vt -0.926174 1.411815
vt 1.448264 1.411780
vt 1.448268 1.461911
vt -0.926174 1.461907
vt 0.511476 1.464697
vt 0.479830 1.464697
vt -0.516412 1.694641
vt 1.214571 1.694743
vt 1.214573 1.644620
vt -0.516415 1.644537
vt 0.479829 -0.500007
vt 0.479830 1.230997
vt 0.511476 1.230997
vt 0.511476 -0.500007
vt -0.516436 1.644536
vt 1.214579 1.644623
vt 1.214581 1.694746
vt -0.516435 1.694640
vt 0.511476 -0.500007
vt 0.511476 1.230997
vt 0.479829 1.230997
vt 0.479829 -0.500007
vt -0.426130 -0.670397
vt 1.152383 -0.670466
vt 1.152382 -0.720577
vt -0.426130 -0.720513
vt 0.479829 -0.409663
vt 0.479830 1.168825
vt 0.511476 1.168825
vt 0.511476 -0.409663
vt -0.426181 -0.720502
vt 1.152298 -0.720577
vt 1.152301 -0.670467
vt -0.426180 -0.670398
vt 0.511476 -0.409663
vt 0.511476 1.168825
vt 0.479830 1.168825
vt 0.479829 -0.409663
vt 0.116451 0.220406
vt 0.116451 0.779594
vt 0.032947 0.779594
vt 0.032947 0.220406
s 1
usemtl Metal.002
f 2845/4230/1048 2846/4231/1048 2848/4232/1048 2847/4233/1048
f 2847/4234/1049 2848/4235/1049 2852/4236/1049 2851/4237/1049
f 2851/4233/1050 2852/4232/1050 2850/4231/1050 2849/4230/1050
f 2849/4237/1051 2850/4236/1051 2846/4235/1051 2845/4234/1051
f 2853/4238/1048 2854/4239/1048 2856/4240/1048 2855/4241/1048
f 2855/4234/1049 2856/4242/1049 2860/4243/1049 2859/4237/1049
f 2859/4241/1050 2860/4240/1050 2858/4239/1050 2857/4238/1050
f 2857/4237/1051 2858/4243/1051 2854/4242/1051 2853/4234/1051
f 2861/4244/1048 2862/4245/1048 2864/4246/1048 2863/4247/1048
f 2863/4234/1049 2864/4248/1049 2868/4249/1049 2867/4237/1049
f 2867/4247/1050 2868/4246/1050 2866/4245/1050 2865/4244/1050
f 2865/4237/1051 2866/4249/1051 2862/4248/1051 2861/4234/1051
f 2869/4250/1048 2870/4251/1048 2872/4252/1048 2871/4253/1048
f 2871/4234/1049 2872/4254/1049 2876/4255/1049 2875/4237/1049
f 2875/4253/1050 2876/4252/1050 2874/4251/1050 2873/4250/1050
f 2873/4237/1051 2874/4255/1051 2870/4254/1051 2869/4234/1051
f 2877/4256/1048 2879/4257/1048 2880/4258/1048 2878/4259/1048
f 2879/4234/1051 2883/4237/1051 2884/4236/1051 2880/4235/1051
f 2883/4257/1050 2881/4256/1050 2882/4259/1050 2884/4258/1050
f 2881/4237/1049 2877/4234/1049 2878/4235/1049 2882/4236/1049
f 2885/4260/1048 2887/4261/1048 2888/4262/1048 2886/4263/1048
f 2887/4234/1051 2891/4237/1051 2892/4243/1051 2888/4242/1051
f 2891/4261/1050 2889/4260/1050 2890/4263/1050 2892/4262/1050
f 2889/4237/1049 2885/4234/1049 2886/4242/1049 2890/4243/1049
f 2893/4264/1048 2895/4265/1048 2896/4266/1048 2894/4267/1048
f 2895/4234/1051 2899/4237/1051 2900/4268/1051 2896/4269/1051
f 2899/4265/1050 2897/4264/1050 2898/4267/1050 2900/4266/1050
f 2897/4237/1049 2893/4234/1049 2894/4269/1049 2898/4268/1049
f 2901/4270/1048 2903/4271/1048 2904/4272/1048 2902/4273/1048
f 2903/4234/1051 2907/4237/1051 2908/4255/1051 2904/4254/1051
f 2907/4271/1050 2905/4270/1050 2906/4273/1050 2908/4272/1050
f 2905/4237/1049 2901/4234/1049 2902/4254/1049 2906/4255/1049
f 2909/4274/1048 2910/4275/1048 2912/4276/1048 2911/4277/1048
f 2911/4278/1052 2912/4279/1052 2916/4280/1052 2915/4281/1052
f 2915/4277/1050 2916/4276/1050 2914/4275/1050 2913/4274/1050
f 2913/4281/1053 2914/4280/1053 2910/4279/1053 2909/4278/1053
f 2917/4282/1048 2918/4283/1048 2920/4284/1048 2919/4285/1048
f 2919/4286/1052 2920/4287/1052 2924/4288/1052 2923/4289/1052
f 2923/4285/1050 2924/4284/1050 2922/4283/1050 2921/4282/1050
f 2921/4289/1053 2922/4288/1053 2918/4287/1053 2917/4286/1053
f 2925/4290/1048 2926/4291/1048 2928/4292/1048 2927/4293/1048
f 2927/4294/1052 2928/4295/1052 2932/4296/1052 2931/4297/1052
f 2931/4293/1050 2932/4292/1050 2930/4291/1050 2929/4290/1050
f 2929/4297/1053 2930/4296/1053 2926/4295/1053 2925/4294/1053
f 2956/4298/1050 2967/4299/1050 2966/4300/1050 2955/4301/1050
f 2945/4302/1048 2944/4303/1048 2933/4304/1048 2934/4305/1048
f 2947/4306/1048 2946/4307/1048 2935/4308/1048 2936/4309/1048
f 2948/4310/1048 2949/4311/1048 2938/4312/1048 2941/4313/1048
f 2950/4314/1048 2945/4315/1048 2934/4316/1048 2937/4317/1048
f 2968/4318/1050 2972/4319/1050 2961/4320/1050 2957/4321/1050
f 2949/4322/1048 2947/4323/1048 2936/4324/1048 2938/4325/1048
f 2951/4326/1048 2952/4327/1048 2939/4328/1048 2943/4329/1048
f 2952/4330/1048 2953/4331/1048 2940/4332/1048 2939/4333/1048
f 2953/4334/1048 2948/4335/1048 2941/4336/1048 2940/4337/1048
f 2944/4338/1048 2954/4339/1048 2942/4340/1048 2933/4341/1048
f 2954/4342/1048 2951/4343/1048 2943/4344/1048 2942/4345/1048
f 2958/4346/1050 2969/4347/1050 2968/4348/1050 2957/4349/1050
f 2959/4350/1050 2970/4351/1050 2971/4352/1050 2960/4353/1050
f 2961/4354/1050 2972/4355/1050 2967/4356/1050 2956/4357/1050
f 2935/4358/1053 2937/4359/1053 2972/4360/1053 2968/4361/1053
f 2957/4362/1052 2961/4363/1052 2950/4364/1052 2946/4365/1052
f 2960/4366/1050 2971/4367/1050 2969/4368/1050 2958/4369/1050
f 2962/4370/1050 2973/4371/1050 2974/4372/1050 2963/4373/1050
f 2963/4374/1050 2974/4375/1050 2975/4332/1050 2964/4376/1050
f 2964/4377/1050 2975/4378/1050 2970/4379/1050 2959/4380/1050
f 2955/4381/1050 2966/4382/1050 2976/4383/1050 2965/4384/1050
f 2965/4385/1050 2976/4386/1050 2973/4387/1050 2962/4388/1050
f 2952/4389/1053 2963/4390/1053 2964/4391/1054 2953/4392/1054
f 2945/4393/1055 2956/4394/1055 2955/4395/1056 2944/4396/1056
f 2947/4397/1057 2958/4398/1057 2957/4399/1058 2946/4400/1058
f 2936/4401/1059 2969/4402/1059 2971/4403/1060 2938/4404/1060
f 2944/4405/1056 2955/4406/1056 2965/4407/1061 2954/4408/1061
f 2948/4409/1062 2959/4410/1062 2960/4411/1063 2949/4412/1063
f 2939/4413/1052 2974/4414/1052 2973/4415/1064 2943/4416/1064
f 2954/4417/1061 2965/4418/1061 2962/4419/1065 2951/4420/1065
f 2950/4421/1066 2961/4422/1066 2956/4423/1055 2945/4424/1055
f 2940/4425/1067 2975/4426/1067 2974/4427/1052 2939/4428/1052
f 2933/4429/1068 2966/4430/1068 2967/4431/1069 2934/4432/1069
f 2946/4321/1048 2950/4433/1048 2937/4434/1048 2935/4435/1048
f 2941/4436/1070 2970/4437/1070 2975/4438/1067 2940/4439/1067
f 2935/4440/1071 2968/4441/1071 2969/4442/1059 2936/4443/1059
f 2949/4444/1063 2960/4445/1063 2958/4446/1057 2947/4447/1057
f 2942/4448/1072 2976/4449/1072 2966/4450/1068 2933/4451/1068
f 2938/4452/1060 2971/4453/1060 2970/4454/1070 2941/4455/1070
f 2951/4456/1065 2962/4457/1065 2963/4458/1053 2952/4459/1053
f 2943/4460/1064 2973/4461/1064 2976/4462/1072 2942/4463/1072
f 2934/4464/1069 2967/4465/1069 2972/4466/1073 2937/4467/1073
f 2977/4468/1048 2978/4469/1048 2980/4470/1048 2979/4471/1048
f 2979/4472/1049 2980/4473/1049 2984/4474/1049 2983/4475/1049
f 2983/4476/1050 2984/4477/1050 2982/4478/1050 2981/4479/1050
f 2981/4475/1051 2982/4480/1051 2978/4481/1051 2977/4472/1051
f 2985/4482/1048 2986/4483/1048 2988/4484/1048 2987/4485/1048
f 2987/4472/1049 2988/4486/1049 2992/4487/1049 2991/4475/1049
f 2991/4488/1050 2992/4489/1050 2990/4490/1050 2989/4491/1050
f 2989/4475/1051 2990/4492/1051 2986/4493/1051 2985/4472/1051
f 2993/4494/1048 2994/4495/1048 2996/4496/1048 2995/4497/1048
f 2995/4498/1049 2996/4499/1049 3000/4500/1049 2999/4501/1049
f 2999/4502/1050 3000/4503/1050 2998/4504/1050 2997/4505/1050
f 2997/4506/1051 2998/4507/1051 2994/4508/1051 2993/4509/1051
f 3001/4510/1048 3002/4511/1048 3004/4512/1048 3003/4513/1048
f 3003/4514/1049 3004/4515/1049 3008/4516/1049 3007/4517/1049
f 3007/4518/1050 3008/4519/1050 3006/4520/1050 3005/4521/1050
f 3005/4522/1051 3006/4523/1051 3002/4524/1051 3001/4525/1051
f 2964/4526/1054 2959/4527/1062 2948/4528/1062 2953/4529/1054
